2026-08-07 23:38:37,651 [INFO] Activator:177 - 


2026-08-07 23:38:37,653 [INFO] Activator:178 - !SESSION log4j initialized
2026-08-07 23:38:46,878 [ERROR] LogOutputStream:74 - [STDERR_REDIRECT] [Fatal Error] :1:1: ????? ???? ?????? ??????.
2026-08-07 23:38:46,881 [ERROR] LogOutputStream:74 - [STDERR_REDIRECT] 
2026-08-07 23:38:47,807 [ERROR] LogOutputStream:74 - [STDERR_REDIRECT] [Fatal Error] :1:1: ????? ???? ?????? ??????.
2026-08-07 23:38:47,808 [ERROR] LogOutputStream:74 - [STDERR_REDIRECT] 
2026-08-07 23:38:48,786 [ERROR] LogOutputStream:74 - [STDERR_REDIRECT] [Fatal Error] :1:1: ????? ???? ?????? ??????.
2026-08-07 23:38:48,787 [ERROR] LogOutputStream:74 - [STDERR_REDIRECT] 
2026-08-07 23:38:49,778 [ERROR] LogOutputStream:74 - [STDERR_REDIRECT] [Fatal Error] :1:1: ????? ???? ?????? ??????.
2026-08-07 23:38:49,780 [ERROR] LogOutputStream:74 - [STDERR_REDIRECT] 
2026-08-07 23:38:50,770 [ERROR] LogOutputStream:74 - [STDERR_REDIRECT] [Fatal Error] :1:1: ????? ???? ?????? ??????.
2026-08-07 23:38:50,771 [ERROR] LogOutputStream:74 - [STDERR_REDIRECT] 
2026-08-07 23:38:51,772 [ERROR] LogOutputStream:74 - [STDERR_REDIRECT] [Fatal Error] :1:1: ????? ???? ?????? ??????.
2026-08-07 23:38:51,773 [ERROR] LogOutputStream:74 - [STDERR_REDIRECT] 
2026-08-07 23:38:52,770 [ERROR] LogOutputStream:74 - [STDERR_REDIRECT] [Fatal Error] :1:1: ????? ???? ?????? ??????.
2026-08-07 23:38:52,770 [ERROR] LogOutputStream:74 - [STDERR_REDIRECT] 
2026-08-07 23:38:53,775 [ERROR] LogOutputStream:74 - [STDERR_REDIRECT] [Fatal Error] :1:1: ????? ???? ?????? ??????.
2026-08-07 23:38:53,776 [ERROR] LogOutputStream:74 - [STDERR_REDIRECT] 
2026-08-07 23:38:54,777 [ERROR] LogOutputStream:74 - [STDERR_REDIRECT] [Fatal Error] :1:1: ????? ???? ?????? ??????.
2026-08-07 23:38:54,777 [ERROR] LogOutputStream:74 - [STDERR_REDIRECT] 
2026-08-07 23:38:55,777 [ERROR] LogOutputStream:74 - [STDERR_REDIRECT] [Fatal Error] :1:1: ????? ???? ?????? ??????.
2026-08-07 23:38:55,778 [ERROR] LogOutputStream:74 - [STDERR_REDIRECT] 
2026-08-07 23:38:56,781 [ERROR] LogOutputStream:74 - [STDERR_REDIRECT] [Fatal Error] :1:1: ????? ???? ?????? ??????.
2026-08-07 23:38:56,782 [ERROR] LogOutputStream:74 - [STDERR_REDIRECT] 
2026-08-07 23:38:57,772 [ERROR] LogOutputStream:74 - [STDERR_REDIRECT] [Fatal Error] :1:1: ????? ???? ?????? ??????.
2026-08-07 23:38:57,773 [ERROR] LogOutputStream:74 - [STDERR_REDIRECT] 
2026-08-07 23:38:58,769 [ERROR] LogOutputStream:74 - [STDERR_REDIRECT] [Fatal Error] :1:1: ????? ???? ?????? ??????.
2026-08-07 23:38:58,770 [ERROR] LogOutputStream:74 - [STDERR_REDIRECT] 
2026-08-07 23:38:59,774 [ERROR] LogOutputStream:74 - [STDERR_REDIRECT] [Fatal Error] :1:1: ????? ???? ?????? ??????.
2026-08-07 23:38:59,774 [ERROR] LogOutputStream:74 - [STDERR_REDIRECT] 
2026-08-07 23:39:00,775 [ERROR] LogOutputStream:74 - [STDERR_REDIRECT] [Fatal Error] :1:1: ????? ???? ?????? ??????.
2026-08-07 23:39:00,775 [ERROR] LogOutputStream:74 - [STDERR_REDIRECT] 
2026-08-07 23:39:01,783 [ERROR] LogOutputStream:74 - [STDERR_REDIRECT] [Fatal Error] :1:1: ????? ???? ?????? ??????.
2026-08-07 23:39:01,783 [ERROR] LogOutputStream:74 - [STDERR_REDIRECT] 
2026-08-07 23:39:02,778 [ERROR] LogOutputStream:74 - [STDERR_REDIRECT] [Fatal Error] :1:1: ????? ???? ?????? ??????.
2026-08-07 23:39:02,779 [ERROR] LogOutputStream:74 - [STDERR_REDIRECT] 
2026-08-07 23:39:03,779 [ERROR] LogOutputStream:74 - [STDERR_REDIRECT] [Fatal Error] :1:1: ????? ???? ?????? ??????.
2026-08-07 23:39:03,781 [ERROR] LogOutputStream:74 - [STDERR_REDIRECT] 
2026-08-07 23:39:04,760 [ERROR] LogOutputStream:74 - [STDERR_REDIRECT] [Fatal Error] :1:1: ????? ???? ?????? ??????.
2026-08-07 23:39:04,760 [ERROR] LogOutputStream:74 - [STDERR_REDIRECT] 
2026-08-07 23:39:05,769 [ERROR] LogOutputStream:74 - [STDERR_REDIRECT] [Fatal Error] :1:1: ????? ???? ?????? ??????.
2026-08-07 23:39:05,769 [ERROR] LogOutputStream:74 - [STDERR_REDIRECT] 
2026-08-07 23:39:06,779 [ERROR] LogOutputStream:74 - [STDERR_REDIRECT] [Fatal Error] :1:1: ????? ???? ?????? ??????.
2026-08-07 23:39:06,780 [ERROR] LogOutputStream:74 - [STDERR_REDIRECT] 
2026-08-07 23:39:07,776 [ERROR] LogOutputStream:74 - [STDERR_REDIRECT] [Fatal Error] :1:1: ????? ???? ?????? ??????.
2026-08-07 23:39:07,777 [ERROR] LogOutputStream:74 - [STDERR_REDIRECT] 
2026-08-07 23:39:08,779 [ERROR] LogOutputStream:74 - [STDERR_REDIRECT] [Fatal Error] :1:1: ????? ???? ?????? ??????.
2026-08-07 23:39:08,779 [ERROR] LogOutputStream:74 - [STDERR_REDIRECT] 
2026-08-07 23:39:09,776 [ERROR] LogOutputStream:74 - [STDERR_REDIRECT] [Fatal Error] :1:1: ????? ???? ?????? ??????.
2026-08-07 23:39:09,776 [ERROR] LogOutputStream:74 - [STDERR_REDIRECT] 
2026-08-07 23:39:10,778 [ERROR] LogOutputStream:74 - [STDERR_REDIRECT] [Fatal Error] :1:1: ????? ???? ?????? ??????.
2026-08-07 23:39:10,778 [ERROR] LogOutputStream:74 - [STDERR_REDIRECT] 
2026-08-07 23:39:11,679 [INFO] McuFinderGlobals:39 - Set McuFinder mode to 2 (CubeIDE integrated)
2026-08-07 23:39:11,802 [ERROR] LogOutputStream:74 - [STDERR_REDIRECT] [Fatal Error] :1:1: ????? ???? ?????? ??????.
2026-08-07 23:39:11,802 [ERROR] LogOutputStream:74 - [STDERR_REDIRECT] 
2026-08-07 23:39:12,457 [INFO] ApplicationProperties:181 - Using Application install path: C:\ST\STM32CubeIDE_1.7.0\STM32CubeIDE\plugins\com.st.stm32cube.common.mx_6.3.0.202107141111
2026-08-07 23:39:12,479 [INFO] DbMcusXml:74 - Set database path to: C:\ST\STM32CubeIDE_1.7.0\STM32CubeIDE\plugins\com.st.stm32cube.common.mx_6.3.0.202107141111\\db\/mcu/
2026-08-07 23:39:12,484 [INFO] DbBoardsPdsc:56 - Set plugin database path to: C:\ST\STM32CubeIDE_1.7.0\STM32CubeIDE\plugins\com.st.stm32cube.common.mx_6.3.0.202107141111\\db\/plugins/boardmanager/
2026-08-07 23:39:12,485 [INFO] DbMcus:258 - Set plugin images path to: C:\ST\STM32CubeIDE_1.7.0\STM32CubeIDE\plugins\com.st.stm32cube.common.mx_6.3.0.202107141111\\db\/plugins/mcufinder/images/
2026-08-07 23:39:12,485 [INFO] DbBoards:264 - Set plugin images path to: C:\ST\STM32CubeIDE_1.7.0\STM32CubeIDE\plugins\com.st.stm32cube.common.mx_6.3.0.202107141111\\db\/plugins/mcufinder/images/
2026-08-07 23:39:12,489 [INFO] DbExamples:333 - Set plugin images path to: C:\ST\STM32CubeIDE_1.7.0\STM32CubeIDE\plugins\com.st.stm32cube.common.mx_6.3.0.202107141111\\db\/plugins/mcufinder/images/
2026-08-07 23:39:12,501 [INFO] DbMcusAds:119 - Set database path to: C:\Users\yubi2\.stmcufinder\plugins\mcufinder//mcu/
2026-08-07 23:39:12,502 [INFO] DbMcusDocs:110 - Set database path to: C:\Users\yubi2\.stmcufinder\plugins\mcufinder//mcu/
2026-08-07 23:39:12,505 [INFO] DbMcusJson:64 - Set database path to: C:\Users\yubi2\.stmcufinder\plugins\mcufinder//mcu/
2026-08-07 23:39:12,506 [INFO] DbBoardsDocs:110 - Set database path to: C:\Users\yubi2\.stmcufinder\plugins\mcufinder//mcu/
2026-08-07 23:39:12,507 [INFO] DbBoardsJson:57 - Set database path to: C:\Users\yubi2\.stmcufinder\plugins\mcufinder//mcu/
2026-08-07 23:39:12,584 [INFO] CrossReferenceDbSqlite:196 - Set database path to: C:\Users\yubi2\.stmcufinder\plugins\mcufinder//mcu/cs/
2026-08-07 23:39:12,587 [INFO] DbExamplesSqlite:767 - Set database path to: C:\Users\yubi2\.stmcufinder\plugins\mcufinder//mcu/
2026-08-07 23:39:12,696 [INFO] RulesReader:57 - Compatibility file has been processed (242 Rules)
2026-08-07 23:39:12,779 [ERROR] LogOutputStream:74 - [STDERR_REDIRECT] [Fatal Error] :1:1: ????? ???? ?????? ??????.
2026-08-07 23:39:12,779 [ERROR] LogOutputStream:74 - [STDERR_REDIRECT] 
2026-08-07 23:39:12,834 [INFO] DbMcusXml:74 - Set database path to: C:\ST\STM32CubeIDE_1.7.0\STM32CubeIDE\plugins\com.st.stm32cube.common.mx_6.3.0.202107141111\\db\/mcu/
2026-08-07 23:39:12,836 [INFO] DbBoardsPdsc:56 - Set plugin database path to: C:\ST\STM32CubeIDE_1.7.0\STM32CubeIDE\plugins\com.st.stm32cube.common.mx_6.3.0.202107141111\\db\/plugins/boardmanager/
2026-08-07 23:39:12,836 [INFO] DbMcus:258 - Set plugin images path to: C:\ST\STM32CubeIDE_1.7.0\STM32CubeIDE\plugins\com.st.stm32cube.common.mx_6.3.0.202107141111\\db\/plugins/mcufinder/images/
2026-08-07 23:39:12,836 [INFO] DbBoards:264 - Set plugin images path to: C:\ST\STM32CubeIDE_1.7.0\STM32CubeIDE\plugins\com.st.stm32cube.common.mx_6.3.0.202107141111\\db\/plugins/mcufinder/images/
2026-08-07 23:39:12,836 [INFO] DbExamples:333 - Set plugin images path to: C:\ST\STM32CubeIDE_1.7.0\STM32CubeIDE\plugins\com.st.stm32cube.common.mx_6.3.0.202107141111\\db\/plugins/mcufinder/images/
2026-08-07 23:39:12,836 [WARN] DbFile:35 - Overriding database path with different value: C:\Users\yubi2\.stmcufinder\plugins\mcufinder/ => C:\Users\yubi2\.stmcufinder\plugins\mcufinder
2026-08-07 23:39:12,837 [INFO] DbMcusAds:119 - Set database path to: C:\Users\yubi2\.stmcufinder\plugins\mcufinder//mcu/
2026-08-07 23:39:12,837 [WARN] DbFile:35 - Overriding database path with different value: C:\Users\yubi2\.stmcufinder\plugins\mcufinder/ => C:\Users\yubi2\.stmcufinder\plugins\mcufinder
2026-08-07 23:39:12,837 [INFO] DbMcusDocs:110 - Set database path to: C:\Users\yubi2\.stmcufinder\plugins\mcufinder//mcu/
2026-08-07 23:39:12,837 [WARN] DbFile:35 - Overriding database path with different value: C:\Users\yubi2\.stmcufinder\plugins\mcufinder/ => C:\Users\yubi2\.stmcufinder\plugins\mcufinder
2026-08-07 23:39:12,837 [INFO] DbMcusJson:64 - Set database path to: C:\Users\yubi2\.stmcufinder\plugins\mcufinder//mcu/
2026-08-07 23:39:12,837 [WARN] DbFile:35 - Overriding database path with different value: C:\Users\yubi2\.stmcufinder\plugins\mcufinder/ => C:\Users\yubi2\.stmcufinder\plugins\mcufinder
2026-08-07 23:39:12,837 [INFO] DbBoardsDocs:110 - Set database path to: C:\Users\yubi2\.stmcufinder\plugins\mcufinder//mcu/
2026-08-07 23:39:12,837 [WARN] DbFile:35 - Overriding database path with different value: C:\Users\yubi2\.stmcufinder\plugins\mcufinder/ => C:\Users\yubi2\.stmcufinder\plugins\mcufinder
2026-08-07 23:39:12,837 [INFO] DbBoardsJson:57 - Set database path to: C:\Users\yubi2\.stmcufinder\plugins\mcufinder//mcu/
2026-08-07 23:39:12,838 [WARN] DbFile:35 - Overriding database path with different value: C:\Users\yubi2\.stmcufinder\plugins\mcufinder/ => C:\Users\yubi2\.stmcufinder\plugins\mcufinder
2026-08-07 23:39:12,838 [WARN] DbFile:35 - Overriding database path with different value: C:\Users\yubi2\.stmcufinder\plugins\mcufinder/ => C:\Users\yubi2\.stmcufinder\plugins\mcufinder
2026-08-07 23:39:12,838 [INFO] CrossReferenceDbSqlite:196 - Set database path to: C:\Users\yubi2\.stmcufinder\plugins\mcufinder//mcu/cs/
2026-08-07 23:39:12,838 [WARN] DbFile:35 - Overriding database path with different value: C:\Users\yubi2\.stmcufinder\plugins\mcufinder/ => C:\Users\yubi2\.stmcufinder\plugins\mcufinder
2026-08-07 23:39:12,838 [INFO] DbExamplesSqlite:767 - Set database path to: C:\Users\yubi2\.stmcufinder\plugins\mcufinder//mcu/
2026-08-07 23:39:12,927 [INFO] MainPanel:214 - HeapMemory: 268435456
2026-08-07 23:39:13,051 [INFO] DbMcusXml:74 - Set database path to: C:\ST\STM32CubeIDE_1.7.0\STM32CubeIDE\plugins\com.st.stm32cube.common.mx_6.3.0.202107141111\\db\/mcu/
2026-08-07 23:39:13,051 [INFO] DbBoardsPdsc:56 - Set plugin database path to: C:\ST\STM32CubeIDE_1.7.0\STM32CubeIDE\plugins\com.st.stm32cube.common.mx_6.3.0.202107141111\\db\/plugins/boardmanager/
2026-08-07 23:39:13,051 [INFO] DbMcus:258 - Set plugin images path to: C:\ST\STM32CubeIDE_1.7.0\STM32CubeIDE\plugins\com.st.stm32cube.common.mx_6.3.0.202107141111\\db\/plugins/mcufinder/images/
2026-08-07 23:39:13,052 [INFO] DbBoards:264 - Set plugin images path to: C:\ST\STM32CubeIDE_1.7.0\STM32CubeIDE\plugins\com.st.stm32cube.common.mx_6.3.0.202107141111\\db\/plugins/mcufinder/images/
2026-08-07 23:39:13,052 [INFO] DbExamples:333 - Set plugin images path to: C:\ST\STM32CubeIDE_1.7.0\STM32CubeIDE\plugins\com.st.stm32cube.common.mx_6.3.0.202107141111\\db\/plugins/mcufinder/images/
2026-08-07 23:39:13,052 [WARN] DbFile:35 - Overriding database path with different value: C:\Users\yubi2\.stmcufinder\plugins\mcufinder/ => C:\Users\yubi2\.stmcufinder\plugins\mcufinder
2026-08-07 23:39:13,052 [INFO] DbMcusAds:119 - Set database path to: C:\Users\yubi2\.stmcufinder\plugins\mcufinder//mcu/
2026-08-07 23:39:13,052 [WARN] DbFile:35 - Overriding database path with different value: C:\Users\yubi2\.stmcufinder\plugins\mcufinder/ => C:\Users\yubi2\.stmcufinder\plugins\mcufinder
2026-08-07 23:39:13,052 [INFO] DbMcusDocs:110 - Set database path to: C:\Users\yubi2\.stmcufinder\plugins\mcufinder//mcu/
2026-08-07 23:39:13,052 [WARN] DbFile:35 - Overriding database path with different value: C:\Users\yubi2\.stmcufinder\plugins\mcufinder/ => C:\Users\yubi2\.stmcufinder\plugins\mcufinder
2026-08-07 23:39:13,052 [INFO] DbMcusJson:64 - Set database path to: C:\Users\yubi2\.stmcufinder\plugins\mcufinder//mcu/
2026-08-07 23:39:13,052 [WARN] DbFile:35 - Overriding database path with different value: C:\Users\yubi2\.stmcufinder\plugins\mcufinder/ => C:\Users\yubi2\.stmcufinder\plugins\mcufinder
2026-08-07 23:39:13,052 [INFO] DbBoardsDocs:110 - Set database path to: C:\Users\yubi2\.stmcufinder\plugins\mcufinder//mcu/
2026-08-07 23:39:13,053 [WARN] DbFile:35 - Overriding database path with different value: C:\Users\yubi2\.stmcufinder\plugins\mcufinder/ => C:\Users\yubi2\.stmcufinder\plugins\mcufinder
2026-08-07 23:39:13,053 [INFO] DbBoardsJson:57 - Set database path to: C:\Users\yubi2\.stmcufinder\plugins\mcufinder//mcu/
2026-08-07 23:39:13,053 [WARN] DbFile:35 - Overriding database path with different value: C:\Users\yubi2\.stmcufinder\plugins\mcufinder/ => C:\Users\yubi2\.stmcufinder\plugins\mcufinder
2026-08-07 23:39:13,053 [WARN] DbFile:35 - Overriding database path with different value: C:\Users\yubi2\.stmcufinder\plugins\mcufinder/ => C:\Users\yubi2\.stmcufinder\plugins\mcufinder
2026-08-07 23:39:13,053 [INFO] CrossReferenceDbSqlite:196 - Set database path to: C:\Users\yubi2\.stmcufinder\plugins\mcufinder//mcu/cs/
2026-08-07 23:39:13,054 [WARN] DbFile:35 - Overriding database path with different value: C:\Users\yubi2\.stmcufinder\plugins\mcufinder/ => C:\Users\yubi2\.stmcufinder\plugins\mcufinder
2026-08-07 23:39:13,054 [INFO] DbExamplesSqlite:767 - Set database path to: C:\Users\yubi2\.stmcufinder\plugins\mcufinder//mcu/
2026-08-07 23:39:13,080 [INFO] ApplicationProperties:181 - Using Application install path: C:\ST\STM32CubeIDE_1.7.0\STM32CubeIDE\plugins\com.st.stm32cube.common.mx_6.3.0.202107141111
2026-08-07 23:39:13,082 [INFO] PluginManage:188 - Search for loadable plugins [exclusion list=, ]
2026-08-07 23:39:13,084 [INFO] PluginManage:302 - Check plugin analytics
2026-08-07 23:39:13,282 [INFO] AnalyticsPlugin:257 - Accepted Software Licenses: 
2026-08-07 23:39:13,283 [INFO] AnalyticsPlugin:259 - Accepted CMSIS Pack Licenses: 
2026-08-07 23:39:13,284 [INFO] AnalyticsPlugin:261 - Accepted Firmware Licenses: 
2026-08-07 23:39:13,284 [INFO] PluginManage:352 - Loaded plugin analytics (category:tool,tabindex:-1)
2026-08-07 23:39:13,284 [INFO] PluginManage:302 - Check plugin clock
2026-08-07 23:39:13,299 [INFO] PluginManage:352 - Loaded plugin clock (category:base,tabindex:2)
2026-08-07 23:39:13,299 [INFO] PluginManage:302 - Check plugin ddr
2026-08-07 23:39:13,303 [INFO] PluginManage:352 - Loaded plugin ddr (category:tool,tabindex:6)
2026-08-07 23:39:13,303 [INFO] PluginManage:302 - Check plugin filemanager
2026-08-07 23:39:13,450 [INFO] PluginManage:352 - Loaded plugin filemanager (category:base,tabindex:10)
2026-08-07 23:39:13,451 [INFO] PluginManage:302 - Check plugin ipmanager
2026-08-07 23:39:13,464 [INFO] PluginManage:352 - Loaded plugin ipmanager (category:base,tabindex:5)
2026-08-07 23:39:13,464 [INFO] PluginManage:302 - Check plugin pinoutandconfiguration
2026-08-07 23:39:13,479 [INFO] PluginManage:352 - Loaded plugin pinoutandconfiguration (category:base,tabindex:1)
2026-08-07 23:39:13,479 [INFO] PluginManage:302 - Check plugin pinoutconfig
2026-08-07 23:39:13,521 [INFO] PluginManage:352 - Loaded plugin pinoutconfig (category:base,tabindex:0)
2026-08-07 23:39:13,521 [INFO] PluginManage:302 - Check plugin power
2026-08-07 23:39:13,538 [INFO] PluginManage:352 - Loaded plugin power (category:power,tabindex:4)
2026-08-07 23:39:13,538 [INFO] PluginManage:302 - Check plugin projectmanager
2026-08-07 23:39:13,556 [INFO] PluginManage:352 - Loaded plugin projectmanager (category:projectmanager,tabindex:3)
2026-08-07 23:39:13,556 [INFO] PluginManage:302 - Check plugin thirdparty
2026-08-07 23:39:13,740 [WARN] IntegrityCheckThread:78 - waiting for thirdparty lock release [integrity check]
2026-08-07 23:39:13,742 [INFO] PluginManage:352 - Loaded plugin thirdparty (category:base,tabindex:-1)
2026-08-07 23:39:13,742 [INFO] IntegrityCheckThread:80 - entering critical section [integrity check]
2026-08-07 23:39:13,742 [INFO] PluginManage:302 - Check plugin tools
2026-08-07 23:39:13,743 [INFO] ThirdPartyUpdaterWithRetryManager:66 - Updater plugin not ready yet. [1/15]
2026-08-07 23:39:13,748 [INFO] PluginManage:352 - Loaded plugin tools (category:base,tabindex:7)
2026-08-07 23:39:13,748 [INFO] PluginManage:302 - Check plugin tutovideos
2026-08-07 23:39:13,800 [ERROR] LogOutputStream:74 - [STDERR_REDIRECT] [Fatal Error] :1:1: Premature end of file.
2026-08-07 23:39:13,800 [ERROR] LogOutputStream:74 - [STDERR_REDIRECT] 
2026-08-07 23:39:14,076 [INFO] PluginManage:352 - Loaded plugin tutovideos (category:base,tabindex:-1)
2026-08-07 23:39:14,077 [INFO] PluginManage:302 - Check plugin updater
2026-08-07 23:39:14,096 [INFO] PluginManage:352 - Loaded plugin updater (category:base,tabindex:12)
2026-08-07 23:39:14,097 [INFO] PluginManage:275 - PluginManage : Loaded plugins [13]
2026-08-07 23:39:14,400 [INFO] PinOutPanel:1463 - setPackage(No Configuration,No Configuration)
2026-08-07 23:39:14,553 [INFO] IPUIPlugin:74 - create IPUIPlugin
2026-08-07 23:39:14,553 [INFO] PluginManager:213 - loadIPPluginJar : add adc
2026-08-07 23:39:14,557 [INFO] IPUIPlugin:74 - create IPUIPlugin
2026-08-07 23:39:14,557 [INFO] PluginManager:213 - loadIPPluginJar : add aes
2026-08-07 23:39:14,561 [INFO] IPUIPlugin:74 - create IPUIPlugin
2026-08-07 23:39:14,562 [INFO] PluginManager:213 - loadIPPluginJar : add can
2026-08-07 23:39:14,565 [INFO] IPUIPlugin:74 - create IPUIPlugin
2026-08-07 23:39:14,565 [INFO] PluginManager:213 - loadIPPluginJar : add comp
2026-08-07 23:39:14,568 [INFO] IPUIPlugin:74 - create IPUIPlugin
2026-08-07 23:39:14,568 [INFO] PluginManager:213 - loadIPPluginJar : add cryp
2026-08-07 23:39:14,572 [INFO] IPUIPlugin:74 - create IPUIPlugin
2026-08-07 23:39:14,572 [INFO] PluginManager:213 - loadIPPluginJar : add dfsdm
2026-08-07 23:39:14,581 [INFO] IPUIPlugin:74 - create IPUIPlugin
2026-08-07 23:39:14,582 [INFO] PluginManager:213 - loadIPPluginJar : add dma
2026-08-07 23:39:14,585 [INFO] IPUIPlugin:74 - create IPUIPlugin
2026-08-07 23:39:14,586 [INFO] PluginManager:213 - loadIPPluginJar : add dma3
2026-08-07 23:39:14,588 [INFO] IPUIPlugin:74 - create IPUIPlugin
2026-08-07 23:39:14,588 [INFO] PluginManager:213 - loadIPPluginJar : add fatfs
2026-08-07 23:39:14,595 [INFO] IPUIPlugin:74 - create IPUIPlugin
2026-08-07 23:39:14,595 [INFO] PluginManager:213 - loadIPPluginJar : add fmc
2026-08-07 23:39:14,604 [INFO] IPUIPlugin:74 - create IPUIPlugin
2026-08-07 23:39:14,605 [INFO] PluginManager:213 - loadIPPluginJar : add freertos
2026-08-07 23:39:14,608 [INFO] IPUIPlugin:74 - create IPUIPlugin
2026-08-07 23:39:14,608 [INFO] PluginManager:213 - loadIPPluginJar : add genericplugin
2026-08-07 23:39:14,613 [INFO] IPUIPlugin:74 - create IPUIPlugin
2026-08-07 23:39:14,613 [INFO] PluginManager:213 - loadIPPluginJar : add gfxmmu
2026-08-07 23:39:14,622 [INFO] IPUIPlugin:74 - create IPUIPlugin
2026-08-07 23:39:14,623 [INFO] PluginManager:213 - loadIPPluginJar : add gic
2026-08-07 23:39:14,628 [INFO] IPUIPlugin:74 - create IPUIPlugin
2026-08-07 23:39:14,629 [INFO] PluginManager:213 - loadIPPluginJar : add gpio
2026-08-07 23:39:14,632 [INFO] IPUIPlugin:74 - create IPUIPlugin
2026-08-07 23:39:14,632 [INFO] PluginManager:213 - loadIPPluginJar : add gtzc
2026-08-07 23:39:14,635 [INFO] IPUIPlugin:74 - create IPUIPlugin
2026-08-07 23:39:14,636 [INFO] PluginManager:213 - loadIPPluginJar : add hash
2026-08-07 23:39:14,639 [INFO] IPUIPlugin:74 - create IPUIPlugin
2026-08-07 23:39:14,640 [INFO] PluginManager:213 - loadIPPluginJar : add i2c
2026-08-07 23:39:14,643 [INFO] IPUIPlugin:74 - create IPUIPlugin
2026-08-07 23:39:14,644 [INFO] PluginManager:213 - loadIPPluginJar : add i2s
2026-08-07 23:39:14,648 [INFO] IPUIPlugin:74 - create IPUIPlugin
2026-08-07 23:39:14,648 [INFO] PluginManager:213 - loadIPPluginJar : add ipddr
2026-08-07 23:39:14,656 [INFO] IPUIPlugin:74 - create IPUIPlugin
2026-08-07 23:39:14,657 [INFO] PluginManager:213 - loadIPPluginJar : add linkedlist
2026-08-07 23:39:14,661 [INFO] IPUIPlugin:74 - create IPUIPlugin
2026-08-07 23:39:14,662 [INFO] PluginManager:213 - loadIPPluginJar : add lorawan
2026-08-07 23:39:14,664 [INFO] IPUIPlugin:74 - create IPUIPlugin
2026-08-07 23:39:14,664 [INFO] PluginManager:213 - loadIPPluginJar : add ltdc
2026-08-07 23:39:14,669 [INFO] IPUIPlugin:74 - create IPUIPlugin
2026-08-07 23:39:14,670 [INFO] PluginManager:213 - loadIPPluginJar : add mdma
2026-08-07 23:39:14,674 [INFO] IPUIPlugin:74 - create IPUIPlugin
2026-08-07 23:39:14,674 [INFO] PluginManager:213 - loadIPPluginJar : add nvic
2026-08-07 23:39:14,679 [INFO] IPUIPlugin:74 - create IPUIPlugin
2026-08-07 23:39:14,679 [INFO] PluginManager:213 - loadIPPluginJar : add opamp
2026-08-07 23:39:14,683 [INFO] IPUIPlugin:74 - create IPUIPlugin
2026-08-07 23:39:14,684 [INFO] PluginManager:213 - loadIPPluginJar : add openamp
2026-08-07 23:39:14,688 [INFO] IPUIPlugin:74 - create IPUIPlugin
2026-08-07 23:39:14,688 [INFO] PluginManager:213 - loadIPPluginJar : add pdm2pcm
2026-08-07 23:39:14,697 [INFO] IPUIPlugin:74 - create IPUIPlugin
2026-08-07 23:39:14,699 [INFO] PluginManager:213 - loadIPPluginJar : add plateformsettings
2026-08-07 23:39:14,702 [INFO] IPUIPlugin:74 - create IPUIPlugin
2026-08-07 23:39:14,702 [INFO] PluginManager:213 - loadIPPluginJar : add quadspi
2026-08-07 23:39:14,707 [INFO] IPUIPlugin:74 - create IPUIPlugin
2026-08-07 23:39:14,707 [INFO] PluginManager:213 - loadIPPluginJar : add resmgrutility
2026-08-07 23:39:14,714 [INFO] IPUIPlugin:74 - create IPUIPlugin
2026-08-07 23:39:14,714 [INFO] PluginManager:213 - loadIPPluginJar : add sai
2026-08-07 23:39:14,718 [INFO] IPUIPlugin:74 - create IPUIPlugin
2026-08-07 23:39:14,718 [INFO] PluginManager:213 - loadIPPluginJar : add spi
2026-08-07 23:39:14,725 [INFO] IPUIPlugin:74 - create IPUIPlugin
2026-08-07 23:39:14,726 [INFO] PluginManager:213 - loadIPPluginJar : add stm32_wpan
2026-08-07 23:39:14,731 [INFO] IPUIPlugin:74 - create IPUIPlugin
2026-08-07 23:39:14,731 [INFO] PluginManager:213 - loadIPPluginJar : add tim
2026-08-07 23:39:14,736 [INFO] IPUIPlugin:74 - create IPUIPlugin
2026-08-07 23:39:14,736 [INFO] PluginManager:213 - loadIPPluginJar : add touchsensing
2026-08-07 23:39:14,738 [INFO] IPUIPlugin:74 - create IPUIPlugin
2026-08-07 23:39:14,738 [INFO] PluginManager:213 - loadIPPluginJar : add tracer_emb
2026-08-07 23:39:14,743 [INFO] IPUIPlugin:74 - create IPUIPlugin
2026-08-07 23:39:14,743 [INFO] PluginManager:213 - loadIPPluginJar : add ts
2026-08-07 23:39:14,746 [INFO] IPUIPlugin:74 - create IPUIPlugin
2026-08-07 23:39:14,746 [INFO] PluginManager:213 - loadIPPluginJar : add tsc
2026-08-07 23:39:14,749 [INFO] IPUIPlugin:74 - create IPUIPlugin
2026-08-07 23:39:14,749 [INFO] PluginManager:213 - loadIPPluginJar : add ucpd
2026-08-07 23:39:14,753 [INFO] IPUIPlugin:74 - create IPUIPlugin
2026-08-07 23:39:14,753 [INFO] PluginManager:213 - loadIPPluginJar : add usart
2026-08-07 23:39:14,757 [INFO] IPUIPlugin:74 - create IPUIPlugin
2026-08-07 23:39:14,758 [INFO] PluginManager:213 - loadIPPluginJar : add usbx
2026-08-07 23:39:14,771 [ERROR] LogOutputStream:74 - [STDERR_REDIRECT] [Fatal Error] :1:1: Premature end of file.
2026-08-07 23:39:14,772 [ERROR] LogOutputStream:74 - [STDERR_REDIRECT] 
2026-08-07 23:39:15,093 [FATAL] Updater:294 - Updater called before beeing initialized
2026-08-07 23:39:15,223 [FATAL] Updater:294 - Updater called before beeing initialized
2026-08-07 23:39:15,229 [INFO] DbMcusAds:47 - JSON generation date=Wed Jul 15 18:44:54 KST 2026 (1784108694001)
2026-08-07 23:39:15,230 [FATAL] Updater:294 - Updater called before beeing initialized
2026-08-07 23:39:15,307 [WARN] DetailPanel:314 - Failed to get advertising image, set to default
2026-08-07 23:39:15,413 [FATAL] Updater:294 - Updater called before beeing initialized
2026-08-07 23:39:15,416 [FATAL] Updater:294 - Updater called before beeing initialized
2026-08-07 23:39:15,416 [FATAL] Updater:294 - Updater called before beeing initialized
2026-08-07 23:39:15,416 [WARN] DetailPanel:314 - Failed to get advertising image, set to default
2026-08-07 23:39:15,417 [FATAL] Updater:294 - Updater called before beeing initialized
2026-08-07 23:39:15,475 [ERROR] Updater:1075 - MainUpdater not yet initialized. External WinMGr cannot be set.
2026-08-07 23:39:15,479 [INFO] Updater:1012 - Updater Version found : 6.3.0
2026-08-07 23:39:15,506 [INFO] ApplicationProperties:181 - Using Application install path: C:\ST\STM32CubeIDE_1.7.0\STM32CubeIDE\plugins\com.st.stm32cube.common.mx_6.3.0.202107141111
2026-08-07 23:39:15,550 [INFO] MainUpdater:489 - Copy updater definitions from MX database
2026-08-07 23:39:15,774 [ERROR] LogOutputStream:74 - [STDERR_REDIRECT] [Fatal Error] :1:1: Premature end of file.
2026-08-07 23:39:15,775 [ERROR] LogOutputStream:74 - [STDERR_REDIRECT] 
2026-08-07 23:39:16,583 [INFO] MainUpdater:2671 - connection check result : 10
2026-08-07 23:39:16,583 [INFO] MainUpdater:3359 - Updater definition file requires update
2026-08-07 23:39:16,584 [INFO] MainUpdater:265 - Updater Check For Update Now.
2026-08-07 23:39:16,584 [INFO] MicroXplorer:478 - Change Database Version : DB.6.0.30
2026-08-07 23:39:16,751 [WARN] MainUpdater:1122 - Updater busy. Cannot search thirdparties
2026-08-07 23:39:16,751 [INFO] ThirdPartyUpdaterWithRetryManager:92 - Updater plugin is busy. [1/15]
2026-08-07 23:39:16,778 [ERROR] LogOutputStream:74 - [STDERR_REDIRECT] [Fatal Error] :1:1: Premature end of file.
2026-08-07 23:39:16,778 [ERROR] LogOutputStream:74 - [STDERR_REDIRECT] 
2026-08-07 23:39:16,946 [INFO] ServerAccessManage:362 - Download File updaters.zip
2026-08-07 23:39:17,252 [INFO] FileExtend:235 - Unzip File : updaters.zip
2026-08-07 23:39:17,252 [INFO] FileExtend:250 - Standard Zip Deflate
2026-08-07 23:39:17,838 [ERROR] LogOutputStream:74 - [STDERR_REDIRECT] [Fatal Error] :1:1: Premature end of file.
2026-08-07 23:39:17,839 [ERROR] LogOutputStream:74 - [STDERR_REDIRECT] 
2026-08-07 23:39:18,815 [ERROR] LogOutputStream:74 - [STDERR_REDIRECT] [Fatal Error] :1:1: Premature end of file.
2026-08-07 23:39:18,816 [ERROR] LogOutputStream:74 - [STDERR_REDIRECT] 
2026-08-07 23:39:18,905 [INFO] ServerAccessManage:362 - Download File PacksControlFlags.xml
2026-08-07 23:39:19,402 [INFO] ServerAccessManage:362 - Download File cubemx.pidx
2026-08-07 23:39:19,623 [INFO] LoadServerUpdatesThread:339 - End of LoadServerUpdate Thread
2026-08-07 23:39:19,761 [WARN] MainUpdater:1122 - Updater busy. Cannot search thirdparties
2026-08-07 23:39:19,762 [INFO] ThirdPartyUpdaterWithRetryManager:92 - Updater plugin is busy. [2/15]
2026-08-07 23:39:19,815 [ERROR] LogOutputStream:74 - [STDERR_REDIRECT] [Fatal Error] :1:1: Premature end of file.
2026-08-07 23:39:19,815 [ERROR] LogOutputStream:74 - [STDERR_REDIRECT] 
2026-08-07 23:39:19,872 [INFO] CheckServerUpdateThread:112 - End of CheckServer Thread
2026-08-07 23:39:19,931 [INFO] MainUpdater:2671 - connection check result : 10
2026-08-07 23:39:19,954 [INFO] McuFinderGlobals:52 - Set McuFinderConnectedMode to true
2026-08-07 23:39:20,391 [INFO] ServerAccessManage:362 - Download File mcusAds.json._tmp_
2026-08-07 23:39:20,502 [INFO] LoadUrlFilesThread:145 - End of LoadUrlFiles Thread
2026-08-07 23:39:20,797 [ERROR] LogOutputStream:74 - [STDERR_REDIRECT] [Fatal Error] :1:1: Premature end of file.
2026-08-07 23:39:20,797 [ERROR] LogOutputStream:74 - [STDERR_REDIRECT] 
2026-08-07 23:39:21,782 [ERROR] LogOutputStream:74 - [STDERR_REDIRECT] [Fatal Error] :1:1: Premature end of file.
2026-08-07 23:39:21,782 [ERROR] LogOutputStream:74 - [STDERR_REDIRECT] 
2026-08-07 23:39:22,763 [WARN] MainUpdater:1122 - Updater busy. Cannot search thirdparties
2026-08-07 23:39:22,764 [INFO] ThirdPartyUpdaterWithRetryManager:92 - Updater plugin is busy. [3/15]
2026-08-07 23:39:22,788 [ERROR] LogOutputStream:74 - [STDERR_REDIRECT] [Fatal Error] :1:1: Premature end of file.
2026-08-07 23:39:22,790 [ERROR] LogOutputStream:74 - [STDERR_REDIRECT] 
2026-08-07 23:39:23,778 [ERROR] LogOutputStream:74 - [STDERR_REDIRECT] [Fatal Error] :1:1: Premature end of file.
2026-08-07 23:39:23,778 [ERROR] LogOutputStream:74 - [STDERR_REDIRECT] 
2026-08-07 23:39:24,776 [ERROR] LogOutputStream:74 - [STDERR_REDIRECT] [Fatal Error] :1:1: Premature end of file.
2026-08-07 23:39:24,776 [ERROR] LogOutputStream:74 - [STDERR_REDIRECT] 
2026-08-07 23:39:25,769 [WARN] MainUpdater:1122 - Updater busy. Cannot search thirdparties
2026-08-07 23:39:25,769 [INFO] ThirdPartyUpdaterWithRetryManager:92 - Updater plugin is busy. [4/15]
2026-08-07 23:39:25,786 [ERROR] LogOutputStream:74 - [STDERR_REDIRECT] [Fatal Error] :1:1: Premature end of file.
2026-08-07 23:39:25,786 [ERROR] LogOutputStream:74 - [STDERR_REDIRECT] 
2026-08-07 23:39:26,771 [ERROR] LogOutputStream:74 - [STDERR_REDIRECT] [Fatal Error] :1:1: Premature end of file.
2026-08-07 23:39:26,772 [ERROR] LogOutputStream:74 - [STDERR_REDIRECT] 
2026-08-07 23:39:27,781 [ERROR] LogOutputStream:74 - [STDERR_REDIRECT] [Fatal Error] :1:1: Premature end of file.
2026-08-07 23:39:27,781 [ERROR] LogOutputStream:74 - [STDERR_REDIRECT] 
2026-08-07 23:39:28,779 [WARN] MainUpdater:1122 - Updater busy. Cannot search thirdparties
2026-08-07 23:39:28,779 [INFO] ThirdPartyUpdaterWithRetryManager:92 - Updater plugin is busy. [5/15]
2026-08-07 23:39:28,780 [ERROR] LogOutputStream:74 - [STDERR_REDIRECT] [Fatal Error] :1:1: Premature end of file.
2026-08-07 23:39:28,781 [ERROR] LogOutputStream:74 - [STDERR_REDIRECT] 
2026-08-07 23:39:29,809 [ERROR] LogOutputStream:74 - [STDERR_REDIRECT] [Fatal Error] :1:1: Premature end of file.
2026-08-07 23:39:29,809 [ERROR] LogOutputStream:74 - [STDERR_REDIRECT] 
2026-08-07 23:39:30,823 [ERROR] LogOutputStream:74 - [STDERR_REDIRECT] [Fatal Error] :1:1: Premature end of file.
2026-08-07 23:39:30,823 [ERROR] LogOutputStream:74 - [STDERR_REDIRECT] 
2026-08-07 23:39:31,784 [WARN] MainUpdater:1122 - Updater busy. Cannot search thirdparties
2026-08-07 23:39:31,784 [INFO] ThirdPartyUpdaterWithRetryManager:92 - Updater plugin is busy. [6/15]
2026-08-07 23:39:31,804 [ERROR] LogOutputStream:74 - [STDERR_REDIRECT] [Fatal Error] :1:1: Premature end of file.
2026-08-07 23:39:31,804 [ERROR] LogOutputStream:74 - [STDERR_REDIRECT] 
2026-08-07 23:39:32,810 [ERROR] LogOutputStream:74 - [STDERR_REDIRECT] [Fatal Error] :1:1: Premature end of file.
2026-08-07 23:39:32,812 [ERROR] LogOutputStream:74 - [STDERR_REDIRECT] 
2026-08-07 23:39:33,795 [ERROR] LogOutputStream:74 - [STDERR_REDIRECT] [Fatal Error] :1:1: Premature end of file.
2026-08-07 23:39:33,796 [ERROR] LogOutputStream:74 - [STDERR_REDIRECT] 
2026-08-07 23:39:34,785 [WARN] MainUpdater:1122 - Updater busy. Cannot search thirdparties
2026-08-07 23:39:34,785 [INFO] ThirdPartyUpdaterWithRetryManager:92 - Updater plugin is busy. [7/15]
2026-08-07 23:39:34,798 [ERROR] LogOutputStream:74 - [STDERR_REDIRECT] [Fatal Error] :1:1: Premature end of file.
2026-08-07 23:39:34,798 [ERROR] LogOutputStream:74 - [STDERR_REDIRECT] 
2026-08-07 23:39:35,802 [ERROR] LogOutputStream:74 - [STDERR_REDIRECT] [Fatal Error] :1:1: Premature end of file.
2026-08-07 23:39:35,803 [ERROR] LogOutputStream:74 - [STDERR_REDIRECT] 
2026-08-07 23:39:36,816 [ERROR] LogOutputStream:74 - [STDERR_REDIRECT] [Fatal Error] :1:1: Premature end of file.
2026-08-07 23:39:36,816 [ERROR] LogOutputStream:74 - [STDERR_REDIRECT] 
2026-08-07 23:39:37,777 [ERROR] LogOutputStream:74 - [STDERR_REDIRECT] [Fatal Error] :1:1: Premature end of file.
2026-08-07 23:39:37,778 [ERROR] LogOutputStream:74 - [STDERR_REDIRECT] 
2026-08-07 23:39:37,799 [WARN] MainUpdater:1122 - Updater busy. Cannot search thirdparties
2026-08-07 23:39:37,799 [INFO] ThirdPartyUpdaterWithRetryManager:92 - Updater plugin is busy. [8/15]
2026-08-07 23:39:38,771 [ERROR] LogOutputStream:74 - [STDERR_REDIRECT] [Fatal Error] :1:1: Premature end of file.
2026-08-07 23:39:38,773 [ERROR] LogOutputStream:74 - [STDERR_REDIRECT] 
2026-08-07 23:39:39,801 [ERROR] LogOutputStream:74 - [STDERR_REDIRECT] [Fatal Error] :1:1: Premature end of file.
2026-08-07 23:39:39,801 [ERROR] LogOutputStream:74 - [STDERR_REDIRECT] 
2026-08-07 23:39:40,800 [ERROR] LogOutputStream:74 - [STDERR_REDIRECT] [Fatal Error] :1:1: Premature end of file.
2026-08-07 23:39:40,801 [ERROR] LogOutputStream:74 - [STDERR_REDIRECT] 
2026-08-07 23:39:40,810 [WARN] MainUpdater:1122 - Updater busy. Cannot search thirdparties
2026-08-07 23:39:40,810 [INFO] ThirdPartyUpdaterWithRetryManager:92 - Updater plugin is busy. [9/15]
2026-08-07 23:39:40,811 [ERROR] ServerAccessManage:1016 - HTTP unexpected response (522) for https://stmcufinder.com/API/getFiles.php?
2026-08-07 23:39:40,812 [ERROR] ServerAccessManage:531 - Error during Access to HTTP Server. : mcusDocs.json._tmp_.
2026-08-07 23:39:41,775 [ERROR] LogOutputStream:74 - [STDERR_REDIRECT] [Fatal Error] :1:1: Premature end of file.
2026-08-07 23:39:41,775 [ERROR] LogOutputStream:74 - [STDERR_REDIRECT] 
2026-08-07 23:39:42,776 [ERROR] LogOutputStream:74 - [STDERR_REDIRECT] [Fatal Error] :1:1: Premature end of file.
2026-08-07 23:39:42,776 [ERROR] LogOutputStream:74 - [STDERR_REDIRECT] 
2026-08-07 23:39:43,799 [ERROR] LogOutputStream:74 - [STDERR_REDIRECT] [Fatal Error] :1:1: Premature end of file.
2026-08-07 23:39:43,800 [ERROR] LogOutputStream:74 - [STDERR_REDIRECT] 
2026-08-07 23:39:43,824 [WARN] MainUpdater:1122 - Updater busy. Cannot search thirdparties
2026-08-07 23:39:43,825 [INFO] ThirdPartyUpdaterWithRetryManager:92 - Updater plugin is busy. [10/15]
2026-08-07 23:39:44,787 [ERROR] LogOutputStream:74 - [STDERR_REDIRECT] [Fatal Error] :1:1: Premature end of file.
2026-08-07 23:39:44,787 [ERROR] LogOutputStream:74 - [STDERR_REDIRECT] 
2026-08-07 23:39:45,772 [ERROR] LogOutputStream:74 - [STDERR_REDIRECT] [Fatal Error] :1:1: Premature end of file.
2026-08-07 23:39:45,773 [ERROR] LogOutputStream:74 - [STDERR_REDIRECT] 
2026-08-07 23:39:46,776 [ERROR] LogOutputStream:74 - [STDERR_REDIRECT] [Fatal Error] :1:1: Premature end of file.
2026-08-07 23:39:46,777 [ERROR] LogOutputStream:74 - [STDERR_REDIRECT] 
2026-08-07 23:39:46,839 [WARN] MainUpdater:1122 - Updater busy. Cannot search thirdparties
2026-08-07 23:39:46,839 [INFO] ThirdPartyUpdaterWithRetryManager:92 - Updater plugin is busy. [11/15]
2026-08-07 23:39:47,797 [ERROR] LogOutputStream:74 - [STDERR_REDIRECT] [Fatal Error] :1:1: Premature end of file.
2026-08-07 23:39:47,798 [ERROR] LogOutputStream:74 - [STDERR_REDIRECT] 
2026-08-07 23:39:48,787 [ERROR] LogOutputStream:74 - [STDERR_REDIRECT] [Fatal Error] :1:1: Premature end of file.
2026-08-07 23:39:48,788 [ERROR] LogOutputStream:74 - [STDERR_REDIRECT] 
2026-08-07 23:39:49,782 [ERROR] LogOutputStream:74 - [STDERR_REDIRECT] [Fatal Error] :1:1: Premature end of file.
2026-08-07 23:39:49,783 [ERROR] LogOutputStream:74 - [STDERR_REDIRECT] 
2026-08-07 23:39:49,848 [WARN] MainUpdater:1122 - Updater busy. Cannot search thirdparties
2026-08-07 23:39:49,848 [INFO] ThirdPartyUpdaterWithRetryManager:92 - Updater plugin is busy. [12/15]
2026-08-07 23:39:50,836 [ERROR] LogOutputStream:74 - [STDERR_REDIRECT] [Fatal Error] :1:1: Premature end of file.
2026-08-07 23:39:50,836 [ERROR] LogOutputStream:74 - [STDERR_REDIRECT] 
2026-08-07 23:39:51,783 [ERROR] LogOutputStream:74 - [STDERR_REDIRECT] [Fatal Error] :1:1: Premature end of file.
2026-08-07 23:39:51,783 [ERROR] LogOutputStream:74 - [STDERR_REDIRECT] 
2026-08-07 23:39:52,798 [ERROR] LogOutputStream:74 - [STDERR_REDIRECT] [Fatal Error] :1:1: Premature end of file.
2026-08-07 23:39:52,798 [ERROR] LogOutputStream:74 - [STDERR_REDIRECT] 
2026-08-07 23:39:52,854 [WARN] MainUpdater:1122 - Updater busy. Cannot search thirdparties
2026-08-07 23:39:52,854 [INFO] ThirdPartyUpdaterWithRetryManager:92 - Updater plugin is busy. [13/15]
2026-08-07 23:39:53,801 [ERROR] LogOutputStream:74 - [STDERR_REDIRECT] [Fatal Error] :1:1: Premature end of file.
2026-08-07 23:39:53,802 [ERROR] LogOutputStream:74 - [STDERR_REDIRECT] 
2026-08-07 23:39:54,805 [ERROR] LogOutputStream:74 - [STDERR_REDIRECT] [Fatal Error] :1:1: Premature end of file.
2026-08-07 23:39:54,806 [ERROR] LogOutputStream:74 - [STDERR_REDIRECT] 
2026-08-07 23:39:55,785 [ERROR] LogOutputStream:74 - [STDERR_REDIRECT] [Fatal Error] :1:1: Premature end of file.
2026-08-07 23:39:55,786 [ERROR] LogOutputStream:74 - [STDERR_REDIRECT] 
2026-08-07 23:39:55,861 [WARN] MainUpdater:1122 - Updater busy. Cannot search thirdparties
2026-08-07 23:39:55,861 [INFO] ThirdPartyUpdaterWithRetryManager:92 - Updater plugin is busy. [14/15]
2026-08-07 23:39:56,789 [ERROR] LogOutputStream:74 - [STDERR_REDIRECT] [Fatal Error] :1:1: Premature end of file.
2026-08-07 23:39:56,790 [ERROR] LogOutputStream:74 - [STDERR_REDIRECT] 
2026-08-07 23:39:57,785 [ERROR] LogOutputStream:74 - [STDERR_REDIRECT] [Fatal Error] :1:1: Premature end of file.
2026-08-07 23:39:57,785 [ERROR] LogOutputStream:74 - [STDERR_REDIRECT] 
2026-08-07 23:39:58,806 [ERROR] LogOutputStream:74 - [STDERR_REDIRECT] [Fatal Error] :1:1: Premature end of file.
2026-08-07 23:39:58,806 [ERROR] LogOutputStream:74 - [STDERR_REDIRECT] 
2026-08-07 23:39:58,861 [WARN] MainUpdater:1122 - Updater busy. Cannot search thirdparties
2026-08-07 23:39:58,861 [INFO] ThirdPartyUpdaterWithRetryManager:92 - Updater plugin is busy. [15/15]
2026-08-07 23:39:58,861 [ERROR] IntegrityCheckThread:124 - Cannot retrieve database content from updater: error -1
2026-08-07 23:39:58,863 [INFO] ThirdParty:915 - Integrity check success = false
2026-08-07 23:39:58,863 [INFO] IntegrityCheckThread:94 - exiting critical section [integrity check]
2026-08-07 23:39:58,863 [INFO] IntegrityCheckThread:97 - End integrity checks thread
2026-08-07 23:39:59,774 [ERROR] LogOutputStream:74 - [STDERR_REDIRECT] [Fatal Error] :1:1: Premature end of file.
2026-08-07 23:39:59,775 [ERROR] LogOutputStream:74 - [STDERR_REDIRECT] 
2026-08-07 23:40:00,778 [ERROR] LogOutputStream:74 - [STDERR_REDIRECT] [Fatal Error] :1:1: Premature end of file.
2026-08-07 23:40:00,778 [ERROR] LogOutputStream:74 - [STDERR_REDIRECT] 
2026-08-07 23:40:01,776 [ERROR] LogOutputStream:74 - [STDERR_REDIRECT] [Fatal Error] :1:1: Premature end of file.
2026-08-07 23:40:01,777 [ERROR] LogOutputStream:74 - [STDERR_REDIRECT] 
2026-08-07 23:40:02,809 [ERROR] LogOutputStream:74 - [STDERR_REDIRECT] [Fatal Error] :1:1: Premature end of file.
2026-08-07 23:40:02,810 [ERROR] LogOutputStream:74 - [STDERR_REDIRECT] 
2026-08-07 23:40:03,782 [ERROR] LogOutputStream:74 - [STDERR_REDIRECT] [Fatal Error] :1:1: Premature end of file.
2026-08-07 23:40:03,783 [ERROR] LogOutputStream:74 - [STDERR_REDIRECT] 
2026-08-07 23:40:04,776 [ERROR] LogOutputStream:74 - [STDERR_REDIRECT] [Fatal Error] :1:1: Premature end of file.
2026-08-07 23:40:04,776 [ERROR] LogOutputStream:74 - [STDERR_REDIRECT] 
2026-08-07 23:40:05,784 [ERROR] LogOutputStream:74 - [STDERR_REDIRECT] [Fatal Error] :1:1: Premature end of file.
2026-08-07 23:40:05,785 [ERROR] LogOutputStream:74 - [STDERR_REDIRECT] 
2026-08-07 23:40:06,782 [ERROR] LogOutputStream:74 - [STDERR_REDIRECT] [Fatal Error] :1:1: Premature end of file.
2026-08-07 23:40:06,782 [ERROR] LogOutputStream:74 - [STDERR_REDIRECT] 
2026-08-07 23:40:07,781 [ERROR] LogOutputStream:74 - [STDERR_REDIRECT] [Fatal Error] :1:1: Premature end of file.
2026-08-07 23:40:07,782 [ERROR] LogOutputStream:74 - [STDERR_REDIRECT] 
2026-08-07 23:40:08,767 [ERROR] LogOutputStream:74 - [STDERR_REDIRECT] [Fatal Error] :1:1: Premature end of file.
2026-08-07 23:40:08,768 [ERROR] LogOutputStream:74 - [STDERR_REDIRECT] 
2026-08-07 23:40:09,843 [ERROR] LogOutputStream:74 - [STDERR_REDIRECT] [Fatal Error] :1:1: Premature end of file.
2026-08-07 23:40:09,843 [ERROR] LogOutputStream:74 - [STDERR_REDIRECT] 
2026-08-07 23:40:10,838 [ERROR] LogOutputStream:74 - [STDERR_REDIRECT] [Fatal Error] :1:1: Premature end of file.
2026-08-07 23:40:10,839 [ERROR] LogOutputStream:74 - [STDERR_REDIRECT] 
2026-08-07 23:40:11,855 [ERROR] LogOutputStream:74 - [STDERR_REDIRECT] [Fatal Error] :1:1: Premature end of file.
2026-08-07 23:40:11,855 [ERROR] LogOutputStream:74 - [STDERR_REDIRECT] 
2026-08-07 23:40:12,803 [ERROR] LogOutputStream:74 - [STDERR_REDIRECT] [Fatal Error] :1:1: Premature end of file.
2026-08-07 23:40:12,804 [ERROR] LogOutputStream:74 - [STDERR_REDIRECT] 
2026-08-07 23:40:13,849 [ERROR] LogOutputStream:74 - [STDERR_REDIRECT] [Fatal Error] :1:1: Premature end of file.
2026-08-07 23:40:13,850 [ERROR] LogOutputStream:74 - [STDERR_REDIRECT] 
2026-08-07 23:40:14,853 [ERROR] LogOutputStream:74 - [STDERR_REDIRECT] [Fatal Error] :1:1: Premature end of file.
2026-08-07 23:40:14,854 [ERROR] LogOutputStream:74 - [STDERR_REDIRECT] 
2026-08-07 23:40:15,804 [ERROR] LogOutputStream:74 - [STDERR_REDIRECT] [Fatal Error] :1:1: Premature end of file.
2026-08-07 23:40:15,804 [ERROR] LogOutputStream:74 - [STDERR_REDIRECT] 
2026-08-07 23:40:16,815 [ERROR] LogOutputStream:74 - [STDERR_REDIRECT] [Fatal Error] :1:1: Premature end of file.
2026-08-07 23:40:16,815 [ERROR] LogOutputStream:74 - [STDERR_REDIRECT] 
2026-08-07 23:40:17,595 [INFO] LoadUrlFilesThread:145 - End of LoadUrlFiles Thread
2026-08-07 23:40:17,836 [ERROR] LogOutputStream:74 - [STDERR_REDIRECT] [Fatal Error] :1:1: Premature end of file.
2026-08-07 23:40:17,837 [ERROR] LogOutputStream:74 - [STDERR_REDIRECT] 
2026-08-07 23:40:18,822 [ERROR] LogOutputStream:74 - [STDERR_REDIRECT] [Fatal Error] :1:1: Premature end of file.
2026-08-07 23:40:18,823 [ERROR] LogOutputStream:74 - [STDERR_REDIRECT] 
2026-08-07 23:40:19,016 [INFO] DbMcusAds:47 - JSON generation date=Wed Jul 15 18:44:54 KST 2026 (1784108694001)
2026-08-07 23:40:19,040 [INFO] DbMcusDocs:143 - JSON generation date=Mon Jun 07 17:53:21 KST 2021 (1623056001)
2026-08-07 23:40:19,042 [INFO] DbMcusXml:100 - Load MCU database from C:\ST\STM32CubeIDE_1.7.0\STM32CubeIDE\plugins\com.st.stm32cube.common.mx_6.3.0.202107141111\\db\/mcu/families.xml
2026-08-07 23:40:19,798 [ERROR] LogOutputStream:74 - [STDERR_REDIRECT] [Fatal Error] :1:1: Premature end of file.
2026-08-07 23:40:19,799 [ERROR] LogOutputStream:74 - [STDERR_REDIRECT] 
2026-08-07 23:40:20,238 [INFO] DbMcusJson:93 - JSON generation date=Mon Jun 07 17:53:21 KST 2021 (1623056001)
2026-08-07 23:40:20,804 [ERROR] LogOutputStream:74 - [STDERR_REDIRECT] [Fatal Error] :1:1: Premature end of file.
2026-08-07 23:40:20,805 [ERROR] LogOutputStream:74 - [STDERR_REDIRECT] 
2026-08-07 23:40:20,959 [INFO] DbMcus:175 - Found 1951 MCUs (1903 are supported by CubeMX, 1903 are visible in CubeMX)
2026-08-07 23:40:20,960 [INFO] ApiDb:251 - Load user favorites file C:\Users\yubi2/.stm32cubeide/favorites.mcus.txt: 0 item(s)
2026-08-07 23:40:20,961 [INFO] ApiDb:255 - User favorites MCUs=[]
2026-08-07 23:40:20,961 [INFO] DbMcus:187 - Set 0 / 0 favorites MCUs
2026-08-07 23:40:21,374 [INFO] DbMcusDocs:79 - Found 669 MCUs documents
2026-08-07 23:40:21,375 [INFO] ApiDb:276 - Save user favorites file C:\Users\yubi2/.stm32cubeide/favorites.mcus.txt: 0 item(s)
2026-08-07 23:40:21,376 [INFO] ApiDb:280 - User favorites MCUs=[]
2026-08-07 23:40:21,376 [INFO] DbMcusXml:100 - Load MCU database from C:\ST\STM32CubeIDE_1.7.0\STM32CubeIDE\plugins\com.st.stm32cube.common.mx_6.3.0.202107141111\\db\/mcu/families.xml
2026-08-07 23:40:21,816 [ERROR] LogOutputStream:74 - [STDERR_REDIRECT] [Fatal Error] :1:1: Premature end of file.
2026-08-07 23:40:21,817 [ERROR] LogOutputStream:74 - [STDERR_REDIRECT] 
2026-08-07 23:40:22,104 [INFO] DbMcusJson:93 - JSON generation date=Mon Jun 07 17:53:21 KST 2021 (1623056001)
2026-08-07 23:40:22,681 [INFO] DbMcus:175 - Found 1951 MCUs (1903 are supported by CubeMX, 1903 are visible in CubeMX)
2026-08-07 23:40:22,683 [INFO] ApiDb:251 - Load user favorites file C:\Users\yubi2/.stm32cubeide/favorites.mcus.txt: 0 item(s)
2026-08-07 23:40:22,683 [INFO] ApiDb:255 - User favorites MCUs=[]
2026-08-07 23:40:22,684 [INFO] DbMcus:187 - Set 0 / 0 favorites MCUs
2026-08-07 23:40:22,723 [INFO] DbBoardsDocs:143 - JSON generation date=Tue Jun 01 14:52:40 KST 2021 (1622526760)
2026-08-07 23:40:22,744 [INFO] DbBoardsPdsc:90 - Found 25 items
2026-08-07 23:40:22,749 [INFO] DbBoardsPdsc:90 - Found 9 items
2026-08-07 23:40:22,755 [INFO] DbBoardsPdsc:90 - Found 33 items
2026-08-07 23:40:22,758 [INFO] DbBoardsPdsc:90 - Found 1 items
2026-08-07 23:40:22,767 [INFO] DbBoardsPdsc:90 - Found 48 items
2026-08-07 23:40:22,775 [INFO] DbBoardsPdsc:90 - Found 43 items
2026-08-07 23:40:22,779 [INFO] DbBoardsPdsc:90 - Found 2 items
2026-08-07 23:40:22,782 [INFO] DbBoardsPdsc:90 - Found 5 items
2026-08-07 23:40:22,788 [WARN] DbBoardsPdsc:254 - Board STM32H7B3I-DK: unknown feature type=Audio, name=, username=Audio stereo codec with Headphone Amp (CS42L51-CNZ), n=1
2026-08-07 23:40:22,789 [WARN] DbBoardsPdsc:254 - Board STM32H735G-DK: unknown feature type=Audio, name=, username=Audio stereo codec with Headphone Amp (WM8994ECS/R), n=1
2026-08-07 23:40:22,791 [WARN] DbBoardsPdsc:254 - Board STM32H7B3I-EVAL: unknown feature type=Audio, name=, username=Multi-Channel Audio Codec (CS42L51-CNZ), n=1
2026-08-07 23:40:22,791 [WARN] DbBoardsPdsc:254 - Board STM32H7B3I-EVAL: unknown feature type=Meter, name=, username=Power-metering and Temperature-monitoring with sigma-delta modulators, n=1
2026-08-07 23:40:22,791 [WARN] DbBoardsPdsc:254 - Board STM32H7B3I-EVAL: unknown feature type=Motor, name=, username=Motor Control, n=1
2026-08-07 23:40:22,792 [WARN] DbBoardsPdsc:254 - Board STM32U575I-EV: unknown feature type=joystick, name=, username=4-direction joystick with selection button, n=1
2026-08-07 23:40:22,804 [ERROR] LogOutputStream:74 - [STDERR_REDIRECT] [Fatal Error] :1:1: Premature end of file.
2026-08-07 23:40:22,805 [ERROR] LogOutputStream:74 - [STDERR_REDIRECT] 
2026-08-07 23:40:22,813 [INFO] DbBoardsJson:86 - JSON generation date=Tue Jun 01 14:52:40 KST 2021 (1622526760)
2026-08-07 23:40:22,827 [INFO] DbBoards:117 - Found 166 boards (163 are supported by CubeMX)
2026-08-07 23:40:22,835 [INFO] DbBoardsDocs:143 - JSON generation date=Tue Jun 01 14:52:40 KST 2021 (1622526760)
2026-08-07 23:40:22,852 [INFO] DbBoardsDocs:79 - Found 193 boards documents
2026-08-07 23:40:22,852 [WARN] DbBoards:127 - board B-L462E-CELL1 has no document id list !
2026-08-07 23:40:22,853 [WARN] DbBoards:127 - board B-L475E-IOT01A2 has no document id list !
2026-08-07 23:40:22,853 [WARN] DbBoards:127 - board B-U585I-IOT02A has no document id list !
2026-08-07 23:40:22,854 [WARN] DbBoards:127 - board NUCLEO-G0B1RE has no document id list !
2026-08-07 23:40:22,854 [WARN] DbBoards:127 - board NUCLEO-H743ZI has no document id list !
2026-08-07 23:40:22,854 [WARN] DbBoards:127 - board NUCLEO-L4A6ZG has no document id list !
2026-08-07 23:40:22,855 [WARN] DbBoards:127 - board NUCLEO-U575ZI-Q has no document id list !
2026-08-07 23:40:22,855 [WARN] DbBoards:127 - board NUCLEO-WB15CC has no document id list !
2026-08-07 23:40:22,855 [WARN] DbBoards:127 - board NUCLEO-WB55RG has no document id list !
2026-08-07 23:40:22,855 [WARN] DbBoards:127 - board NUCLEO-WL55JC2 has no document id list !
2026-08-07 23:40:22,855 [WARN] DbBoards:127 - board P-NUCLEO-WB55-Nucleo has no document id list !
2026-08-07 23:40:22,855 [WARN] DbBoards:127 - board P-NUCLEO-WB55-USBDongle has no document id list !
2026-08-07 23:40:22,855 [WARN] DbBoards:127 - board STEVAL-BFA001V1B has no document id list !
2026-08-07 23:40:22,855 [WARN] DbBoards:127 - board STEVAL-BFA001V2B has no document id list !
2026-08-07 23:40:22,855 [WARN] DbBoards:127 - board STEVAL-IDP005V1 has no document id list !
2026-08-07 23:40:22,856 [WARN] DbBoards:127 - board STEVAL-IDP005V2 has no document id list !
2026-08-07 23:40:22,856 [WARN] DbBoards:127 - board STEVAL-MKSBOX1V1 has no document id list !
2026-08-07 23:40:22,856 [WARN] DbBoards:127 - board STEVAL-STWINKT1 has no document id list !
2026-08-07 23:40:22,856 [WARN] DbBoards:127 - board STEVAL-STWINKT1B has no document id list !
2026-08-07 23:40:22,856 [WARN] DbBoards:127 - board STM32F401C-DISCO has no document id list !
2026-08-07 23:40:22,857 [WARN] DbBoards:127 - board STM32F769I-DISC1 has no document id list !
2026-08-07 23:40:22,857 [WARN] DbBoards:127 - board STM32G0C1E-EV has no document id list !
2026-08-07 23:40:22,857 [WARN] DbBoards:127 - board STM32G474E-EVAL1 has no document id list !
2026-08-07 23:40:22,858 [WARN] DbBoards:127 - board STM32H743I-EVAL2 has no document id list !
2026-08-07 23:40:22,858 [WARN] DbBoards:127 - board STM32H747I-DISC1 has no document id list !
2026-08-07 23:40:22,858 [WARN] DbBoards:127 - board STM32H753I-EVAL2 has no document id list !
2026-08-07 23:40:22,859 [WARN] DbBoards:127 - board STM32L-DISCOVERY has no document id list !
2026-08-07 23:40:22,859 [WARN] DbBoards:127 - board STM32MP157A-DK1 has no document id list !
2026-08-07 23:40:22,859 [WARN] DbBoards:127 - board STM32MP157D-DK1 has no document id list !
2026-08-07 23:40:22,861 [WARN] DbBoards:127 - board STM32MP157D-EV1 has no document id list !
2026-08-07 23:40:22,861 [WARN] DbBoards:127 - board STM32MP157F-DK2 has no document id list !
2026-08-07 23:40:22,861 [WARN] DbBoards:127 - board STM32MP157F-EV1 has no document id list !
2026-08-07 23:40:22,861 [WARN] DbBoards:127 - board STM32U575I-EV has no document id list !
2026-08-07 23:40:22,861 [WARN] DbBoards:127 - board STM32WB5MM-DK has no document id list !
2026-08-07 23:40:23,783 [ERROR] LogOutputStream:74 - [STDERR_REDIRECT] [Fatal Error] :1:1: Premature end of file.
2026-08-07 23:40:23,783 [ERROR] LogOutputStream:74 - [STDERR_REDIRECT] 
2026-08-07 23:40:24,385 [INFO] ApiDb:251 - Load user favorites file C:\Users\yubi2/.stm32cubeide/favorites.boards.txt: 0 item(s)
2026-08-07 23:40:24,385 [INFO] ApiDb:255 - User favorites Boards=[]
2026-08-07 23:40:24,385 [INFO] DbBoards:206 - Set 0 / 0 favorites Boards
2026-08-07 23:40:24,400 [INFO] DbBoardsDocs:79 - Found 386 boards documents
2026-08-07 23:40:24,401 [INFO] ApiDb:276 - Save user favorites file C:\Users\yubi2/.stm32cubeide/favorites.boards.txt: 0 item(s)
2026-08-07 23:40:24,401 [INFO] ApiDb:280 - User favorites Boards=[]
2026-08-07 23:40:24,406 [INFO] DbBoardsPdsc:90 - Found 25 items
2026-08-07 23:40:24,408 [INFO] DbBoardsPdsc:90 - Found 9 items
2026-08-07 23:40:24,412 [INFO] DbBoardsPdsc:90 - Found 33 items
2026-08-07 23:40:24,415 [INFO] DbBoardsPdsc:90 - Found 1 items
2026-08-07 23:40:24,421 [INFO] DbBoardsPdsc:90 - Found 48 items
2026-08-07 23:40:24,426 [INFO] DbBoardsPdsc:90 - Found 43 items
2026-08-07 23:40:24,427 [INFO] DbBoardsPdsc:90 - Found 2 items
2026-08-07 23:40:24,429 [INFO] DbBoardsPdsc:90 - Found 5 items
2026-08-07 23:40:24,440 [WARN] DbBoardsPdsc:254 - Board STM32H7B3I-DK: unknown feature type=Audio, name=, username=Audio stereo codec with Headphone Amp (CS42L51-CNZ), n=1
2026-08-07 23:40:24,441 [WARN] DbBoardsPdsc:254 - Board STM32H735G-DK: unknown feature type=Audio, name=, username=Audio stereo codec with Headphone Amp (WM8994ECS/R), n=1
2026-08-07 23:40:24,443 [WARN] DbBoardsPdsc:254 - Board STM32H7B3I-EVAL: unknown feature type=Audio, name=, username=Multi-Channel Audio Codec (CS42L51-CNZ), n=1
2026-08-07 23:40:24,443 [WARN] DbBoardsPdsc:254 - Board STM32H7B3I-EVAL: unknown feature type=Meter, name=, username=Power-metering and Temperature-monitoring with sigma-delta modulators, n=1
2026-08-07 23:40:24,443 [WARN] DbBoardsPdsc:254 - Board STM32H7B3I-EVAL: unknown feature type=Motor, name=, username=Motor Control, n=1
2026-08-07 23:40:24,444 [WARN] DbBoardsPdsc:254 - Board STM32U575I-EV: unknown feature type=joystick, name=, username=4-direction joystick with selection button, n=1
2026-08-07 23:40:24,456 [INFO] DbBoardsJson:86 - JSON generation date=Tue Jun 01 14:52:40 KST 2021 (1622526760)
2026-08-07 23:40:24,461 [INFO] DbBoards:117 - Found 166 boards (163 are supported by CubeMX)
2026-08-07 23:40:24,462 [WARN] DbBoards:127 - board B-L462E-CELL1 has no document id list !
2026-08-07 23:40:24,462 [WARN] DbBoards:127 - board B-L475E-IOT01A2 has no document id list !
2026-08-07 23:40:24,462 [WARN] DbBoards:127 - board B-U585I-IOT02A has no document id list !
2026-08-07 23:40:24,463 [WARN] DbBoards:127 - board NUCLEO-G0B1RE has no document id list !
2026-08-07 23:40:24,463 [WARN] DbBoards:127 - board NUCLEO-H743ZI has no document id list !
2026-08-07 23:40:24,463 [WARN] DbBoards:127 - board NUCLEO-L4A6ZG has no document id list !
2026-08-07 23:40:24,463 [WARN] DbBoards:127 - board NUCLEO-U575ZI-Q has no document id list !
2026-08-07 23:40:24,463 [WARN] DbBoards:127 - board NUCLEO-WB15CC has no document id list !
2026-08-07 23:40:24,463 [WARN] DbBoards:127 - board NUCLEO-WB55RG has no document id list !
2026-08-07 23:40:24,463 [WARN] DbBoards:127 - board NUCLEO-WL55JC2 has no document id list !
2026-08-07 23:40:24,463 [WARN] DbBoards:127 - board P-NUCLEO-WB55-Nucleo has no document id list !
2026-08-07 23:40:24,463 [WARN] DbBoards:127 - board P-NUCLEO-WB55-USBDongle has no document id list !
2026-08-07 23:40:24,463 [WARN] DbBoards:127 - board STEVAL-BFA001V1B has no document id list !
2026-08-07 23:40:24,464 [WARN] DbBoards:127 - board STEVAL-BFA001V2B has no document id list !
2026-08-07 23:40:24,464 [WARN] DbBoards:127 - board STEVAL-IDP005V1 has no document id list !
2026-08-07 23:40:24,464 [WARN] DbBoards:127 - board STEVAL-IDP005V2 has no document id list !
2026-08-07 23:40:24,464 [WARN] DbBoards:127 - board STEVAL-MKSBOX1V1 has no document id list !
2026-08-07 23:40:24,464 [WARN] DbBoards:127 - board STEVAL-STWINKT1 has no document id list !
2026-08-07 23:40:24,464 [WARN] DbBoards:127 - board STEVAL-STWINKT1B has no document id list !
2026-08-07 23:40:24,464 [WARN] DbBoards:127 - board STM32F401C-DISCO has no document id list !
2026-08-07 23:40:24,465 [WARN] DbBoards:127 - board STM32F769I-DISC1 has no document id list !
2026-08-07 23:40:24,465 [WARN] DbBoards:127 - board STM32G0C1E-EV has no document id list !
2026-08-07 23:40:24,465 [WARN] DbBoards:127 - board STM32G474E-EVAL1 has no document id list !
2026-08-07 23:40:24,465 [WARN] DbBoards:127 - board STM32H743I-EVAL2 has no document id list !
2026-08-07 23:40:24,465 [WARN] DbBoards:127 - board STM32H747I-DISC1 has no document id list !
2026-08-07 23:40:24,465 [WARN] DbBoards:127 - board STM32H753I-EVAL2 has no document id list !
2026-08-07 23:40:24,465 [WARN] DbBoards:127 - board STM32L-DISCOVERY has no document id list !
2026-08-07 23:40:24,466 [WARN] DbBoards:127 - board STM32MP157A-DK1 has no document id list !
2026-08-07 23:40:24,466 [WARN] DbBoards:127 - board STM32MP157D-DK1 has no document id list !
2026-08-07 23:40:24,466 [WARN] DbBoards:127 - board STM32MP157D-EV1 has no document id list !
2026-08-07 23:40:24,466 [WARN] DbBoards:127 - board STM32MP157F-DK2 has no document id list !
2026-08-07 23:40:24,466 [WARN] DbBoards:127 - board STM32MP157F-EV1 has no document id list !
2026-08-07 23:40:24,466 [WARN] DbBoards:127 - board STM32U575I-EV has no document id list !
2026-08-07 23:40:24,466 [WARN] DbBoards:127 - board STM32WB5MM-DK has no document id list !
2026-08-07 23:40:24,805 [ERROR] LogOutputStream:74 - [STDERR_REDIRECT] [Fatal Error] :1:1: Premature end of file.
2026-08-07 23:40:24,805 [ERROR] LogOutputStream:74 - [STDERR_REDIRECT] 
2026-08-07 23:40:25,673 [INFO] ApiDb:251 - Load user favorites file C:\Users\yubi2/.stm32cubeide/favorites.boards.txt: 0 item(s)
2026-08-07 23:40:25,674 [INFO] ApiDb:255 - User favorites Boards=[]
2026-08-07 23:40:25,674 [INFO] DbBoards:206 - Set 0 / 0 favorites Boards
2026-08-07 23:40:25,676 [ERROR] TargetSelectorAdapter:232 - Unable to refresh data
2026-08-07 23:40:25,790 [ERROR] LogOutputStream:74 - [STDERR_REDIRECT] [Fatal Error] :1:1: Premature end of file.
2026-08-07 23:40:25,792 [ERROR] LogOutputStream:74 - [STDERR_REDIRECT] 
2026-08-07 23:40:26,770 [ERROR] LogOutputStream:74 - [STDERR_REDIRECT] [Fatal Error] :1:1: Premature end of file.
2026-08-07 23:40:26,770 [ERROR] LogOutputStream:74 - [STDERR_REDIRECT] 
2026-08-07 23:40:27,781 [ERROR] LogOutputStream:74 - [STDERR_REDIRECT] [Fatal Error] :1:1: Premature end of file.
2026-08-07 23:40:27,781 [ERROR] LogOutputStream:74 - [STDERR_REDIRECT] 
2026-08-07 23:40:28,784 [ERROR] LogOutputStream:74 - [STDERR_REDIRECT] [Fatal Error] :1:1: Premature end of file.
2026-08-07 23:40:28,784 [ERROR] LogOutputStream:74 - [STDERR_REDIRECT] 
2026-08-07 23:40:29,786 [ERROR] LogOutputStream:74 - [STDERR_REDIRECT] [Fatal Error] :1:1: Premature end of file.
2026-08-07 23:40:29,786 [ERROR] LogOutputStream:74 - [STDERR_REDIRECT] 
2026-08-07 23:40:30,796 [ERROR] LogOutputStream:74 - [STDERR_REDIRECT] [Fatal Error] :1:1: Premature end of file.
2026-08-07 23:40:30,796 [ERROR] LogOutputStream:74 - [STDERR_REDIRECT] 
2026-08-07 23:40:31,796 [ERROR] LogOutputStream:74 - [STDERR_REDIRECT] [Fatal Error] :1:1: Premature end of file.
2026-08-07 23:40:31,797 [ERROR] LogOutputStream:74 - [STDERR_REDIRECT] 
2026-08-07 23:40:32,788 [ERROR] LogOutputStream:74 - [STDERR_REDIRECT] [Fatal Error] :1:1: Premature end of file.
2026-08-07 23:40:32,788 [ERROR] LogOutputStream:74 - [STDERR_REDIRECT] 
2026-08-07 23:40:33,767 [ERROR] LogOutputStream:74 - [STDERR_REDIRECT] [Fatal Error] :1:1: Premature end of file.
2026-08-07 23:40:33,767 [ERROR] LogOutputStream:74 - [STDERR_REDIRECT] 
2026-08-07 23:40:34,772 [ERROR] LogOutputStream:74 - [STDERR_REDIRECT] [Fatal Error] :1:1: Premature end of file.
2026-08-07 23:40:34,772 [ERROR] LogOutputStream:74 - [STDERR_REDIRECT] 
2026-08-07 23:40:35,074 [INFO] MainUpdater:2671 - connection check result : 10
2026-08-07 23:40:35,096 [INFO] McuFinderGlobals:52 - Set McuFinderConnectedMode to false
2026-08-07 23:40:35,232 [INFO] CrossSelectorPresenter:1330 - Cross Selector saved comparison directory: C:\Users\yubi2\.stmcufinder\plugins\mcufinder\mcu\cs_comparisons_mx
2026-08-07 23:40:35,244 [INFO] MultiScanPanel:197 - Auto-refresh data requested => check proxy status ongoing
2026-08-07 23:40:35,244 [INFO] MultiScanPanel:201 - Proxy status is invalid
2026-08-07 23:40:35,248 [INFO] FinderPluginLoader:87 - Searching for filters in installed packs
2026-08-07 23:40:35,753 [INFO] DetailPanel:309 - Set advertising image to C:/Users/yubi2/STM32Cube/Repository/\en.stm32h5cubemxbanner.png
2026-08-07 23:40:35,819 [ERROR] LogOutputStream:74 - [STDERR_REDIRECT] [Fatal Error] :1:1: Premature end of file.
2026-08-07 23:40:35,819 [ERROR] LogOutputStream:74 - [STDERR_REDIRECT] 
2026-08-07 23:40:36,204 [INFO] ToolPreferences:109 - Table McuList, key=mcufinder_cubeide.mculist: column name not found=Commercial Part No
2026-08-07 23:40:36,306 [INFO] ToolPreferences:109 - Table McuList, key=mcufinder_cubeide.mculist: column name not found=Commercial Part No
2026-08-07 23:40:36,408 [INFO] ToolPreferences:109 - Table McuList, key=mcufinder_cubeide.mculist: column name not found=Commercial Part No
2026-08-07 23:40:36,833 [ERROR] LogOutputStream:74 - [STDERR_REDIRECT] [Fatal Error] :1:1: Premature end of file.
2026-08-07 23:40:36,833 [ERROR] LogOutputStream:74 - [STDERR_REDIRECT] 
2026-08-07 23:40:37,769 [ERROR] LogOutputStream:74 - [STDERR_REDIRECT] [Fatal Error] :1:1: Premature end of file.
2026-08-07 23:40:37,770 [ERROR] LogOutputStream:74 - [STDERR_REDIRECT] 
2026-08-07 23:40:38,098 [INFO] FinderAction:95 - Refresh Data: download all database files
2026-08-07 23:40:38,099 [ERROR] FinderAction:110 - Unable to refresh all data
2026-08-07 23:40:38,775 [ERROR] LogOutputStream:74 - [STDERR_REDIRECT] [Fatal Error] :1:1: Premature end of file.
2026-08-07 23:40:38,775 [ERROR] LogOutputStream:74 - [STDERR_REDIRECT] 
2026-08-07 23:40:39,775 [ERROR] LogOutputStream:74 - [STDERR_REDIRECT] [Fatal Error] :1:1: Premature end of file.
2026-08-07 23:40:39,775 [ERROR] LogOutputStream:74 - [STDERR_REDIRECT] 
2026-08-07 23:40:40,581 [INFO] FinderAction:68 - Refresh Data: download all technical documents
2026-08-07 23:40:40,582 [ERROR] FinderAction:81 - Unable to refresh all docs
2026-08-07 23:40:40,806 [ERROR] LogOutputStream:74 - [STDERR_REDIRECT] [Fatal Error] :1:1: Premature end of file.
2026-08-07 23:40:40,807 [ERROR] LogOutputStream:74 - [STDERR_REDIRECT] 
2026-08-07 23:40:41,777 [ERROR] LogOutputStream:74 - [STDERR_REDIRECT] [Fatal Error] :1:1: Premature end of file.
2026-08-07 23:40:41,777 [ERROR] LogOutputStream:74 - [STDERR_REDIRECT] 
2026-08-07 23:40:42,789 [ERROR] LogOutputStream:74 - [STDERR_REDIRECT] [Fatal Error] :1:1: Premature end of file.
2026-08-07 23:40:42,790 [ERROR] LogOutputStream:74 - [STDERR_REDIRECT] 
2026-08-07 23:40:43,778 [ERROR] LogOutputStream:74 - [STDERR_REDIRECT] [Fatal Error] :1:1: Premature end of file.
2026-08-07 23:40:43,780 [ERROR] LogOutputStream:74 - [STDERR_REDIRECT] 
2026-08-07 23:40:44,776 [ERROR] LogOutputStream:74 - [STDERR_REDIRECT] [Fatal Error] :1:1: Premature end of file.
2026-08-07 23:40:44,776 [ERROR] LogOutputStream:74 - [STDERR_REDIRECT] 
2026-08-07 23:40:45,779 [ERROR] LogOutputStream:74 - [STDERR_REDIRECT] [Fatal Error] :1:1: Premature end of file.
2026-08-07 23:40:45,779 [ERROR] LogOutputStream:74 - [STDERR_REDIRECT] 
2026-08-07 23:40:46,781 [ERROR] LogOutputStream:74 - [STDERR_REDIRECT] [Fatal Error] :1:1: Premature end of file.
2026-08-07 23:40:46,781 [ERROR] LogOutputStream:74 - [STDERR_REDIRECT] 
2026-08-07 23:40:47,788 [ERROR] LogOutputStream:74 - [STDERR_REDIRECT] [Fatal Error] :1:1: Premature end of file.
2026-08-07 23:40:47,788 [ERROR] LogOutputStream:74 - [STDERR_REDIRECT] 
2026-08-07 23:40:48,828 [ERROR] LogOutputStream:74 - [STDERR_REDIRECT] [Fatal Error] :1:1: Premature end of file.
2026-08-07 23:40:48,828 [ERROR] LogOutputStream:74 - [STDERR_REDIRECT] 
2026-08-07 23:40:49,816 [ERROR] LogOutputStream:74 - [STDERR_REDIRECT] [Fatal Error] :1:1: Premature end of file.
2026-08-07 23:40:49,816 [ERROR] LogOutputStream:74 - [STDERR_REDIRECT] 
2026-08-07 23:40:50,808 [ERROR] LogOutputStream:74 - [STDERR_REDIRECT] [Fatal Error] :1:1: Premature end of file.
2026-08-07 23:40:50,810 [ERROR] LogOutputStream:74 - [STDERR_REDIRECT] 
2026-08-07 23:40:51,775 [ERROR] LogOutputStream:74 - [STDERR_REDIRECT] [Fatal Error] :1:1: Premature end of file.
2026-08-07 23:40:51,775 [ERROR] LogOutputStream:74 - [STDERR_REDIRECT] 
2026-08-07 23:40:52,781 [ERROR] LogOutputStream:74 - [STDERR_REDIRECT] [Fatal Error] :1:1: Premature end of file.
2026-08-07 23:40:52,783 [ERROR] LogOutputStream:74 - [STDERR_REDIRECT] 
2026-08-07 23:40:53,775 [ERROR] LogOutputStream:74 - [STDERR_REDIRECT] [Fatal Error] :1:1: Premature end of file.
2026-08-07 23:40:53,775 [ERROR] LogOutputStream:74 - [STDERR_REDIRECT] 
2026-08-07 23:40:54,812 [ERROR] LogOutputStream:74 - [STDERR_REDIRECT] [Fatal Error] :1:1: Premature end of file.
2026-08-07 23:40:54,813 [ERROR] LogOutputStream:74 - [STDERR_REDIRECT] 
2026-08-07 23:40:55,007 [ERROR] LogOutputStream:74 - [STDERR_REDIRECT] Exception in thread "AWT-EventQueue-0" java.lang.NullPointerException
2026-08-07 23:40:55,010 [ERROR] LogOutputStream:74 - [STDERR_REDIRECT] 	at com.st.stm32cube.common.mx.targetselector.TargetSelectorAdapter$6.run(TargetSelectorAdapter.java:310)
2026-08-07 23:40:55,011 [ERROR] LogOutputStream:74 - [STDERR_REDIRECT] 	at com.st.stm32cube.common.mx.oss.core.awtswtbridge.AwtEnvironment$2.run(AwtEnvironment.java:166)
2026-08-07 23:40:55,014 [ERROR] LogOutputStream:74 - [STDERR_REDIRECT] 	at java.desktop/java.awt.event.InvocationEvent.dispatch(InvocationEvent.java:313)
2026-08-07 23:40:55,015 [ERROR] LogOutputStream:74 - [STDERR_REDIRECT] 	at java.desktop/java.awt.EventQueue.dispatchEventImpl(EventQueue.java:770)
2026-08-07 23:40:55,016 [ERROR] LogOutputStream:74 - [STDERR_REDIRECT] 	at java.desktop/java.awt.EventQueue$4.run(EventQueue.java:721)
2026-08-07 23:40:55,017 [ERROR] LogOutputStream:74 - [STDERR_REDIRECT] 	at java.desktop/java.awt.EventQueue$4.run(EventQueue.java:715)
2026-08-07 23:40:55,018 [ERROR] LogOutputStream:74 - [STDERR_REDIRECT] 	at java.base/java.security.AccessController.doPrivileged(Native Method)
2026-08-07 23:40:55,020 [ERROR] LogOutputStream:74 - [STDERR_REDIRECT] 	at java.base/java.security.ProtectionDomain$JavaSecurityAccessImpl.doIntersectionPrivilege(ProtectionDomain.java:85)
2026-08-07 23:40:55,021 [ERROR] LogOutputStream:74 - [STDERR_REDIRECT] 	at java.desktop/java.awt.EventQueue.dispatchEvent(EventQueue.java:740)
2026-08-07 23:40:55,024 [ERROR] LogOutputStream:74 - [STDERR_REDIRECT] 	at java.desktop/java.awt.EventDispatchThread.pumpOneEventForFilters(EventDispatchThread.java:203)
2026-08-07 23:40:55,027 [ERROR] LogOutputStream:74 - [STDERR_REDIRECT] 	at java.desktop/java.awt.EventDispatchThread.pumpEventsForFilter(EventDispatchThread.java:124)
2026-08-07 23:40:55,029 [ERROR] LogOutputStream:74 - [STDERR_REDIRECT] 	at java.desktop/java.awt.EventDispatchThread.pumpEventsForHierarchy(EventDispatchThread.java:113)
2026-08-07 23:40:55,030 [ERROR] LogOutputStream:74 - [STDERR_REDIRECT] 	at java.desktop/java.awt.EventDispatchThread.pumpEvents(EventDispatchThread.java:109)
2026-08-07 23:40:55,032 [ERROR] LogOutputStream:74 - [STDERR_REDIRECT] 	at java.desktop/java.awt.EventDispatchThread.pumpEvents(EventDispatchThread.java:101)
2026-08-07 23:40:55,033 [ERROR] LogOutputStream:74 - [STDERR_REDIRECT] 	at java.desktop/java.awt.EventDispatchThread.run(EventDispatchThread.java:90)
2026-08-07 23:40:55,036 [ERROR] LogOutputStream:74 - [STDERR_REDIRECT] Exception in thread "AWT-EventQueue-0" java.lang.NullPointerException
2026-08-07 23:40:55,039 [ERROR] LogOutputStream:74 - [STDERR_REDIRECT] 	at com.st.stm32cube.common.mx.targetselector.TargetSelectorAdapter$6.run(TargetSelectorAdapter.java:310)
2026-08-07 23:40:55,041 [ERROR] LogOutputStream:74 - [STDERR_REDIRECT] 	at com.st.stm32cube.common.mx.oss.core.awtswtbridge.AwtEnvironment$2.run(AwtEnvironment.java:166)
2026-08-07 23:40:55,044 [ERROR] LogOutputStream:74 - [STDERR_REDIRECT] 	at java.desktop/java.awt.event.InvocationEvent.dispatch(InvocationEvent.java:313)
2026-08-07 23:40:55,045 [ERROR] LogOutputStream:74 - [STDERR_REDIRECT] 	at java.desktop/java.awt.EventQueue.dispatchEventImpl(EventQueue.java:770)
2026-08-07 23:40:55,046 [ERROR] LogOutputStream:74 - [STDERR_REDIRECT] 	at java.desktop/java.awt.EventQueue$4.run(EventQueue.java:721)
2026-08-07 23:40:55,047 [ERROR] LogOutputStream:74 - [STDERR_REDIRECT] 	at java.desktop/java.awt.EventQueue$4.run(EventQueue.java:715)
2026-08-07 23:40:55,048 [ERROR] LogOutputStream:74 - [STDERR_REDIRECT] 	at java.base/java.security.AccessController.doPrivileged(Native Method)
2026-08-07 23:40:55,050 [ERROR] LogOutputStream:74 - [STDERR_REDIRECT] 	at java.base/java.security.ProtectionDomain$JavaSecurityAccessImpl.doIntersectionPrivilege(ProtectionDomain.java:85)
2026-08-07 23:40:55,051 [ERROR] LogOutputStream:74 - [STDERR_REDIRECT] 	at java.desktop/java.awt.EventQueue.dispatchEvent(EventQueue.java:740)
2026-08-07 23:40:55,053 [ERROR] LogOutputStream:74 - [STDERR_REDIRECT] 	at java.desktop/java.awt.EventDispatchThread.pumpOneEventForFilters(EventDispatchThread.java:203)
2026-08-07 23:40:55,054 [ERROR] LogOutputStream:74 - [STDERR_REDIRECT] 	at java.desktop/java.awt.EventDispatchThread.pumpEventsForFilter(EventDispatchThread.java:124)
2026-08-07 23:40:55,056 [ERROR] LogOutputStream:74 - [STDERR_REDIRECT] 	at java.desktop/java.awt.EventDispatchThread.pumpEventsForHierarchy(EventDispatchThread.java:113)
2026-08-07 23:40:55,057 [ERROR] LogOutputStream:74 - [STDERR_REDIRECT] 	at java.desktop/java.awt.EventDispatchThread.pumpEvents(EventDispatchThread.java:109)
2026-08-07 23:40:55,060 [ERROR] LogOutputStream:74 - [STDERR_REDIRECT] 	at java.desktop/java.awt.EventDispatchThread.pumpEvents(EventDispatchThread.java:101)
2026-08-07 23:40:55,061 [ERROR] LogOutputStream:74 - [STDERR_REDIRECT] 	at java.desktop/java.awt.EventDispatchThread.run(EventDispatchThread.java:90)
2026-08-07 23:40:55,784 [ERROR] LogOutputStream:74 - [STDERR_REDIRECT] [Fatal Error] :1:1: Premature end of file.
2026-08-07 23:40:55,784 [ERROR] LogOutputStream:74 - [STDERR_REDIRECT] 
2026-08-07 23:40:56,045 [INFO] MainUpdater:2671 - connection check result : 10
2026-08-07 23:40:56,773 [ERROR] LogOutputStream:74 - [STDERR_REDIRECT] [Fatal Error] :1:1: Premature end of file.
2026-08-07 23:40:56,774 [ERROR] LogOutputStream:74 - [STDERR_REDIRECT] 
2026-08-07 23:40:56,993 [INFO] FinderAction:95 - Refresh Data: download all database files
2026-08-07 23:40:56,994 [ERROR] FinderAction:110 - Unable to refresh all data
2026-08-07 23:40:57,799 [ERROR] LogOutputStream:74 - [STDERR_REDIRECT] [Fatal Error] :1:1: Premature end of file.
2026-08-07 23:40:57,800 [ERROR] LogOutputStream:74 - [STDERR_REDIRECT] 
2026-08-07 23:40:58,003 [INFO] FinderAction:68 - Refresh Data: download all technical documents
2026-08-07 23:40:58,005 [ERROR] FinderAction:81 - Unable to refresh all docs
2026-08-07 23:40:58,770 [ERROR] LogOutputStream:74 - [STDERR_REDIRECT] [Fatal Error] :1:1: Premature end of file.
2026-08-07 23:40:58,770 [ERROR] LogOutputStream:74 - [STDERR_REDIRECT] 
2026-08-07 23:40:59,807 [ERROR] LogOutputStream:74 - [STDERR_REDIRECT] [Fatal Error] :1:1: Premature end of file.
2026-08-07 23:40:59,808 [ERROR] LogOutputStream:74 - [STDERR_REDIRECT] 
2026-08-07 23:41:00,809 [ERROR] LogOutputStream:74 - [STDERR_REDIRECT] [Fatal Error] :1:1: Premature end of file.
2026-08-07 23:41:00,810 [ERROR] LogOutputStream:74 - [STDERR_REDIRECT] 
2026-08-07 23:41:01,819 [ERROR] LogOutputStream:74 - [STDERR_REDIRECT] [Fatal Error] :1:1: Premature end of file.
2026-08-07 23:41:01,820 [ERROR] LogOutputStream:74 - [STDERR_REDIRECT] 
2026-08-07 23:41:02,782 [ERROR] LogOutputStream:74 - [STDERR_REDIRECT] [Fatal Error] :1:1: Premature end of file.
2026-08-07 23:41:02,783 [ERROR] LogOutputStream:74 - [STDERR_REDIRECT] 
2026-08-07 23:41:03,806 [ERROR] LogOutputStream:74 - [STDERR_REDIRECT] [Fatal Error] :1:1: Premature end of file.
2026-08-07 23:41:03,806 [ERROR] LogOutputStream:74 - [STDERR_REDIRECT] 
2026-08-07 23:41:04,797 [ERROR] LogOutputStream:74 - [STDERR_REDIRECT] [Fatal Error] :1:1: Premature end of file.
2026-08-07 23:41:04,797 [ERROR] LogOutputStream:74 - [STDERR_REDIRECT] 
2026-08-07 23:41:05,849 [ERROR] LogOutputStream:74 - [STDERR_REDIRECT] [Fatal Error] :1:1: Premature end of file.
2026-08-07 23:41:05,850 [ERROR] LogOutputStream:74 - [STDERR_REDIRECT] 
2026-08-07 23:41:06,832 [ERROR] LogOutputStream:74 - [STDERR_REDIRECT] [Fatal Error] :1:1: Premature end of file.
2026-08-07 23:41:06,832 [ERROR] LogOutputStream:74 - [STDERR_REDIRECT] 
2026-08-07 23:41:07,799 [ERROR] LogOutputStream:74 - [STDERR_REDIRECT] [Fatal Error] :1:1: Premature end of file.
2026-08-07 23:41:07,799 [ERROR] LogOutputStream:74 - [STDERR_REDIRECT] 
2026-08-07 23:41:08,775 [ERROR] LogOutputStream:74 - [STDERR_REDIRECT] [Fatal Error] :1:1: Premature end of file.
2026-08-07 23:41:08,775 [ERROR] LogOutputStream:74 - [STDERR_REDIRECT] 
2026-08-07 23:41:09,793 [ERROR] LogOutputStream:74 - [STDERR_REDIRECT] [Fatal Error] :1:1: Premature end of file.
2026-08-07 23:41:09,793 [ERROR] LogOutputStream:74 - [STDERR_REDIRECT] 
2026-08-07 23:41:10,791 [ERROR] LogOutputStream:74 - [STDERR_REDIRECT] [Fatal Error] :1:1: Premature end of file.
2026-08-07 23:41:10,792 [ERROR] LogOutputStream:74 - [STDERR_REDIRECT] 
2026-08-07 23:41:11,822 [ERROR] LogOutputStream:74 - [STDERR_REDIRECT] [Fatal Error] :1:1: Premature end of file.
2026-08-07 23:41:11,823 [ERROR] LogOutputStream:74 - [STDERR_REDIRECT] 
2026-08-07 23:41:12,779 [ERROR] LogOutputStream:74 - [STDERR_REDIRECT] [Fatal Error] :1:1: Premature end of file.
2026-08-07 23:41:12,779 [ERROR] LogOutputStream:74 - [STDERR_REDIRECT] 
2026-08-07 23:41:13,775 [ERROR] LogOutputStream:74 - [STDERR_REDIRECT] [Fatal Error] :1:1: Premature end of file.
2026-08-07 23:41:13,776 [ERROR] LogOutputStream:74 - [STDERR_REDIRECT] 
2026-08-07 23:41:14,803 [ERROR] LogOutputStream:74 - [STDERR_REDIRECT] [Fatal Error] :1:1: Premature end of file.
2026-08-07 23:41:14,804 [ERROR] LogOutputStream:74 - [STDERR_REDIRECT] 
2026-08-07 23:41:15,788 [ERROR] LogOutputStream:74 - [STDERR_REDIRECT] [Fatal Error] :1:1: Premature end of file.
2026-08-07 23:41:15,790 [ERROR] LogOutputStream:74 - [STDERR_REDIRECT] 
2026-08-07 23:41:16,770 [ERROR] LogOutputStream:74 - [STDERR_REDIRECT] [Fatal Error] :1:1: Premature end of file.
2026-08-07 23:41:16,771 [ERROR] LogOutputStream:74 - [STDERR_REDIRECT] 
2026-08-07 23:41:17,781 [ERROR] LogOutputStream:74 - [STDERR_REDIRECT] [Fatal Error] :1:1: Premature end of file.
2026-08-07 23:41:17,781 [ERROR] LogOutputStream:74 - [STDERR_REDIRECT] 
2026-08-07 23:41:18,795 [ERROR] LogOutputStream:74 - [STDERR_REDIRECT] [Fatal Error] :1:1: Premature end of file.
2026-08-07 23:41:18,796 [ERROR] LogOutputStream:74 - [STDERR_REDIRECT] 
2026-08-07 23:41:19,790 [ERROR] LogOutputStream:74 - [STDERR_REDIRECT] [Fatal Error] :1:1: Premature end of file.
2026-08-07 23:41:19,790 [ERROR] LogOutputStream:74 - [STDERR_REDIRECT] 
2026-08-07 23:41:20,814 [ERROR] LogOutputStream:74 - [STDERR_REDIRECT] [Fatal Error] :1:1: Premature end of file.
2026-08-07 23:41:20,815 [ERROR] LogOutputStream:74 - [STDERR_REDIRECT] 
2026-08-07 23:41:21,798 [ERROR] LogOutputStream:74 - [STDERR_REDIRECT] [Fatal Error] :1:1: Premature end of file.
2026-08-07 23:41:21,799 [ERROR] LogOutputStream:74 - [STDERR_REDIRECT] 
2026-08-07 23:41:22,782 [ERROR] LogOutputStream:74 - [STDERR_REDIRECT] [Fatal Error] :1:1: Premature end of file.
2026-08-07 23:41:22,782 [ERROR] LogOutputStream:74 - [STDERR_REDIRECT] 
2026-08-07 23:41:23,777 [ERROR] LogOutputStream:74 - [STDERR_REDIRECT] [Fatal Error] :1:1: Premature end of file.
2026-08-07 23:41:23,777 [ERROR] LogOutputStream:74 - [STDERR_REDIRECT] 
2026-08-07 23:41:24,782 [ERROR] LogOutputStream:74 - [STDERR_REDIRECT] [Fatal Error] :1:1: Premature end of file.
2026-08-07 23:41:24,782 [ERROR] LogOutputStream:74 - [STDERR_REDIRECT] 
2026-08-07 23:41:25,783 [ERROR] LogOutputStream:74 - [STDERR_REDIRECT] [Fatal Error] :1:1: Premature end of file.
2026-08-07 23:41:25,783 [ERROR] LogOutputStream:74 - [STDERR_REDIRECT] 
2026-08-07 23:41:26,817 [ERROR] LogOutputStream:74 - [STDERR_REDIRECT] [Fatal Error] :1:1: Premature end of file.
2026-08-07 23:41:26,817 [ERROR] LogOutputStream:74 - [STDERR_REDIRECT] 
2026-08-07 23:41:27,786 [ERROR] LogOutputStream:74 - [STDERR_REDIRECT] [Fatal Error] :1:1: Premature end of file.
2026-08-07 23:41:27,786 [ERROR] LogOutputStream:74 - [STDERR_REDIRECT] 
2026-08-07 23:41:28,777 [ERROR] LogOutputStream:74 - [STDERR_REDIRECT] [Fatal Error] :1:1: Premature end of file.
2026-08-07 23:41:28,779 [ERROR] LogOutputStream:74 - [STDERR_REDIRECT] 
2026-08-07 23:41:29,776 [ERROR] LogOutputStream:74 - [STDERR_REDIRECT] [Fatal Error] :1:1: Premature end of file.
2026-08-07 23:41:29,776 [ERROR] LogOutputStream:74 - [STDERR_REDIRECT] 
2026-08-07 23:41:30,782 [ERROR] LogOutputStream:74 - [STDERR_REDIRECT] [Fatal Error] :1:1: Premature end of file.
2026-08-07 23:41:30,782 [ERROR] LogOutputStream:74 - [STDERR_REDIRECT] 
2026-08-07 23:41:31,798 [ERROR] LogOutputStream:74 - [STDERR_REDIRECT] [Fatal Error] :1:1: Premature end of file.
2026-08-07 23:41:31,798 [ERROR] LogOutputStream:74 - [STDERR_REDIRECT] 
2026-08-07 23:41:32,832 [ERROR] LogOutputStream:74 - [STDERR_REDIRECT] [Fatal Error] :1:1: Premature end of file.
2026-08-07 23:41:32,832 [ERROR] LogOutputStream:74 - [STDERR_REDIRECT] 
2026-08-07 23:41:33,819 [ERROR] LogOutputStream:74 - [STDERR_REDIRECT] [Fatal Error] :1:1: Premature end of file.
2026-08-07 23:41:33,820 [ERROR] LogOutputStream:74 - [STDERR_REDIRECT] 
2026-08-07 23:41:34,793 [ERROR] LogOutputStream:74 - [STDERR_REDIRECT] [Fatal Error] :1:1: Premature end of file.
2026-08-07 23:41:34,794 [ERROR] LogOutputStream:74 - [STDERR_REDIRECT] 
2026-08-07 23:41:35,784 [ERROR] LogOutputStream:74 - [STDERR_REDIRECT] [Fatal Error] :1:1: Premature end of file.
2026-08-07 23:41:35,785 [ERROR] LogOutputStream:74 - [STDERR_REDIRECT] 
2026-08-07 23:41:36,789 [ERROR] LogOutputStream:74 - [STDERR_REDIRECT] [Fatal Error] :1:1: Premature end of file.
2026-08-07 23:41:36,790 [ERROR] LogOutputStream:74 - [STDERR_REDIRECT] 
2026-08-07 23:41:37,775 [ERROR] LogOutputStream:74 - [STDERR_REDIRECT] [Fatal Error] :1:1: Premature end of file.
2026-08-07 23:41:37,775 [ERROR] LogOutputStream:74 - [STDERR_REDIRECT] 
2026-08-07 23:41:38,798 [ERROR] LogOutputStream:74 - [STDERR_REDIRECT] [Fatal Error] :1:1: Premature end of file.
2026-08-07 23:41:38,798 [ERROR] LogOutputStream:74 - [STDERR_REDIRECT] 
2026-08-07 23:41:39,774 [ERROR] LogOutputStream:74 - [STDERR_REDIRECT] [Fatal Error] :1:1: Premature end of file.
2026-08-07 23:41:39,775 [ERROR] LogOutputStream:74 - [STDERR_REDIRECT] 
2026-08-07 23:41:40,779 [ERROR] LogOutputStream:74 - [STDERR_REDIRECT] [Fatal Error] :1:1: Premature end of file.
2026-08-07 23:41:40,779 [ERROR] LogOutputStream:74 - [STDERR_REDIRECT] 
2026-08-07 23:41:41,776 [ERROR] LogOutputStream:74 - [STDERR_REDIRECT] [Fatal Error] :1:1: Premature end of file.
2026-08-07 23:41:41,776 [ERROR] LogOutputStream:74 - [STDERR_REDIRECT] 
2026-08-07 23:41:42,676 [INFO] MainUpdater:2671 - connection check result : 10
2026-08-07 23:41:42,809 [ERROR] LogOutputStream:74 - [STDERR_REDIRECT] [Fatal Error] :1:1: Premature end of file.
2026-08-07 23:41:42,809 [ERROR] LogOutputStream:74 - [STDERR_REDIRECT] 
2026-08-07 23:41:43,789 [ERROR] LogOutputStream:74 - [STDERR_REDIRECT] [Fatal Error] :1:1: Premature end of file.
2026-08-07 23:41:43,789 [ERROR] LogOutputStream:74 - [STDERR_REDIRECT] 
2026-08-07 23:41:44,648 [INFO] CheckServerUpdateThread:112 - End of CheckServer Thread
2026-08-07 23:41:44,823 [ERROR] LogOutputStream:74 - [STDERR_REDIRECT] [Fatal Error] :1:1: Premature end of file.
2026-08-07 23:41:44,824 [ERROR] LogOutputStream:74 - [STDERR_REDIRECT] 
2026-08-07 23:41:45,787 [ERROR] LogOutputStream:74 - [STDERR_REDIRECT] [Fatal Error] :1:1: Premature end of file.
2026-08-07 23:41:45,787 [ERROR] LogOutputStream:74 - [STDERR_REDIRECT] 
2026-08-07 23:41:46,779 [ERROR] LogOutputStream:74 - [STDERR_REDIRECT] [Fatal Error] :1:1: Premature end of file.
2026-08-07 23:41:46,779 [ERROR] LogOutputStream:74 - [STDERR_REDIRECT] 
2026-08-07 23:41:47,777 [ERROR] LogOutputStream:74 - [STDERR_REDIRECT] [Fatal Error] :1:1: Premature end of file.
2026-08-07 23:41:47,777 [ERROR] LogOutputStream:74 - [STDERR_REDIRECT] 
2026-08-07 23:41:48,790 [ERROR] LogOutputStream:74 - [STDERR_REDIRECT] [Fatal Error] :1:1: Premature end of file.
2026-08-07 23:41:48,790 [ERROR] LogOutputStream:74 - [STDERR_REDIRECT] 
2026-08-07 23:41:49,814 [ERROR] LogOutputStream:74 - [STDERR_REDIRECT] [Fatal Error] :1:1: Premature end of file.
2026-08-07 23:41:49,814 [ERROR] LogOutputStream:74 - [STDERR_REDIRECT] 
2026-08-07 23:41:50,784 [ERROR] LogOutputStream:74 - [STDERR_REDIRECT] [Fatal Error] :1:1: Premature end of file.
2026-08-07 23:41:50,784 [ERROR] LogOutputStream:74 - [STDERR_REDIRECT] 
2026-08-07 23:41:51,784 [ERROR] LogOutputStream:74 - [STDERR_REDIRECT] [Fatal Error] :1:1: Premature end of file.
2026-08-07 23:41:51,786 [ERROR] LogOutputStream:74 - [STDERR_REDIRECT] 
2026-08-07 23:41:52,785 [ERROR] LogOutputStream:74 - [STDERR_REDIRECT] [Fatal Error] :1:1: Premature end of file.
2026-08-07 23:41:52,786 [ERROR] LogOutputStream:74 - [STDERR_REDIRECT] 
2026-08-07 23:41:53,815 [ERROR] LogOutputStream:74 - [STDERR_REDIRECT] [Fatal Error] :1:1: Premature end of file.
2026-08-07 23:41:53,816 [ERROR] LogOutputStream:74 - [STDERR_REDIRECT] 
2026-08-07 23:41:54,782 [ERROR] LogOutputStream:74 - [STDERR_REDIRECT] [Fatal Error] :1:1: Premature end of file.
2026-08-07 23:41:54,782 [ERROR] LogOutputStream:74 - [STDERR_REDIRECT] 
2026-08-07 23:41:55,796 [ERROR] LogOutputStream:74 - [STDERR_REDIRECT] [Fatal Error] :1:1: Premature end of file.
2026-08-07 23:41:55,796 [ERROR] LogOutputStream:74 - [STDERR_REDIRECT] 
2026-08-07 23:41:56,828 [ERROR] LogOutputStream:74 - [STDERR_REDIRECT] [Fatal Error] :1:1: Premature end of file.
2026-08-07 23:41:56,829 [ERROR] LogOutputStream:74 - [STDERR_REDIRECT] 
2026-08-07 23:41:57,831 [ERROR] LogOutputStream:74 - [STDERR_REDIRECT] [Fatal Error] :1:1: Premature end of file.
2026-08-07 23:41:57,832 [ERROR] LogOutputStream:74 - [STDERR_REDIRECT] 
2026-08-07 23:43:08,042 [INFO] Activator:177 - 


2026-08-07 23:43:08,045 [INFO] Activator:178 - !SESSION log4j initialized
2026-08-07 23:43:17,435 [ERROR] LogOutputStream:74 - [STDERR_REDIRECT] [Fatal Error] :1:1: ????? ???? ?????? ??????.
2026-08-07 23:43:17,438 [ERROR] LogOutputStream:74 - [STDERR_REDIRECT] 
2026-08-07 23:43:18,429 [ERROR] LogOutputStream:74 - [STDERR_REDIRECT] [Fatal Error] :1:1: ????? ???? ?????? ??????.
2026-08-07 23:43:18,431 [ERROR] LogOutputStream:74 - [STDERR_REDIRECT] 
2026-08-07 23:43:19,433 [ERROR] LogOutputStream:74 - [STDERR_REDIRECT] [Fatal Error] :1:1: ????? ???? ?????? ??????.
2026-08-07 23:43:19,434 [ERROR] LogOutputStream:74 - [STDERR_REDIRECT] 
2026-08-07 23:43:20,395 [ERROR] LogOutputStream:74 - [STDERR_REDIRECT] [Fatal Error] :1:1: ????? ???? ?????? ??????.
2026-08-07 23:43:20,396 [ERROR] LogOutputStream:74 - [STDERR_REDIRECT] 
2026-08-07 23:43:21,361 [ERROR] LogOutputStream:74 - [STDERR_REDIRECT] [Fatal Error] :1:1: ????? ???? ?????? ??????.
2026-08-07 23:43:21,362 [ERROR] LogOutputStream:74 - [STDERR_REDIRECT] 
2026-08-07 23:43:22,368 [ERROR] LogOutputStream:74 - [STDERR_REDIRECT] [Fatal Error] :1:1: ????? ???? ?????? ??????.
2026-08-07 23:43:22,369 [ERROR] LogOutputStream:74 - [STDERR_REDIRECT] 
2026-08-07 23:43:23,387 [ERROR] LogOutputStream:74 - [STDERR_REDIRECT] [Fatal Error] :1:1: ????? ???? ?????? ??????.
2026-08-07 23:43:23,388 [ERROR] LogOutputStream:74 - [STDERR_REDIRECT] 
2026-08-07 23:43:24,364 [ERROR] LogOutputStream:74 - [STDERR_REDIRECT] [Fatal Error] :1:1: ????? ???? ?????? ??????.
2026-08-07 23:43:24,364 [ERROR] LogOutputStream:74 - [STDERR_REDIRECT] 
2026-08-07 23:43:25,364 [ERROR] LogOutputStream:74 - [STDERR_REDIRECT] [Fatal Error] :1:1: ????? ???? ?????? ??????.
2026-08-07 23:43:25,364 [ERROR] LogOutputStream:74 - [STDERR_REDIRECT] 
2026-08-07 23:43:26,368 [ERROR] LogOutputStream:74 - [STDERR_REDIRECT] [Fatal Error] :1:1: ????? ???? ?????? ??????.
2026-08-07 23:43:26,369 [ERROR] LogOutputStream:74 - [STDERR_REDIRECT] 
2026-08-07 23:43:27,370 [ERROR] LogOutputStream:74 - [STDERR_REDIRECT] [Fatal Error] :1:1: ????? ???? ?????? ??????.
2026-08-07 23:43:27,371 [ERROR] LogOutputStream:74 - [STDERR_REDIRECT] 
2026-08-07 23:43:28,189 [INFO] McuFinderGlobals:39 - Set McuFinder mode to 2 (CubeIDE integrated)
2026-08-07 23:43:28,367 [ERROR] LogOutputStream:74 - [STDERR_REDIRECT] [Fatal Error] :1:1: ????? ???? ?????? ??????.
2026-08-07 23:43:28,368 [ERROR] LogOutputStream:74 - [STDERR_REDIRECT] 
2026-08-07 23:43:28,793 [INFO] ApplicationProperties:181 - Using Application install path: C:\ST\STM32CubeIDE_1.7.0\STM32CubeIDE\plugins\com.st.stm32cube.common.mx_6.3.0.202107141111
2026-08-07 23:43:28,806 [INFO] DbMcusXml:74 - Set database path to: C:\ST\STM32CubeIDE_1.7.0\STM32CubeIDE\plugins\com.st.stm32cube.common.mx_6.3.0.202107141111\\db\/mcu/
2026-08-07 23:43:28,809 [INFO] DbBoardsPdsc:56 - Set plugin database path to: C:\ST\STM32CubeIDE_1.7.0\STM32CubeIDE\plugins\com.st.stm32cube.common.mx_6.3.0.202107141111\\db\/plugins/boardmanager/
2026-08-07 23:43:28,810 [INFO] DbMcus:258 - Set plugin images path to: C:\ST\STM32CubeIDE_1.7.0\STM32CubeIDE\plugins\com.st.stm32cube.common.mx_6.3.0.202107141111\\db\/plugins/mcufinder/images/
2026-08-07 23:43:28,810 [INFO] DbBoards:264 - Set plugin images path to: C:\ST\STM32CubeIDE_1.7.0\STM32CubeIDE\plugins\com.st.stm32cube.common.mx_6.3.0.202107141111\\db\/plugins/mcufinder/images/
2026-08-07 23:43:28,814 [INFO] DbExamples:333 - Set plugin images path to: C:\ST\STM32CubeIDE_1.7.0\STM32CubeIDE\plugins\com.st.stm32cube.common.mx_6.3.0.202107141111\\db\/plugins/mcufinder/images/
2026-08-07 23:43:28,823 [INFO] DbMcusAds:119 - Set database path to: C:\Users\yubi2\.stmcufinder\plugins\mcufinder//mcu/
2026-08-07 23:43:28,824 [INFO] DbMcusDocs:110 - Set database path to: C:\Users\yubi2\.stmcufinder\plugins\mcufinder//mcu/
2026-08-07 23:43:28,826 [INFO] DbMcusJson:64 - Set database path to: C:\Users\yubi2\.stmcufinder\plugins\mcufinder//mcu/
2026-08-07 23:43:28,827 [INFO] DbBoardsDocs:110 - Set database path to: C:\Users\yubi2\.stmcufinder\plugins\mcufinder//mcu/
2026-08-07 23:43:28,829 [INFO] DbBoardsJson:57 - Set database path to: C:\Users\yubi2\.stmcufinder\plugins\mcufinder//mcu/
2026-08-07 23:43:28,882 [INFO] CrossReferenceDbSqlite:196 - Set database path to: C:\Users\yubi2\.stmcufinder\plugins\mcufinder//mcu/cs/
2026-08-07 23:43:28,887 [INFO] DbExamplesSqlite:767 - Set database path to: C:\Users\yubi2\.stmcufinder\plugins\mcufinder//mcu/
2026-08-07 23:43:29,015 [INFO] RulesReader:57 - Compatibility file has been processed (242 Rules)
2026-08-07 23:43:29,134 [INFO] DbMcusXml:74 - Set database path to: C:\ST\STM32CubeIDE_1.7.0\STM32CubeIDE\plugins\com.st.stm32cube.common.mx_6.3.0.202107141111\\db\/mcu/
2026-08-07 23:43:29,135 [INFO] DbBoardsPdsc:56 - Set plugin database path to: C:\ST\STM32CubeIDE_1.7.0\STM32CubeIDE\plugins\com.st.stm32cube.common.mx_6.3.0.202107141111\\db\/plugins/boardmanager/
2026-08-07 23:43:29,136 [INFO] DbMcus:258 - Set plugin images path to: C:\ST\STM32CubeIDE_1.7.0\STM32CubeIDE\plugins\com.st.stm32cube.common.mx_6.3.0.202107141111\\db\/plugins/mcufinder/images/
2026-08-07 23:43:29,136 [INFO] DbBoards:264 - Set plugin images path to: C:\ST\STM32CubeIDE_1.7.0\STM32CubeIDE\plugins\com.st.stm32cube.common.mx_6.3.0.202107141111\\db\/plugins/mcufinder/images/
2026-08-07 23:43:29,136 [INFO] DbExamples:333 - Set plugin images path to: C:\ST\STM32CubeIDE_1.7.0\STM32CubeIDE\plugins\com.st.stm32cube.common.mx_6.3.0.202107141111\\db\/plugins/mcufinder/images/
2026-08-07 23:43:29,136 [WARN] DbFile:35 - Overriding database path with different value: C:\Users\yubi2\.stmcufinder\plugins\mcufinder/ => C:\Users\yubi2\.stmcufinder\plugins\mcufinder
2026-08-07 23:43:29,136 [INFO] DbMcusAds:119 - Set database path to: C:\Users\yubi2\.stmcufinder\plugins\mcufinder//mcu/
2026-08-07 23:43:29,136 [WARN] DbFile:35 - Overriding database path with different value: C:\Users\yubi2\.stmcufinder\plugins\mcufinder/ => C:\Users\yubi2\.stmcufinder\plugins\mcufinder
2026-08-07 23:43:29,136 [INFO] DbMcusDocs:110 - Set database path to: C:\Users\yubi2\.stmcufinder\plugins\mcufinder//mcu/
2026-08-07 23:43:29,138 [WARN] DbFile:35 - Overriding database path with different value: C:\Users\yubi2\.stmcufinder\plugins\mcufinder/ => C:\Users\yubi2\.stmcufinder\plugins\mcufinder
2026-08-07 23:43:29,138 [INFO] DbMcusJson:64 - Set database path to: C:\Users\yubi2\.stmcufinder\plugins\mcufinder//mcu/
2026-08-07 23:43:29,138 [WARN] DbFile:35 - Overriding database path with different value: C:\Users\yubi2\.stmcufinder\plugins\mcufinder/ => C:\Users\yubi2\.stmcufinder\plugins\mcufinder
2026-08-07 23:43:29,138 [INFO] DbBoardsDocs:110 - Set database path to: C:\Users\yubi2\.stmcufinder\plugins\mcufinder//mcu/
2026-08-07 23:43:29,138 [WARN] DbFile:35 - Overriding database path with different value: C:\Users\yubi2\.stmcufinder\plugins\mcufinder/ => C:\Users\yubi2\.stmcufinder\plugins\mcufinder
2026-08-07 23:43:29,138 [INFO] DbBoardsJson:57 - Set database path to: C:\Users\yubi2\.stmcufinder\plugins\mcufinder//mcu/
2026-08-07 23:43:29,138 [WARN] DbFile:35 - Overriding database path with different value: C:\Users\yubi2\.stmcufinder\plugins\mcufinder/ => C:\Users\yubi2\.stmcufinder\plugins\mcufinder
2026-08-07 23:43:29,138 [WARN] DbFile:35 - Overriding database path with different value: C:\Users\yubi2\.stmcufinder\plugins\mcufinder/ => C:\Users\yubi2\.stmcufinder\plugins\mcufinder
2026-08-07 23:43:29,138 [INFO] CrossReferenceDbSqlite:196 - Set database path to: C:\Users\yubi2\.stmcufinder\plugins\mcufinder//mcu/cs/
2026-08-07 23:43:29,139 [WARN] DbFile:35 - Overriding database path with different value: C:\Users\yubi2\.stmcufinder\plugins\mcufinder/ => C:\Users\yubi2\.stmcufinder\plugins\mcufinder
2026-08-07 23:43:29,139 [INFO] DbExamplesSqlite:767 - Set database path to: C:\Users\yubi2\.stmcufinder\plugins\mcufinder//mcu/
2026-08-07 23:43:29,231 [INFO] MainPanel:214 - HeapMemory: 268435456
2026-08-07 23:43:29,348 [INFO] DbMcusXml:74 - Set database path to: C:\ST\STM32CubeIDE_1.7.0\STM32CubeIDE\plugins\com.st.stm32cube.common.mx_6.3.0.202107141111\\db\/mcu/
2026-08-07 23:43:29,348 [INFO] DbBoardsPdsc:56 - Set plugin database path to: C:\ST\STM32CubeIDE_1.7.0\STM32CubeIDE\plugins\com.st.stm32cube.common.mx_6.3.0.202107141111\\db\/plugins/boardmanager/
2026-08-07 23:43:29,349 [INFO] DbMcus:258 - Set plugin images path to: C:\ST\STM32CubeIDE_1.7.0\STM32CubeIDE\plugins\com.st.stm32cube.common.mx_6.3.0.202107141111\\db\/plugins/mcufinder/images/
2026-08-07 23:43:29,349 [INFO] DbBoards:264 - Set plugin images path to: C:\ST\STM32CubeIDE_1.7.0\STM32CubeIDE\plugins\com.st.stm32cube.common.mx_6.3.0.202107141111\\db\/plugins/mcufinder/images/
2026-08-07 23:43:29,349 [INFO] DbExamples:333 - Set plugin images path to: C:\ST\STM32CubeIDE_1.7.0\STM32CubeIDE\plugins\com.st.stm32cube.common.mx_6.3.0.202107141111\\db\/plugins/mcufinder/images/
2026-08-07 23:43:29,349 [WARN] DbFile:35 - Overriding database path with different value: C:\Users\yubi2\.stmcufinder\plugins\mcufinder/ => C:\Users\yubi2\.stmcufinder\plugins\mcufinder
2026-08-07 23:43:29,350 [INFO] DbMcusAds:119 - Set database path to: C:\Users\yubi2\.stmcufinder\plugins\mcufinder//mcu/
2026-08-07 23:43:29,350 [WARN] DbFile:35 - Overriding database path with different value: C:\Users\yubi2\.stmcufinder\plugins\mcufinder/ => C:\Users\yubi2\.stmcufinder\plugins\mcufinder
2026-08-07 23:43:29,350 [INFO] DbMcusDocs:110 - Set database path to: C:\Users\yubi2\.stmcufinder\plugins\mcufinder//mcu/
2026-08-07 23:43:29,350 [WARN] DbFile:35 - Overriding database path with different value: C:\Users\yubi2\.stmcufinder\plugins\mcufinder/ => C:\Users\yubi2\.stmcufinder\plugins\mcufinder
2026-08-07 23:43:29,350 [INFO] DbMcusJson:64 - Set database path to: C:\Users\yubi2\.stmcufinder\plugins\mcufinder//mcu/
2026-08-07 23:43:29,350 [WARN] DbFile:35 - Overriding database path with different value: C:\Users\yubi2\.stmcufinder\plugins\mcufinder/ => C:\Users\yubi2\.stmcufinder\plugins\mcufinder
2026-08-07 23:43:29,350 [INFO] DbBoardsDocs:110 - Set database path to: C:\Users\yubi2\.stmcufinder\plugins\mcufinder//mcu/
2026-08-07 23:43:29,350 [WARN] DbFile:35 - Overriding database path with different value: C:\Users\yubi2\.stmcufinder\plugins\mcufinder/ => C:\Users\yubi2\.stmcufinder\plugins\mcufinder
2026-08-07 23:43:29,351 [INFO] DbBoardsJson:57 - Set database path to: C:\Users\yubi2\.stmcufinder\plugins\mcufinder//mcu/
2026-08-07 23:43:29,351 [WARN] DbFile:35 - Overriding database path with different value: C:\Users\yubi2\.stmcufinder\plugins\mcufinder/ => C:\Users\yubi2\.stmcufinder\plugins\mcufinder
2026-08-07 23:43:29,351 [WARN] DbFile:35 - Overriding database path with different value: C:\Users\yubi2\.stmcufinder\plugins\mcufinder/ => C:\Users\yubi2\.stmcufinder\plugins\mcufinder
2026-08-07 23:43:29,351 [INFO] CrossReferenceDbSqlite:196 - Set database path to: C:\Users\yubi2\.stmcufinder\plugins\mcufinder//mcu/cs/
2026-08-07 23:43:29,351 [WARN] DbFile:35 - Overriding database path with different value: C:\Users\yubi2\.stmcufinder\plugins\mcufinder/ => C:\Users\yubi2\.stmcufinder\plugins\mcufinder
2026-08-07 23:43:29,351 [INFO] DbExamplesSqlite:767 - Set database path to: C:\Users\yubi2\.stmcufinder\plugins\mcufinder//mcu/
2026-08-07 23:43:29,374 [ERROR] LogOutputStream:74 - [STDERR_REDIRECT] [Fatal Error] :1:1: Premature end of file.
2026-08-07 23:43:29,375 [ERROR] LogOutputStream:74 - [STDERR_REDIRECT] 
2026-08-07 23:43:29,384 [INFO] ApplicationProperties:181 - Using Application install path: C:\ST\STM32CubeIDE_1.7.0\STM32CubeIDE\plugins\com.st.stm32cube.common.mx_6.3.0.202107141111
2026-08-07 23:43:29,386 [INFO] PluginManage:188 - Search for loadable plugins [exclusion list=, ]
2026-08-07 23:43:29,389 [INFO] PluginManage:302 - Check plugin analytics
2026-08-07 23:43:29,642 [INFO] AnalyticsPlugin:257 - Accepted Software Licenses: 
2026-08-07 23:43:29,643 [INFO] AnalyticsPlugin:259 - Accepted CMSIS Pack Licenses: 
2026-08-07 23:43:29,644 [INFO] AnalyticsPlugin:261 - Accepted Firmware Licenses: 
2026-08-07 23:43:29,644 [INFO] PluginManage:352 - Loaded plugin analytics (category:tool,tabindex:-1)
2026-08-07 23:43:29,644 [INFO] PluginManage:302 - Check plugin clock
2026-08-07 23:43:29,659 [INFO] PluginManage:352 - Loaded plugin clock (category:base,tabindex:2)
2026-08-07 23:43:29,660 [INFO] PluginManage:302 - Check plugin ddr
2026-08-07 23:43:29,662 [INFO] PluginManage:352 - Loaded plugin ddr (category:tool,tabindex:6)
2026-08-07 23:43:29,662 [INFO] PluginManage:302 - Check plugin filemanager
2026-08-07 23:43:29,863 [INFO] PluginManage:352 - Loaded plugin filemanager (category:base,tabindex:10)
2026-08-07 23:43:29,863 [INFO] PluginManage:302 - Check plugin ipmanager
2026-08-07 23:43:29,877 [INFO] PluginManage:352 - Loaded plugin ipmanager (category:base,tabindex:5)
2026-08-07 23:43:29,877 [INFO] PluginManage:302 - Check plugin pinoutandconfiguration
2026-08-07 23:43:29,892 [INFO] PluginManage:352 - Loaded plugin pinoutandconfiguration (category:base,tabindex:1)
2026-08-07 23:43:29,893 [INFO] PluginManage:302 - Check plugin pinoutconfig
2026-08-07 23:43:29,940 [INFO] PluginManage:352 - Loaded plugin pinoutconfig (category:base,tabindex:0)
2026-08-07 23:43:29,941 [INFO] PluginManage:302 - Check plugin power
2026-08-07 23:43:29,957 [INFO] PluginManage:352 - Loaded plugin power (category:power,tabindex:4)
2026-08-07 23:43:29,958 [INFO] PluginManage:302 - Check plugin projectmanager
2026-08-07 23:43:29,982 [INFO] PluginManage:352 - Loaded plugin projectmanager (category:projectmanager,tabindex:3)
2026-08-07 23:43:29,982 [INFO] PluginManage:302 - Check plugin thirdparty
2026-08-07 23:43:30,162 [WARN] IntegrityCheckThread:78 - waiting for thirdparty lock release [integrity check]
2026-08-07 23:43:30,162 [INFO] PluginManage:352 - Loaded plugin thirdparty (category:base,tabindex:-1)
2026-08-07 23:43:30,164 [INFO] IntegrityCheckThread:80 - entering critical section [integrity check]
2026-08-07 23:43:30,165 [INFO] PluginManage:302 - Check plugin tools
2026-08-07 23:43:30,165 [INFO] ThirdPartyUpdaterWithRetryManager:66 - Updater plugin not ready yet. [1/15]
2026-08-07 23:43:30,168 [INFO] PluginManage:352 - Loaded plugin tools (category:base,tabindex:7)
2026-08-07 23:43:30,168 [INFO] PluginManage:302 - Check plugin tutovideos
2026-08-07 23:43:30,380 [ERROR] LogOutputStream:74 - [STDERR_REDIRECT] [Fatal Error] :1:1: Premature end of file.
2026-08-07 23:43:30,381 [ERROR] LogOutputStream:74 - [STDERR_REDIRECT] 
2026-08-07 23:43:30,503 [INFO] PluginManage:352 - Loaded plugin tutovideos (category:base,tabindex:-1)
2026-08-07 23:43:30,504 [INFO] PluginManage:302 - Check plugin updater
2026-08-07 23:43:30,525 [INFO] PluginManage:352 - Loaded plugin updater (category:base,tabindex:12)
2026-08-07 23:43:30,526 [INFO] PluginManage:275 - PluginManage : Loaded plugins [13]
2026-08-07 23:43:30,859 [INFO] PinOutPanel:1463 - setPackage(No Configuration,No Configuration)
2026-08-07 23:43:31,086 [INFO] IPUIPlugin:74 - create IPUIPlugin
2026-08-07 23:43:31,086 [INFO] PluginManager:213 - loadIPPluginJar : add adc
2026-08-07 23:43:31,092 [INFO] IPUIPlugin:74 - create IPUIPlugin
2026-08-07 23:43:31,092 [INFO] PluginManager:213 - loadIPPluginJar : add aes
2026-08-07 23:43:31,095 [INFO] IPUIPlugin:74 - create IPUIPlugin
2026-08-07 23:43:31,099 [INFO] PluginManager:213 - loadIPPluginJar : add can
2026-08-07 23:43:31,103 [INFO] IPUIPlugin:74 - create IPUIPlugin
2026-08-07 23:43:31,103 [INFO] PluginManager:213 - loadIPPluginJar : add comp
2026-08-07 23:43:31,108 [INFO] IPUIPlugin:74 - create IPUIPlugin
2026-08-07 23:43:31,108 [INFO] PluginManager:213 - loadIPPluginJar : add cryp
2026-08-07 23:43:31,112 [INFO] IPUIPlugin:74 - create IPUIPlugin
2026-08-07 23:43:31,113 [INFO] PluginManager:213 - loadIPPluginJar : add dfsdm
2026-08-07 23:43:31,123 [INFO] IPUIPlugin:74 - create IPUIPlugin
2026-08-07 23:43:31,125 [INFO] PluginManager:213 - loadIPPluginJar : add dma
2026-08-07 23:43:31,125 [INFO] IPUIPlugin:74 - create IPUIPlugin
2026-08-07 23:43:31,125 [INFO] PluginManager:213 - loadIPPluginJar : add dma3
2026-08-07 23:43:31,134 [INFO] IPUIPlugin:74 - create IPUIPlugin
2026-08-07 23:43:31,135 [INFO] PluginManager:213 - loadIPPluginJar : add fatfs
2026-08-07 23:43:31,143 [INFO] IPUIPlugin:74 - create IPUIPlugin
2026-08-07 23:43:31,144 [INFO] PluginManager:213 - loadIPPluginJar : add fmc
2026-08-07 23:43:31,154 [INFO] IPUIPlugin:74 - create IPUIPlugin
2026-08-07 23:43:31,156 [INFO] PluginManager:213 - loadIPPluginJar : add freertos
2026-08-07 23:43:31,158 [INFO] IPUIPlugin:74 - create IPUIPlugin
2026-08-07 23:43:31,158 [INFO] PluginManager:213 - loadIPPluginJar : add genericplugin
2026-08-07 23:43:31,158 [INFO] IPUIPlugin:74 - create IPUIPlugin
2026-08-07 23:43:31,163 [INFO] PluginManager:213 - loadIPPluginJar : add gfxmmu
2026-08-07 23:43:31,175 [INFO] IPUIPlugin:74 - create IPUIPlugin
2026-08-07 23:43:31,177 [INFO] PluginManager:213 - loadIPPluginJar : add gic
2026-08-07 23:43:31,186 [INFO] IPUIPlugin:74 - create IPUIPlugin
2026-08-07 23:43:31,186 [INFO] PluginManager:213 - loadIPPluginJar : add gpio
2026-08-07 23:43:31,194 [INFO] IPUIPlugin:74 - create IPUIPlugin
2026-08-07 23:43:31,194 [INFO] PluginManager:213 - loadIPPluginJar : add gtzc
2026-08-07 23:43:31,200 [INFO] IPUIPlugin:74 - create IPUIPlugin
2026-08-07 23:43:31,200 [INFO] PluginManager:213 - loadIPPluginJar : add hash
2026-08-07 23:43:31,205 [INFO] IPUIPlugin:74 - create IPUIPlugin
2026-08-07 23:43:31,205 [INFO] PluginManager:213 - loadIPPluginJar : add i2c
2026-08-07 23:43:31,215 [INFO] IPUIPlugin:74 - create IPUIPlugin
2026-08-07 23:43:31,216 [INFO] PluginManager:213 - loadIPPluginJar : add i2s
2026-08-07 23:43:31,224 [INFO] IPUIPlugin:74 - create IPUIPlugin
2026-08-07 23:43:31,224 [INFO] PluginManager:213 - loadIPPluginJar : add ipddr
2026-08-07 23:43:31,236 [INFO] IPUIPlugin:74 - create IPUIPlugin
2026-08-07 23:43:31,236 [INFO] PluginManager:213 - loadIPPluginJar : add linkedlist
2026-08-07 23:43:31,247 [INFO] IPUIPlugin:74 - create IPUIPlugin
2026-08-07 23:43:31,247 [INFO] PluginManager:213 - loadIPPluginJar : add lorawan
2026-08-07 23:43:31,249 [INFO] IPUIPlugin:74 - create IPUIPlugin
2026-08-07 23:43:31,252 [INFO] PluginManager:213 - loadIPPluginJar : add ltdc
2026-08-07 23:43:31,264 [INFO] IPUIPlugin:74 - create IPUIPlugin
2026-08-07 23:43:31,264 [INFO] PluginManager:213 - loadIPPluginJar : add mdma
2026-08-07 23:43:31,271 [INFO] IPUIPlugin:74 - create IPUIPlugin
2026-08-07 23:43:31,273 [INFO] PluginManager:213 - loadIPPluginJar : add nvic
2026-08-07 23:43:31,281 [INFO] IPUIPlugin:74 - create IPUIPlugin
2026-08-07 23:43:31,282 [INFO] PluginManager:213 - loadIPPluginJar : add opamp
2026-08-07 23:43:31,287 [INFO] IPUIPlugin:74 - create IPUIPlugin
2026-08-07 23:43:31,288 [INFO] PluginManager:213 - loadIPPluginJar : add openamp
2026-08-07 23:43:31,297 [INFO] IPUIPlugin:74 - create IPUIPlugin
2026-08-07 23:43:31,297 [INFO] PluginManager:213 - loadIPPluginJar : add pdm2pcm
2026-08-07 23:43:31,315 [INFO] IPUIPlugin:74 - create IPUIPlugin
2026-08-07 23:43:31,323 [INFO] PluginManager:213 - loadIPPluginJar : add plateformsettings
2026-08-07 23:43:31,327 [INFO] IPUIPlugin:74 - create IPUIPlugin
2026-08-07 23:43:31,328 [INFO] PluginManager:213 - loadIPPluginJar : add quadspi
2026-08-07 23:43:31,335 [INFO] IPUIPlugin:74 - create IPUIPlugin
2026-08-07 23:43:31,336 [INFO] PluginManager:213 - loadIPPluginJar : add resmgrutility
2026-08-07 23:43:31,344 [INFO] IPUIPlugin:74 - create IPUIPlugin
2026-08-07 23:43:31,344 [INFO] PluginManager:213 - loadIPPluginJar : add sai
2026-08-07 23:43:31,349 [INFO] IPUIPlugin:74 - create IPUIPlugin
2026-08-07 23:43:31,349 [INFO] PluginManager:213 - loadIPPluginJar : add spi
2026-08-07 23:43:31,359 [INFO] IPUIPlugin:74 - create IPUIPlugin
2026-08-07 23:43:31,360 [INFO] PluginManager:213 - loadIPPluginJar : add stm32_wpan
2026-08-07 23:43:31,362 [INFO] IPUIPlugin:74 - create IPUIPlugin
2026-08-07 23:43:31,363 [INFO] PluginManager:213 - loadIPPluginJar : add tim
2026-08-07 23:43:31,367 [INFO] IPUIPlugin:74 - create IPUIPlugin
2026-08-07 23:43:31,367 [INFO] PluginManager:213 - loadIPPluginJar : add touchsensing
2026-08-07 23:43:31,372 [INFO] IPUIPlugin:74 - create IPUIPlugin
2026-08-07 23:43:31,373 [INFO] PluginManager:213 - loadIPPluginJar : add tracer_emb
2026-08-07 23:43:31,377 [INFO] IPUIPlugin:74 - create IPUIPlugin
2026-08-07 23:43:31,377 [INFO] PluginManager:213 - loadIPPluginJar : add ts
2026-08-07 23:43:31,380 [INFO] IPUIPlugin:74 - create IPUIPlugin
2026-08-07 23:43:31,381 [INFO] PluginManager:213 - loadIPPluginJar : add tsc
2026-08-07 23:43:31,384 [ERROR] LogOutputStream:74 - [STDERR_REDIRECT] [Fatal Error] :1:1: Premature end of file.
2026-08-07 23:43:31,384 [INFO] IPUIPlugin:74 - create IPUIPlugin
2026-08-07 23:43:31,385 [INFO] PluginManager:213 - loadIPPluginJar : add ucpd
2026-08-07 23:43:31,384 [ERROR] LogOutputStream:74 - [STDERR_REDIRECT] 
2026-08-07 23:43:31,391 [INFO] IPUIPlugin:74 - create IPUIPlugin
2026-08-07 23:43:31,392 [INFO] PluginManager:213 - loadIPPluginJar : add usart
2026-08-07 23:43:31,396 [INFO] IPUIPlugin:74 - create IPUIPlugin
2026-08-07 23:43:31,396 [INFO] PluginManager:213 - loadIPPluginJar : add usbx
2026-08-07 23:43:31,780 [FATAL] Updater:294 - Updater called before beeing initialized
2026-08-07 23:43:31,948 [FATAL] Updater:294 - Updater called before beeing initialized
2026-08-07 23:43:31,954 [INFO] DbMcusAds:47 - JSON generation date=Wed Jul 15 18:44:54 KST 2026 (1784108694001)
2026-08-07 23:43:31,954 [FATAL] Updater:294 - Updater called before beeing initialized
2026-08-07 23:43:31,996 [WARN] DetailPanel:314 - Failed to get advertising image, set to default
2026-08-07 23:43:32,193 [FATAL] Updater:294 - Updater called before beeing initialized
2026-08-07 23:43:32,195 [FATAL] Updater:294 - Updater called before beeing initialized
2026-08-07 23:43:32,195 [FATAL] Updater:294 - Updater called before beeing initialized
2026-08-07 23:43:32,197 [WARN] DetailPanel:314 - Failed to get advertising image, set to default
2026-08-07 23:43:32,197 [FATAL] Updater:294 - Updater called before beeing initialized
2026-08-07 23:43:32,268 [ERROR] Updater:1075 - MainUpdater not yet initialized. External WinMGr cannot be set.
2026-08-07 23:43:32,271 [INFO] Updater:1012 - Updater Version found : 6.3.0
2026-08-07 23:43:32,297 [INFO] ApplicationProperties:181 - Using Application install path: C:\ST\STM32CubeIDE_1.7.0\STM32CubeIDE\plugins\com.st.stm32cube.common.mx_6.3.0.202107141111
2026-08-07 23:43:32,355 [ERROR] LogOutputStream:74 - [STDERR_REDIRECT] [Fatal Error] :1:1: Premature end of file.
2026-08-07 23:43:32,355 [ERROR] LogOutputStream:74 - [STDERR_REDIRECT] 
2026-08-07 23:43:32,954 [INFO] MainUpdater:2671 - connection check result : 10
2026-08-07 23:43:32,956 [INFO] MainUpdater:265 - Updater Check For Update Now.
2026-08-07 23:43:32,957 [INFO] MicroXplorer:478 - Change Database Version : DB.6.0.30
2026-08-07 23:43:33,136 [INFO] CheckServerUpdateThread:112 - End of CheckServer Thread
2026-08-07 23:43:33,179 [INFO] MainUpdater:2671 - connection check result : 10
2026-08-07 23:43:33,380 [ERROR] LogOutputStream:74 - [STDERR_REDIRECT] [Fatal Error] :1:1: Premature end of file.
2026-08-07 23:43:33,381 [ERROR] LogOutputStream:74 - [STDERR_REDIRECT] 
2026-08-07 23:43:33,391 [INFO] McuFinderGlobals:52 - Set McuFinderConnectedMode to true
2026-08-07 23:43:33,603 [INFO] ServerAccessManage:362 - Download File mcusAds.json._tmp_
2026-08-07 23:43:33,726 [INFO] LoadUrlFilesThread:145 - End of LoadUrlFiles Thread
2026-08-07 23:43:33,792 [WARN] PackLoader:238 - Cannot read IP mode file for STMicroelectronics.X-CUBE-AZRTOS-H7.3.5.0
2026-08-07 23:43:33,817 [WARN] PackLoader:238 - Cannot read IP mode file for STMicroelectronics.FP-ATR-ASTRA1.2.0.3
2026-08-07 23:43:33,826 [ERROR] Engine:463 - C:\Users\yubi2\.stm32cubemx\thirdparties\pdsc\STMicroelectronics.X-CUBE-SMBUS.2.1.1.pdsc: PDSC version is not supported
2026-08-07 23:43:33,855 [WARN] PackLoader:238 - Cannot read IP mode file for STMicroelectronics.X-CUBE-AZRTOS-F7.1.1.0
2026-08-07 23:43:33,864 [ERROR] Engine:463 - C:\Users\yubi2\.stm32cubemx\thirdparties\pdsc\STMicroelectronics.X-CUBE-FREERTOS.1.6.0.pdsc: PDSC version is not supported
2026-08-07 23:43:33,868 [ERROR] Engine:463 - C:\Users\yubi2\.stm32cubemx\thirdparties\pdsc\STMicroelectronics.FP-SNS-MOTENV1.5.1.0.pdsc: PDSC version is not supported
2026-08-07 23:43:33,891 [WARN] PackLoader:238 - Cannot read IP mode file for STMicroelectronics.X-CUBE-AZRTOS-H7RS.1.3.0
2026-08-07 23:43:33,901 [ERROR] Engine:463 - C:\Users\yubi2\.stm32cubemx\thirdparties\pdsc\WES.I-CUBE-Cesium.1.4.0.pdsc: PDSC version is not supported
2026-08-07 23:43:33,907 [ERROR] Engine:463 - C:\Users\yubi2\.stm32cubemx\thirdparties\pdsc\STMicroelectronics.X-CUBE-DISPLAY.3.0.0.pdsc: PDSC version is not supported
2026-08-07 23:43:33,919 [WARN] PackLoader:238 - Cannot read IP mode file for STMicroelectronics.X-CUBE-GNSS1.7.1.1
2026-08-07 23:43:33,925 [ERROR] Engine:463 - C:\Users\yubi2\.stm32cubemx\thirdparties\pdsc\STMicroelectronics.FP-SNS-MOTENVWB1.1.5.0.pdsc: PDSC version is not supported
2026-08-07 23:43:33,932 [WARN] PackLoader:238 - Cannot read IP mode file for STMicroelectronics.X-CUBE-NFC10.1.0.0
2026-08-07 23:43:33,945 [ERROR] Engine:463 - C:\Users\yubi2\.stm32cubemx\thirdparties\pdsc\STMicroelectronics.X-CUBE-ST60.1.1.0.pdsc: PDSC version is not supported
2026-08-07 23:43:33,951 [ERROR] Engine:463 - C:\Users\yubi2\.stm32cubemx\thirdparties\pdsc\emotas.I-CUBE-CANOPEN.1.3.0.pdsc: PDSC version is not supported
2026-08-07 23:43:33,963 [WARN] PackLoader:238 - Cannot read IP mode file for wolfSSL.I-CUBE-wolfSSL.5.9.2
2026-08-07 23:43:33,971 [ERROR] Engine:463 - C:\Users\yubi2\.stm32cubemx\thirdparties\pdsc\STMicroelectronics.X-CUBE-WBA.1.1.0.pdsc: PDSC version is not supported
2026-08-07 23:43:33,980 [ERROR] Engine:463 - C:\Users\yubi2\.stm32cubemx\thirdparties\pdsc\STMicroelectronics.FP-SNS-STBOX1.2.1.0.pdsc: PDSC version is not supported
2026-08-07 23:43:33,986 [ERROR] Engine:463 - C:\Users\yubi2\.stm32cubemx\thirdparties\pdsc\STMicroelectronics.FP-SNS-SMARTAG2.1.2.0.pdsc: PDSC version is not supported
2026-08-07 23:43:33,989 [ERROR] Engine:463 - C:\Users\yubi2\.stm32cubemx\thirdparties\pdsc\STMicroelectronics.FP-SNS-FLIGHT1.5.1.0.pdsc: PDSC version is not supported
2026-08-07 23:43:34,004 [INFO] LogOutputStream:76 - [STDOUT_REDIRECT] 1 : Invalid condition id : UX_CORESTACK_Condition cause : null
2026-08-07 23:43:34,004 [INFO] LogOutputStream:76 - [STDOUT_REDIRECT] 1 : Invalid condition id : UX_CORESTACK_Condition cause : null
2026-08-07 23:43:34,006 [INFO] LogOutputStream:76 - [STDOUT_REDIRECT] 1 : Invalid condition id : UX_CORESTACK_Condition cause : null
2026-08-07 23:43:34,007 [INFO] LogOutputStream:76 - [STDOUT_REDIRECT] 1 : Invalid condition id : UX_CORESTACK_Condition cause : null
2026-08-07 23:43:34,009 [INFO] LogOutputStream:76 - [STDOUT_REDIRECT] 1 : Invalid condition id : UX_CORESTACK_Condition cause : null
2026-08-07 23:43:34,011 [WARN] PackLoader:238 - Cannot read IP mode file for STMicroelectronics.X-CUBE-AZRTOS-WL.2.0.0
2026-08-07 23:43:34,021 [WARN] PackLoader:238 - Cannot read IP mode file for STMicroelectronics.X-CUBE-BLE2.3.3.0
2026-08-07 23:43:34,024 [ERROR] Engine:463 - C:\Users\yubi2\.stm32cubemx\thirdparties\pdsc\Avnet-IOTCONNECT.X-CUBE-iotc-st67-sdk.1.0.0.pdsc: PDSC version is not supported
2026-08-07 23:43:34,031 [ERROR] Engine:463 - C:\Users\yubi2\.stm32cubemx\thirdparties\pdsc\Infineon.AIROC-Wi-Fi-Bluetooth-STM32.1.8.0.pdsc: PDSC version is not supported
2026-08-07 23:43:34,039 [WARN] PackLoader:238 - Cannot read IP mode file for STMicroelectronics.X-CUBE-NFC9.1.0.0
2026-08-07 23:43:34,049 [WARN] PackLoader:238 - Cannot read IP mode file for STMicroelectronics.X-CUBE-BLE1.7.1.0
2026-08-07 23:43:34,055 [WARN] PackLoader:238 - Cannot read IP mode file for wolfSSL.I-CUBE-wolfMQTT.1.19.2
2026-08-07 23:43:34,064 [WARN] PackLoader:238 - Cannot read IP mode file for STMicroelectronics.X-CUBE-EEPRMA1.5.2.0
2026-08-07 23:43:34,069 [ERROR] Engine:463 - C:\Users\yubi2\.stm32cubemx\thirdparties\pdsc\STMicroelectronics.FP-SNS-STAIOTCFT.1.1.0.pdsc: PDSC version is not supported
2026-08-07 23:43:34,086 [WARN] PackLoader:238 - Cannot read IP mode file for STMicroelectronics.X-CUBE-AZRTOS-G0.1.1.0
2026-08-07 23:43:34,097 [WARN] PackLoader:238 - Cannot read IP mode file for STMicroelectronics.X-CUBE-NFC4.3.0.0
2026-08-07 23:43:34,101 [ERROR] Engine:463 - C:\Users\yubi2\.stm32cubemx\thirdparties\pdsc\EmbeddedOffice.I-CUBE-FS-RTOS.1.0.1.pdsc: PDSC version is not supported
2026-08-07 23:43:34,107 [WARN] PackLoader:238 - Cannot read IP mode file for wolfSSL.I-CUBE-wolfTPM.3.8.0
2026-08-07 23:43:34,111 [ERROR] Engine:463 - C:\Users\yubi2\.stm32cubemx\thirdparties\pdsc\STMicroelectronics.X-CUBE-TCPP.4.2.0.pdsc: PDSC version is not supported
2026-08-07 23:43:34,114 [ERROR] Engine:463 - C:\Users\yubi2\.stm32cubemx\thirdparties\pdsc\RealThread.X-CUBE-RT-Thread_Nano.4.1.1.pdsc: PDSC version is not supported
2026-08-07 23:43:34,119 [WARN] PackLoader:238 - Cannot read IP mode file for STMicroelectronics.FP-ATR-SIGFOX1.3.2.0
2026-08-07 23:43:34,124 [ERROR] Engine:463 - C:\Users\yubi2\.stm32cubemx\thirdparties\pdsc\ITTIA_DB.I-CUBE-ITTIADB.8.9.0.pdsc: PDSC version is not supported
2026-08-07 23:43:34,126 [ERROR] Engine:463 - C:\Users\yubi2\.stm32cubemx\thirdparties\pdsc\Cesanta.I-CUBE-Mongoose.7.21.7.pdsc: PDSC version is not supported
2026-08-07 23:43:34,134 [WARN] PackLoader:238 - Cannot read IP mode file for STMicroelectronics.X-CUBE-NFC6.3.2.0
2026-08-07 23:43:34,147 [WARN] PackLoader:238 - Cannot read IP mode file for STMicroelectronics.X-CUBE-AI.10.2.1
2026-08-07 23:43:34,189 [WARN] PackLoader:238 - Cannot read IP mode file for STMicroelectronics.X-CUBE-MEMS1.12.1.0
2026-08-07 23:43:34,335 [WARN] PackLoader:238 - Cannot read IP mode file for SEGGER.I-CUBE-embOS.1.3.1
2026-08-07 23:43:34,375 [ERROR] LogOutputStream:74 - [STDERR_REDIRECT] [Fatal Error] :1:1: Premature end of file.
2026-08-07 23:43:34,377 [ERROR] LogOutputStream:74 - [STDERR_REDIRECT] 
2026-08-07 23:43:34,428 [WARN] PackLoader:238 - Cannot read IP mode file for STMicroelectronics.X-CUBE-NFC13.1.0.0
2026-08-07 23:43:34,439 [WARN] PackLoader:238 - Cannot read IP mode file for STMicroelectronics.X-CUBE-PM33A1.1.0.0
2026-08-07 23:43:34,458 [WARN] PackLoader:238 - Cannot read IP mode file for STMicroelectronics.X-CUBE-AZRTOS-F4.1.1.0
2026-08-07 23:43:34,471 [WARN] PackLoader:238 - Cannot read IP mode file for STMicroelectronics.X-CUBE-ISPU.2.1.0
2026-08-07 23:43:34,482 [ERROR] Engine:463 - C:\Users\yubi2\.stm32cubemx\thirdparties\pdsc\STMicroelectronics.X-CUBE-IPS.3.2.0.pdsc: PDSC version is not supported
2026-08-07 23:43:34,487 [ERROR] Engine:463 - C:\Users\yubi2\.stm32cubemx\thirdparties\pdsc\STMicroelectronics.eDS-WB_DPC_TT-BIDIR.2.1.1.pdsc: PDSC version is not supported
2026-08-07 23:43:34,500 [WARN] PackLoader:238 - Cannot read IP mode file for STMicroelectronics.X-CUBE-NFC12.1.0.0
2026-08-07 23:43:34,532 [WARN] PackLoader:238 - Cannot read IP mode file for STMicroelectronics.X-CUBE-AZRTOS-L5.2.0.0
2026-08-07 23:43:34,548 [WARN] PackLoader:238 - Cannot read IP mode file for STMicroelectronics.X-CUBE-ALGOBUILD.1.5.0
2026-08-07 23:43:34,555 [ERROR] Engine:463 - C:\Users\yubi2\.stm32cubemx\thirdparties\pdsc\STMicroelectronics.eDS-WB_DPC_VIENNA.1.2.0.pdsc: PDSC version is not supported
2026-08-07 23:43:34,560 [ERROR] Engine:463 - C:\Users\yubi2\.stm32cubemx\thirdparties\pdsc\STMicroelectronics.eDS-WB_DPC_3PH2L-BIDIR.1.1.1.pdsc: PDSC version is not supported
2026-08-07 23:43:34,570 [ERROR] Engine:463 - C:\Users\yubi2\.stm32cubemx\thirdparties\pdsc\STMicroelectronics.X-CUBE-ST67W61.1.3.0.pdsc: PDSC version is not supported
2026-08-07 23:43:34,578 [WARN] PackLoader:238 - Cannot read IP mode file for STMicroelectronics.X-CUBE-TOUCHGFX.4.26.1
2026-08-07 23:43:34,582 [ERROR] Engine:463 - C:\Users\yubi2\.stm32cubemx\thirdparties\pdsc\STMicroelectronics.X-CUBE-DPower.1.3.0.pdsc: PDSC version is not supported
2026-08-07 23:43:34,605 [WARN] ConditionMgr:437 - getConditionDescription Invalid condition id : LAN8742 Phy interface Condition cause : null
2026-08-07 23:43:34,606 [WARN] PackLoader:238 - Cannot read IP mode file for STMicroelectronics.X-CUBE-AZRTOS-L4.2.0.0
2026-08-07 23:43:34,607 [WARN] ConditionMgr:1038 - genDependencies : Invalid condition id : LAN8742 Phy interface Condition cause : null
2026-08-07 23:43:34,607 [WARN] ConditionMgr:1038 - genDependencies : Invalid condition id : LAN8742 Phy interface Condition cause : null
2026-08-07 23:43:34,608 [WARN] ConditionMgr:1038 - genDependencies : Invalid condition id : LAN8742 Phy interface Condition cause : null
2026-08-07 23:43:34,618 [WARN] PackLoader:238 - Cannot read IP mode file for STMicroelectronics.X-CUBE-SFXS2LP1.4.0.0
2026-08-07 23:43:34,625 [WARN] PackLoader:238 - Cannot read IP mode file for STMicroelectronics.X-CUBE-WB05N.2.1.0
2026-08-07 23:43:34,646 [WARN] ConditionMgr:437 - getConditionDescription Invalid condition id : UX DEVICE CLASS RTOS Condition cause : null
2026-08-07 23:43:34,647 [WARN] ConditionMgr:437 - getConditionDescription Invalid condition id : UX DEVICE CLASS RTOS Condition cause : null
2026-08-07 23:43:34,650 [WARN] PackLoader:238 - Cannot read IP mode file for STMicroelectronics.X-CUBE-AZRTOS-WB.2.0.0
2026-08-07 23:43:34,650 [WARN] ConditionMgr:1038 - genDependencies : Invalid condition id : UX DEVICE CLASS RTOS Condition cause : null
2026-08-07 23:43:34,651 [WARN] ConditionMgr:1038 - genDependencies : Invalid condition id : UX DEVICE CLASS RTOS Condition cause : null
2026-08-07 23:43:34,651 [WARN] ConditionMgr:1038 - genDependencies : Invalid condition id : UX DEVICE CLASS RTOS Condition cause : null
2026-08-07 23:43:34,651 [WARN] ConditionMgr:1038 - genDependencies : Invalid condition id : UX DEVICE CLASS RTOS Condition cause : null
2026-08-07 23:43:34,651 [WARN] ConditionMgr:1038 - genDependencies : Invalid condition id : UX DEVICE CLASS RTOS Condition cause : null
2026-08-07 23:43:34,655 [ERROR] Engine:463 - C:\Users\yubi2\.stm32cubemx\thirdparties\pdsc\quantropi.X-CUBE-qispace-sdk-base.2.1.0.pdsc: PDSC version is not supported
2026-08-07 23:43:34,665 [WARN] PackLoader:238 - Cannot read IP mode file for STMicroelectronics.X-CUBE-STSE01.2.0.0
2026-08-07 23:43:34,683 [WARN] PackLoader:238 - Cannot read IP mode file for STMicroelectronics.X-CUBE-SUBG2.5.0.0
2026-08-07 23:43:34,704 [WARN] PackLoader:238 - Cannot read IP mode file for STMicroelectronics.X-CUBE-AZRTOS-G4.2.0.0
2026-08-07 23:43:34,712 [WARN] PackLoader:238 - Cannot read IP mode file for wolfSSL.I-CUBE-wolfSSH.1.4.20
2026-08-07 23:43:34,719 [WARN] PackLoader:238 - Cannot read IP mode file for STMicroelectronics.X-CUBE-NFC7.2.0.0
2026-08-07 23:43:34,730 [ERROR] Engine:463 - C:\Users\yubi2\.stm32cubemx\thirdparties\pdsc\STMicroelectronics.X-CUBE-BLEMGR.4.2.0.pdsc: PDSC version is not supported
2026-08-07 23:43:34,735 [ERROR] Engine:463 - C:\Users\yubi2\.stm32cubemx\thirdparties\pdsc\STMicroelectronics.X-CUBE-ALS.1.0.2.pdsc: PDSC version is not supported
2026-08-07 23:43:34,744 [ERROR] Engine:463 - C:\Users\yubi2\.stm32cubemx\thirdparties\pdsc\STMicroelectronics.X-CUBE-TOF1.3.4.3.pdsc: PDSC version is not supported
2026-08-07 23:43:34,745 [INFO] ThirdParty:915 - Integrity check success = true
2026-08-07 23:43:34,745 [INFO] IntegrityCheckThread:94 - exiting critical section [integrity check]
2026-08-07 23:43:34,746 [INFO] IntegrityCheckThread:97 - End integrity checks thread
2026-08-07 23:43:35,355 [ERROR] LogOutputStream:74 - [STDERR_REDIRECT] [Fatal Error] :1:1: Premature end of file.
2026-08-07 23:43:35,356 [ERROR] LogOutputStream:74 - [STDERR_REDIRECT] 
2026-08-07 23:43:36,355 [ERROR] LogOutputStream:74 - [STDERR_REDIRECT] [Fatal Error] :1:1: Premature end of file.
2026-08-07 23:43:36,355 [ERROR] LogOutputStream:74 - [STDERR_REDIRECT] 
2026-08-07 23:43:37,374 [ERROR] LogOutputStream:74 - [STDERR_REDIRECT] [Fatal Error] :1:1: Premature end of file.
2026-08-07 23:43:37,376 [ERROR] LogOutputStream:74 - [STDERR_REDIRECT] 
2026-08-07 23:43:38,357 [ERROR] LogOutputStream:74 - [STDERR_REDIRECT] [Fatal Error] :1:1: Premature end of file.
2026-08-07 23:43:38,358 [ERROR] LogOutputStream:74 - [STDERR_REDIRECT] 
2026-08-07 23:43:39,363 [ERROR] LogOutputStream:74 - [STDERR_REDIRECT] [Fatal Error] :1:1: Premature end of file.
2026-08-07 23:43:39,364 [ERROR] LogOutputStream:74 - [STDERR_REDIRECT] 
2026-08-07 23:43:40,346 [ERROR] LogOutputStream:74 - [STDERR_REDIRECT] [Fatal Error] :1:1: Premature end of file.
2026-08-07 23:43:40,346 [ERROR] LogOutputStream:74 - [STDERR_REDIRECT] 
2026-08-07 23:43:41,373 [ERROR] LogOutputStream:74 - [STDERR_REDIRECT] [Fatal Error] :1:1: Premature end of file.
2026-08-07 23:43:41,373 [ERROR] LogOutputStream:74 - [STDERR_REDIRECT] 
2026-08-07 23:43:42,366 [ERROR] LogOutputStream:74 - [STDERR_REDIRECT] [Fatal Error] :1:1: Premature end of file.
2026-08-07 23:43:42,367 [ERROR] LogOutputStream:74 - [STDERR_REDIRECT] 
2026-08-07 23:43:43,359 [ERROR] LogOutputStream:74 - [STDERR_REDIRECT] [Fatal Error] :1:1: Premature end of file.
2026-08-07 23:43:43,359 [ERROR] LogOutputStream:74 - [STDERR_REDIRECT] 
2026-08-07 23:43:44,390 [ERROR] LogOutputStream:74 - [STDERR_REDIRECT] [Fatal Error] :1:1: Premature end of file.
2026-08-07 23:43:44,390 [ERROR] LogOutputStream:74 - [STDERR_REDIRECT] 
2026-08-07 23:43:45,361 [ERROR] LogOutputStream:74 - [STDERR_REDIRECT] [Fatal Error] :1:1: Premature end of file.
2026-08-07 23:43:45,361 [ERROR] LogOutputStream:74 - [STDERR_REDIRECT] 
2026-08-07 23:43:46,328 [ERROR] LogOutputStream:74 - [STDERR_REDIRECT] [Fatal Error] :1:1: Premature end of file.
2026-08-07 23:43:46,329 [ERROR] LogOutputStream:74 - [STDERR_REDIRECT] 
2026-08-07 23:43:47,359 [ERROR] LogOutputStream:74 - [STDERR_REDIRECT] [Fatal Error] :1:1: Premature end of file.
2026-08-07 23:43:47,359 [ERROR] LogOutputStream:74 - [STDERR_REDIRECT] 
2026-08-07 23:43:48,383 [ERROR] LogOutputStream:74 - [STDERR_REDIRECT] [Fatal Error] :1:1: Premature end of file.
2026-08-07 23:43:48,384 [ERROR] LogOutputStream:74 - [STDERR_REDIRECT] 
2026-08-07 23:43:49,364 [ERROR] LogOutputStream:74 - [STDERR_REDIRECT] [Fatal Error] :1:1: Premature end of file.
2026-08-07 23:43:49,365 [ERROR] LogOutputStream:74 - [STDERR_REDIRECT] 
2026-08-07 23:43:50,351 [ERROR] LogOutputStream:74 - [STDERR_REDIRECT] [Fatal Error] :1:1: Premature end of file.
2026-08-07 23:43:50,351 [ERROR] LogOutputStream:74 - [STDERR_REDIRECT] 
2026-08-07 23:43:51,355 [ERROR] LogOutputStream:74 - [STDERR_REDIRECT] [Fatal Error] :1:1: Premature end of file.
2026-08-07 23:43:51,355 [ERROR] LogOutputStream:74 - [STDERR_REDIRECT] 
2026-08-07 23:43:52,366 [ERROR] LogOutputStream:74 - [STDERR_REDIRECT] [Fatal Error] :1:1: Premature end of file.
2026-08-07 23:43:52,367 [ERROR] LogOutputStream:74 - [STDERR_REDIRECT] 
2026-08-07 23:43:53,339 [ERROR] LogOutputStream:74 - [STDERR_REDIRECT] [Fatal Error] :1:1: Premature end of file.
2026-08-07 23:43:53,339 [ERROR] LogOutputStream:74 - [STDERR_REDIRECT] 
2026-08-07 23:43:53,781 [ERROR] ServerAccessManage:1016 - HTTP unexpected response (522) for https://stmcufinder.com/API/getFiles.php?
2026-08-07 23:43:53,782 [ERROR] ServerAccessManage:531 - Error during Access to HTTP Server. : mcusDocs.json._tmp_.
2026-08-07 23:43:54,359 [ERROR] LogOutputStream:74 - [STDERR_REDIRECT] [Fatal Error] :1:1: Premature end of file.
2026-08-07 23:43:54,359 [ERROR] LogOutputStream:74 - [STDERR_REDIRECT] 
2026-08-07 23:43:55,228 [INFO] LoadUrlFilesThread:145 - End of LoadUrlFiles Thread
2026-08-07 23:43:55,368 [ERROR] LogOutputStream:74 - [STDERR_REDIRECT] [Fatal Error] :1:1: Premature end of file.
2026-08-07 23:43:55,369 [ERROR] LogOutputStream:74 - [STDERR_REDIRECT] 
2026-08-07 23:43:56,353 [ERROR] LogOutputStream:74 - [STDERR_REDIRECT] [Fatal Error] :1:1: Premature end of file.
2026-08-07 23:43:56,354 [ERROR] LogOutputStream:74 - [STDERR_REDIRECT] 
2026-08-07 23:43:57,348 [ERROR] LogOutputStream:74 - [STDERR_REDIRECT] [Fatal Error] :1:1: Premature end of file.
2026-08-07 23:43:57,349 [ERROR] LogOutputStream:74 - [STDERR_REDIRECT] 
2026-08-07 23:43:57,430 [INFO] DbMcusAds:47 - JSON generation date=Wed Jul 15 18:44:54 KST 2026 (1784108694001)
2026-08-07 23:43:57,446 [INFO] DbMcusDocs:143 - JSON generation date=Mon Jun 07 17:53:21 KST 2021 (1623056001)
2026-08-07 23:43:57,447 [INFO] DbMcusXml:100 - Load MCU database from C:\ST\STM32CubeIDE_1.7.0\STM32CubeIDE\plugins\com.st.stm32cube.common.mx_6.3.0.202107141111\\db\/mcu/families.xml
2026-08-07 23:43:58,315 [INFO] DbMcusJson:93 - JSON generation date=Mon Jun 07 17:53:21 KST 2021 (1623056001)
2026-08-07 23:43:58,442 [ERROR] LogOutputStream:74 - [STDERR_REDIRECT] [Fatal Error] :1:1: Premature end of file.
2026-08-07 23:43:58,443 [ERROR] LogOutputStream:74 - [STDERR_REDIRECT] 
2026-08-07 23:43:59,313 [INFO] DbMcus:175 - Found 1951 MCUs (1903 are supported by CubeMX, 1903 are visible in CubeMX)
2026-08-07 23:43:59,314 [INFO] ApiDb:242 - User favorites file not found: C:\Users\yubi2/.stm32cubeide/favorites.mcus.txt
2026-08-07 23:43:59,315 [INFO] DbMcus:187 - Set 0 / 0 favorites MCUs
2026-08-07 23:43:59,381 [ERROR] LogOutputStream:74 - [STDERR_REDIRECT] [Fatal Error] :1:1: Premature end of file.
2026-08-07 23:43:59,382 [ERROR] LogOutputStream:74 - [STDERR_REDIRECT] 
2026-08-07 23:43:59,827 [INFO] DbMcusDocs:79 - Found 669 MCUs documents
2026-08-07 23:43:59,845 [INFO] ApiDb:276 - Save user favorites file C:\Users\yubi2/.stm32cubeide/favorites.mcus.txt: 0 item(s)
2026-08-07 23:43:59,845 [INFO] ApiDb:280 - User favorites MCUs=[]
2026-08-07 23:43:59,846 [INFO] DbMcusXml:100 - Load MCU database from C:\ST\STM32CubeIDE_1.7.0\STM32CubeIDE\plugins\com.st.stm32cube.common.mx_6.3.0.202107141111\\db\/mcu/families.xml
2026-08-07 23:44:00,380 [ERROR] LogOutputStream:74 - [STDERR_REDIRECT] [Fatal Error] :1:1: Premature end of file.
2026-08-07 23:44:00,381 [ERROR] LogOutputStream:74 - [STDERR_REDIRECT] 
2026-08-07 23:44:00,660 [INFO] DbMcusJson:93 - JSON generation date=Mon Jun 07 17:53:21 KST 2021 (1623056001)
2026-08-07 23:44:01,364 [ERROR] LogOutputStream:74 - [STDERR_REDIRECT] [Fatal Error] :1:1: Premature end of file.
2026-08-07 23:44:01,364 [ERROR] LogOutputStream:74 - [STDERR_REDIRECT] 
2026-08-07 23:44:01,408 [INFO] DbMcus:175 - Found 1951 MCUs (1903 are supported by CubeMX, 1903 are visible in CubeMX)
2026-08-07 23:44:01,409 [INFO] ApiDb:251 - Load user favorites file C:\Users\yubi2/.stm32cubeide/favorites.mcus.txt: 0 item(s)
2026-08-07 23:44:01,409 [INFO] ApiDb:255 - User favorites MCUs=[]
2026-08-07 23:44:01,409 [INFO] DbMcus:187 - Set 0 / 0 favorites MCUs
2026-08-07 23:44:01,428 [INFO] DbBoardsDocs:143 - JSON generation date=Tue Jun 01 14:52:40 KST 2021 (1622526760)
2026-08-07 23:44:01,444 [INFO] DbBoardsPdsc:90 - Found 25 items
2026-08-07 23:44:01,448 [INFO] DbBoardsPdsc:90 - Found 9 items
2026-08-07 23:44:01,455 [INFO] DbBoardsPdsc:90 - Found 33 items
2026-08-07 23:44:01,458 [INFO] DbBoardsPdsc:90 - Found 1 items
2026-08-07 23:44:01,464 [INFO] DbBoardsPdsc:90 - Found 48 items
2026-08-07 23:44:01,472 [INFO] DbBoardsPdsc:90 - Found 43 items
2026-08-07 23:44:01,474 [INFO] DbBoardsPdsc:90 - Found 2 items
2026-08-07 23:44:01,476 [INFO] DbBoardsPdsc:90 - Found 5 items
2026-08-07 23:44:01,481 [WARN] DbBoardsPdsc:254 - Board STM32H7B3I-DK: unknown feature type=Audio, name=, username=Audio stereo codec with Headphone Amp (CS42L51-CNZ), n=1
2026-08-07 23:44:01,481 [WARN] DbBoardsPdsc:254 - Board STM32H735G-DK: unknown feature type=Audio, name=, username=Audio stereo codec with Headphone Amp (WM8994ECS/R), n=1
2026-08-07 23:44:01,483 [WARN] DbBoardsPdsc:254 - Board STM32H7B3I-EVAL: unknown feature type=Audio, name=, username=Multi-Channel Audio Codec (CS42L51-CNZ), n=1
2026-08-07 23:44:01,483 [WARN] DbBoardsPdsc:254 - Board STM32H7B3I-EVAL: unknown feature type=Meter, name=, username=Power-metering and Temperature-monitoring with sigma-delta modulators, n=1
2026-08-07 23:44:01,483 [WARN] DbBoardsPdsc:254 - Board STM32H7B3I-EVAL: unknown feature type=Motor, name=, username=Motor Control, n=1
2026-08-07 23:44:01,484 [WARN] DbBoardsPdsc:254 - Board STM32U575I-EV: unknown feature type=joystick, name=, username=4-direction joystick with selection button, n=1
2026-08-07 23:44:01,497 [INFO] DbBoardsJson:86 - JSON generation date=Tue Jun 01 14:52:40 KST 2021 (1622526760)
2026-08-07 23:44:01,503 [INFO] DbBoards:117 - Found 166 boards (163 are supported by CubeMX)
2026-08-07 23:44:01,515 [INFO] DbBoardsDocs:143 - JSON generation date=Tue Jun 01 14:52:40 KST 2021 (1622526760)
2026-08-07 23:44:01,534 [INFO] DbBoardsDocs:79 - Found 193 boards documents
2026-08-07 23:44:01,535 [WARN] DbBoards:127 - board B-L462E-CELL1 has no document id list !
2026-08-07 23:44:01,535 [WARN] DbBoards:127 - board B-L475E-IOT01A2 has no document id list !
2026-08-07 23:44:01,535 [WARN] DbBoards:127 - board B-U585I-IOT02A has no document id list !
2026-08-07 23:44:01,537 [WARN] DbBoards:127 - board NUCLEO-G0B1RE has no document id list !
2026-08-07 23:44:01,537 [WARN] DbBoards:127 - board NUCLEO-H743ZI has no document id list !
2026-08-07 23:44:01,537 [WARN] DbBoards:127 - board NUCLEO-L4A6ZG has no document id list !
2026-08-07 23:44:01,537 [WARN] DbBoards:127 - board NUCLEO-U575ZI-Q has no document id list !
2026-08-07 23:44:01,537 [WARN] DbBoards:127 - board NUCLEO-WB15CC has no document id list !
2026-08-07 23:44:01,537 [WARN] DbBoards:127 - board NUCLEO-WB55RG has no document id list !
2026-08-07 23:44:01,537 [WARN] DbBoards:127 - board NUCLEO-WL55JC2 has no document id list !
2026-08-07 23:44:01,537 [WARN] DbBoards:127 - board P-NUCLEO-WB55-Nucleo has no document id list !
2026-08-07 23:44:01,537 [WARN] DbBoards:127 - board P-NUCLEO-WB55-USBDongle has no document id list !
2026-08-07 23:44:01,537 [WARN] DbBoards:127 - board STEVAL-BFA001V1B has no document id list !
2026-08-07 23:44:01,537 [WARN] DbBoards:127 - board STEVAL-BFA001V2B has no document id list !
2026-08-07 23:44:01,537 [WARN] DbBoards:127 - board STEVAL-IDP005V1 has no document id list !
2026-08-07 23:44:01,537 [WARN] DbBoards:127 - board STEVAL-IDP005V2 has no document id list !
2026-08-07 23:44:01,537 [WARN] DbBoards:127 - board STEVAL-MKSBOX1V1 has no document id list !
2026-08-07 23:44:01,537 [WARN] DbBoards:127 - board STEVAL-STWINKT1 has no document id list !
2026-08-07 23:44:01,537 [WARN] DbBoards:127 - board STEVAL-STWINKT1B has no document id list !
2026-08-07 23:44:01,537 [WARN] DbBoards:127 - board STM32F401C-DISCO has no document id list !
2026-08-07 23:44:01,537 [WARN] DbBoards:127 - board STM32F769I-DISC1 has no document id list !
2026-08-07 23:44:01,537 [WARN] DbBoards:127 - board STM32G0C1E-EV has no document id list !
2026-08-07 23:44:01,537 [WARN] DbBoards:127 - board STM32G474E-EVAL1 has no document id list !
2026-08-07 23:44:01,537 [WARN] DbBoards:127 - board STM32H743I-EVAL2 has no document id list !
2026-08-07 23:44:01,537 [WARN] DbBoards:127 - board STM32H747I-DISC1 has no document id list !
2026-08-07 23:44:01,537 [WARN] DbBoards:127 - board STM32H753I-EVAL2 has no document id list !
2026-08-07 23:44:01,537 [WARN] DbBoards:127 - board STM32L-DISCOVERY has no document id list !
2026-08-07 23:44:01,537 [WARN] DbBoards:127 - board STM32MP157A-DK1 has no document id list !
2026-08-07 23:44:01,543 [WARN] DbBoards:127 - board STM32MP157D-DK1 has no document id list !
2026-08-07 23:44:01,543 [WARN] DbBoards:127 - board STM32MP157D-EV1 has no document id list !
2026-08-07 23:44:01,543 [WARN] DbBoards:127 - board STM32MP157F-DK2 has no document id list !
2026-08-07 23:44:01,543 [WARN] DbBoards:127 - board STM32MP157F-EV1 has no document id list !
2026-08-07 23:44:01,543 [WARN] DbBoards:127 - board STM32U575I-EV has no document id list !
2026-08-07 23:44:01,543 [WARN] DbBoards:127 - board STM32WB5MM-DK has no document id list !
2026-08-07 23:44:02,349 [ERROR] LogOutputStream:74 - [STDERR_REDIRECT] [Fatal Error] :1:1: Premature end of file.
2026-08-07 23:44:02,349 [ERROR] LogOutputStream:74 - [STDERR_REDIRECT] 
2026-08-07 23:44:03,374 [ERROR] LogOutputStream:74 - [STDERR_REDIRECT] [Fatal Error] :1:1: Premature end of file.
2026-08-07 23:44:03,374 [ERROR] LogOutputStream:74 - [STDERR_REDIRECT] 
2026-08-07 23:44:03,557 [INFO] ApiDb:242 - User favorites file not found: C:\Users\yubi2/.stm32cubeide/favorites.boards.txt
2026-08-07 23:44:03,558 [INFO] DbBoards:206 - Set 0 / 0 favorites Boards
2026-08-07 23:44:03,584 [INFO] DbBoardsDocs:79 - Found 386 boards documents
2026-08-07 23:44:03,586 [INFO] ApiDb:276 - Save user favorites file C:\Users\yubi2/.stm32cubeide/favorites.boards.txt: 0 item(s)
2026-08-07 23:44:03,586 [INFO] ApiDb:280 - User favorites Boards=[]
2026-08-07 23:44:03,594 [INFO] DbBoardsPdsc:90 - Found 25 items
2026-08-07 23:44:03,598 [INFO] DbBoardsPdsc:90 - Found 9 items
2026-08-07 23:44:03,603 [INFO] DbBoardsPdsc:90 - Found 33 items
2026-08-07 23:44:03,606 [INFO] DbBoardsPdsc:90 - Found 1 items
2026-08-07 23:44:03,615 [INFO] DbBoardsPdsc:90 - Found 48 items
2026-08-07 23:44:03,623 [INFO] DbBoardsPdsc:90 - Found 43 items
2026-08-07 23:44:03,626 [INFO] DbBoardsPdsc:90 - Found 2 items
2026-08-07 23:44:03,628 [INFO] DbBoardsPdsc:90 - Found 5 items
2026-08-07 23:44:03,631 [WARN] DbBoardsPdsc:254 - Board STM32H7B3I-DK: unknown feature type=Audio, name=, username=Audio stereo codec with Headphone Amp (CS42L51-CNZ), n=1
2026-08-07 23:44:03,632 [WARN] DbBoardsPdsc:254 - Board STM32H735G-DK: unknown feature type=Audio, name=, username=Audio stereo codec with Headphone Amp (WM8994ECS/R), n=1
2026-08-07 23:44:03,633 [WARN] DbBoardsPdsc:254 - Board STM32H7B3I-EVAL: unknown feature type=Audio, name=, username=Multi-Channel Audio Codec (CS42L51-CNZ), n=1
2026-08-07 23:44:03,634 [WARN] DbBoardsPdsc:254 - Board STM32H7B3I-EVAL: unknown feature type=Meter, name=, username=Power-metering and Temperature-monitoring with sigma-delta modulators, n=1
2026-08-07 23:44:03,634 [WARN] DbBoardsPdsc:254 - Board STM32H7B3I-EVAL: unknown feature type=Motor, name=, username=Motor Control, n=1
2026-08-07 23:44:03,634 [WARN] DbBoardsPdsc:254 - Board STM32U575I-EV: unknown feature type=joystick, name=, username=4-direction joystick with selection button, n=1
2026-08-07 23:44:03,661 [INFO] DbBoardsJson:86 - JSON generation date=Tue Jun 01 14:52:40 KST 2021 (1622526760)
2026-08-07 23:44:03,667 [INFO] DbBoards:117 - Found 166 boards (163 are supported by CubeMX)
2026-08-07 23:44:03,668 [WARN] DbBoards:127 - board B-L462E-CELL1 has no document id list !
2026-08-07 23:44:03,668 [WARN] DbBoards:127 - board B-L475E-IOT01A2 has no document id list !
2026-08-07 23:44:03,668 [WARN] DbBoards:127 - board B-U585I-IOT02A has no document id list !
2026-08-07 23:44:03,668 [WARN] DbBoards:127 - board NUCLEO-G0B1RE has no document id list !
2026-08-07 23:44:03,668 [WARN] DbBoards:127 - board NUCLEO-H743ZI has no document id list !
2026-08-07 23:44:03,668 [WARN] DbBoards:127 - board NUCLEO-L4A6ZG has no document id list !
2026-08-07 23:44:03,669 [WARN] DbBoards:127 - board NUCLEO-U575ZI-Q has no document id list !
2026-08-07 23:44:03,669 [WARN] DbBoards:127 - board NUCLEO-WB15CC has no document id list !
2026-08-07 23:44:03,669 [WARN] DbBoards:127 - board NUCLEO-WB55RG has no document id list !
2026-08-07 23:44:03,669 [WARN] DbBoards:127 - board NUCLEO-WL55JC2 has no document id list !
2026-08-07 23:44:03,669 [WARN] DbBoards:127 - board P-NUCLEO-WB55-Nucleo has no document id list !
2026-08-07 23:44:03,670 [WARN] DbBoards:127 - board P-NUCLEO-WB55-USBDongle has no document id list !
2026-08-07 23:44:03,670 [WARN] DbBoards:127 - board STEVAL-BFA001V1B has no document id list !
2026-08-07 23:44:03,670 [WARN] DbBoards:127 - board STEVAL-BFA001V2B has no document id list !
2026-08-07 23:44:03,670 [WARN] DbBoards:127 - board STEVAL-IDP005V1 has no document id list !
2026-08-07 23:44:03,670 [WARN] DbBoards:127 - board STEVAL-IDP005V2 has no document id list !
2026-08-07 23:44:03,670 [WARN] DbBoards:127 - board STEVAL-MKSBOX1V1 has no document id list !
2026-08-07 23:44:03,670 [WARN] DbBoards:127 - board STEVAL-STWINKT1 has no document id list !
2026-08-07 23:44:03,670 [WARN] DbBoards:127 - board STEVAL-STWINKT1B has no document id list !
2026-08-07 23:44:03,670 [WARN] DbBoards:127 - board STM32F401C-DISCO has no document id list !
2026-08-07 23:44:03,670 [WARN] DbBoards:127 - board STM32F769I-DISC1 has no document id list !
2026-08-07 23:44:03,670 [WARN] DbBoards:127 - board STM32G0C1E-EV has no document id list !
2026-08-07 23:44:03,671 [WARN] DbBoards:127 - board STM32G474E-EVAL1 has no document id list !
2026-08-07 23:44:03,671 [WARN] DbBoards:127 - board STM32H743I-EVAL2 has no document id list !
2026-08-07 23:44:03,671 [WARN] DbBoards:127 - board STM32H747I-DISC1 has no document id list !
2026-08-07 23:44:03,671 [WARN] DbBoards:127 - board STM32H753I-EVAL2 has no document id list !
2026-08-07 23:44:03,671 [WARN] DbBoards:127 - board STM32L-DISCOVERY has no document id list !
2026-08-07 23:44:03,671 [WARN] DbBoards:127 - board STM32MP157A-DK1 has no document id list !
2026-08-07 23:44:03,671 [WARN] DbBoards:127 - board STM32MP157D-DK1 has no document id list !
2026-08-07 23:44:03,671 [WARN] DbBoards:127 - board STM32MP157D-EV1 has no document id list !
2026-08-07 23:44:03,671 [WARN] DbBoards:127 - board STM32MP157F-DK2 has no document id list !
2026-08-07 23:44:03,672 [WARN] DbBoards:127 - board STM32MP157F-EV1 has no document id list !
2026-08-07 23:44:03,672 [WARN] DbBoards:127 - board STM32U575I-EV has no document id list !
2026-08-07 23:44:03,672 [WARN] DbBoards:127 - board STM32WB5MM-DK has no document id list !
2026-08-07 23:44:04,384 [ERROR] LogOutputStream:74 - [STDERR_REDIRECT] [Fatal Error] :1:1: Premature end of file.
2026-08-07 23:44:04,384 [ERROR] LogOutputStream:74 - [STDERR_REDIRECT] 
2026-08-07 23:44:05,195 [INFO] ApiDb:251 - Load user favorites file C:\Users\yubi2/.stm32cubeide/favorites.boards.txt: 0 item(s)
2026-08-07 23:44:05,195 [INFO] ApiDb:255 - User favorites Boards=[]
2026-08-07 23:44:05,195 [INFO] DbBoards:206 - Set 0 / 0 favorites Boards
2026-08-07 23:44:05,195 [ERROR] TargetSelectorAdapter:232 - Unable to refresh data
2026-08-07 23:44:05,377 [ERROR] LogOutputStream:74 - [STDERR_REDIRECT] [Fatal Error] :1:1: Premature end of file.
2026-08-07 23:44:05,378 [ERROR] LogOutputStream:74 - [STDERR_REDIRECT] 
2026-08-07 23:44:05,386 [INFO] McuFinderGlobals:52 - Set McuFinderConnectedMode to false
2026-08-07 23:44:05,533 [INFO] CrossSelectorPresenter:1330 - Cross Selector saved comparison directory: C:\Users\yubi2\.stmcufinder\plugins\mcufinder\mcu\cs_comparisons_mx
2026-08-07 23:44:05,541 [INFO] MultiScanPanel:197 - Auto-refresh data requested => check proxy status ongoing
2026-08-07 23:44:05,542 [INFO] MultiScanPanel:201 - Proxy status is invalid
2026-08-07 23:44:05,553 [INFO] FinderPluginLoader:87 - Searching for filters in installed packs
2026-08-07 23:44:06,084 [INFO] DetailPanel:309 - Set advertising image to C:/Users/yubi2/STM32Cube/Repository/\en.stm32h5cubemxbanner.png
2026-08-07 23:44:06,380 [ERROR] LogOutputStream:74 - [STDERR_REDIRECT] [Fatal Error] :1:1: Premature end of file.
2026-08-07 23:44:06,380 [ERROR] LogOutputStream:74 - [STDERR_REDIRECT] 
2026-08-07 23:44:06,602 [INFO] ToolPreferences:109 - Table McuList, key=mcufinder_cubeide.mculist: column name not found=Commercial Part No
2026-08-07 23:44:06,720 [INFO] ToolPreferences:109 - Table McuList, key=mcufinder_cubeide.mculist: column name not found=Commercial Part No
2026-08-07 23:44:06,821 [INFO] ToolPreferences:109 - Table McuList, key=mcufinder_cubeide.mculist: column name not found=Commercial Part No
2026-08-07 23:44:07,398 [ERROR] LogOutputStream:74 - [STDERR_REDIRECT] [Fatal Error] :1:1: Premature end of file.
2026-08-07 23:44:07,398 [ERROR] LogOutputStream:74 - [STDERR_REDIRECT] 
2026-08-07 23:44:08,349 [ERROR] LogOutputStream:74 - [STDERR_REDIRECT] [Fatal Error] :1:1: Premature end of file.
2026-08-07 23:44:08,349 [ERROR] LogOutputStream:74 - [STDERR_REDIRECT] 
2026-08-07 23:44:09,361 [ERROR] LogOutputStream:74 - [STDERR_REDIRECT] [Fatal Error] :1:1: Premature end of file.
2026-08-07 23:44:09,361 [ERROR] LogOutputStream:74 - [STDERR_REDIRECT] 
2026-08-07 23:44:10,360 [ERROR] LogOutputStream:74 - [STDERR_REDIRECT] [Fatal Error] :1:1: Premature end of file.
2026-08-07 23:44:10,361 [ERROR] LogOutputStream:74 - [STDERR_REDIRECT] 
2026-08-07 23:44:11,357 [ERROR] LogOutputStream:74 - [STDERR_REDIRECT] [Fatal Error] :1:1: Premature end of file.
2026-08-07 23:44:11,357 [ERROR] LogOutputStream:74 - [STDERR_REDIRECT] 
2026-08-07 23:44:12,367 [ERROR] LogOutputStream:74 - [STDERR_REDIRECT] [Fatal Error] :1:1: Premature end of file.
2026-08-07 23:44:12,367 [ERROR] LogOutputStream:74 - [STDERR_REDIRECT] 
2026-08-07 23:44:13,373 [ERROR] LogOutputStream:74 - [STDERR_REDIRECT] [Fatal Error] :1:1: Premature end of file.
2026-08-07 23:44:13,374 [ERROR] LogOutputStream:74 - [STDERR_REDIRECT] 
2026-08-07 23:44:14,378 [ERROR] LogOutputStream:74 - [STDERR_REDIRECT] [Fatal Error] :1:1: Premature end of file.
2026-08-07 23:44:14,379 [ERROR] LogOutputStream:74 - [STDERR_REDIRECT] 
2026-08-07 23:44:15,373 [ERROR] LogOutputStream:74 - [STDERR_REDIRECT] [Fatal Error] :1:1: Premature end of file.
2026-08-07 23:44:15,374 [ERROR] LogOutputStream:74 - [STDERR_REDIRECT] 
2026-08-07 23:44:16,403 [ERROR] LogOutputStream:74 - [STDERR_REDIRECT] [Fatal Error] :1:1: Premature end of file.
2026-08-07 23:44:16,405 [ERROR] LogOutputStream:74 - [STDERR_REDIRECT] 
2026-08-07 23:44:17,397 [ERROR] LogOutputStream:74 - [STDERR_REDIRECT] [Fatal Error] :1:1: Premature end of file.
2026-08-07 23:44:17,397 [ERROR] LogOutputStream:74 - [STDERR_REDIRECT] 
2026-08-07 23:44:18,386 [ERROR] LogOutputStream:74 - [STDERR_REDIRECT] [Fatal Error] :1:1: Premature end of file.
2026-08-07 23:44:18,388 [ERROR] LogOutputStream:74 - [STDERR_REDIRECT] 
2026-08-07 23:44:19,345 [ERROR] LogOutputStream:74 - [STDERR_REDIRECT] [Fatal Error] :1:1: Premature end of file.
2026-08-07 23:44:19,346 [ERROR] LogOutputStream:74 - [STDERR_REDIRECT] 
2026-08-07 23:44:20,360 [ERROR] LogOutputStream:74 - [STDERR_REDIRECT] [Fatal Error] :1:1: Premature end of file.
2026-08-07 23:44:20,360 [ERROR] LogOutputStream:74 - [STDERR_REDIRECT] 
2026-08-07 23:44:21,349 [ERROR] LogOutputStream:74 - [STDERR_REDIRECT] [Fatal Error] :1:1: Premature end of file.
2026-08-07 23:44:21,350 [ERROR] LogOutputStream:74 - [STDERR_REDIRECT] 
2026-08-07 23:44:22,375 [ERROR] LogOutputStream:74 - [STDERR_REDIRECT] [Fatal Error] :1:1: Premature end of file.
2026-08-07 23:44:22,375 [ERROR] LogOutputStream:74 - [STDERR_REDIRECT] 
2026-08-07 23:44:23,412 [ERROR] LogOutputStream:74 - [STDERR_REDIRECT] [Fatal Error] :1:1: Premature end of file.
2026-08-07 23:44:23,413 [ERROR] LogOutputStream:74 - [STDERR_REDIRECT] 
2026-08-07 23:44:24,385 [ERROR] LogOutputStream:74 - [STDERR_REDIRECT] [Fatal Error] :1:1: Premature end of file.
2026-08-07 23:44:24,386 [ERROR] LogOutputStream:74 - [STDERR_REDIRECT] 
2026-08-07 23:44:25,368 [ERROR] LogOutputStream:74 - [STDERR_REDIRECT] [Fatal Error] :1:1: Premature end of file.
2026-08-07 23:44:25,369 [ERROR] LogOutputStream:74 - [STDERR_REDIRECT] 
2026-08-07 23:44:26,378 [ERROR] LogOutputStream:74 - [STDERR_REDIRECT] [Fatal Error] :1:1: Premature end of file.
2026-08-07 23:44:26,379 [ERROR] LogOutputStream:74 - [STDERR_REDIRECT] 
2026-08-07 23:44:27,362 [ERROR] LogOutputStream:74 - [STDERR_REDIRECT] [Fatal Error] :1:1: Premature end of file.
2026-08-07 23:44:27,362 [ERROR] LogOutputStream:74 - [STDERR_REDIRECT] 
2026-08-07 23:44:28,389 [ERROR] LogOutputStream:74 - [STDERR_REDIRECT] [Fatal Error] :1:1: Premature end of file.
2026-08-07 23:44:28,389 [ERROR] LogOutputStream:74 - [STDERR_REDIRECT] 
2026-08-07 23:44:29,420 [ERROR] LogOutputStream:74 - [STDERR_REDIRECT] [Fatal Error] :1:1: Premature end of file.
2026-08-07 23:44:29,421 [ERROR] LogOutputStream:74 - [STDERR_REDIRECT] 
2026-08-07 23:44:30,375 [ERROR] LogOutputStream:74 - [STDERR_REDIRECT] [Fatal Error] :1:1: Premature end of file.
2026-08-07 23:44:30,375 [ERROR] LogOutputStream:74 - [STDERR_REDIRECT] 
2026-08-07 23:44:31,373 [ERROR] LogOutputStream:74 - [STDERR_REDIRECT] [Fatal Error] :1:1: Premature end of file.
2026-08-07 23:44:31,373 [ERROR] LogOutputStream:74 - [STDERR_REDIRECT] 
2026-08-07 23:44:32,370 [ERROR] LogOutputStream:74 - [STDERR_REDIRECT] [Fatal Error] :1:1: Premature end of file.
2026-08-07 23:44:32,370 [ERROR] LogOutputStream:74 - [STDERR_REDIRECT] 
2026-08-07 23:44:33,470 [ERROR] LogOutputStream:74 - [STDERR_REDIRECT] [Fatal Error] :1:1: Premature end of file.
2026-08-07 23:44:33,471 [ERROR] LogOutputStream:74 - [STDERR_REDIRECT] 
2026-08-07 23:44:34,352 [ERROR] LogOutputStream:74 - [STDERR_REDIRECT] [Fatal Error] :1:1: Premature end of file.
2026-08-07 23:44:34,353 [ERROR] LogOutputStream:74 - [STDERR_REDIRECT] 
2026-08-07 23:44:35,364 [ERROR] LogOutputStream:74 - [STDERR_REDIRECT] [Fatal Error] :1:1: Premature end of file.
2026-08-07 23:44:35,365 [ERROR] LogOutputStream:74 - [STDERR_REDIRECT] 
2026-08-07 23:44:36,354 [ERROR] LogOutputStream:74 - [STDERR_REDIRECT] [Fatal Error] :1:1: Premature end of file.
2026-08-07 23:44:36,355 [ERROR] LogOutputStream:74 - [STDERR_REDIRECT] 
2026-08-07 23:44:37,380 [ERROR] LogOutputStream:74 - [STDERR_REDIRECT] [Fatal Error] :1:1: Premature end of file.
2026-08-07 23:44:37,381 [ERROR] LogOutputStream:74 - [STDERR_REDIRECT] 
2026-08-07 23:44:38,369 [ERROR] LogOutputStream:74 - [STDERR_REDIRECT] [Fatal Error] :1:1: Premature end of file.
2026-08-07 23:44:38,370 [ERROR] LogOutputStream:74 - [STDERR_REDIRECT] 
2026-08-07 23:44:39,397 [ERROR] LogOutputStream:74 - [STDERR_REDIRECT] [Fatal Error] :1:1: Premature end of file.
2026-08-07 23:44:39,397 [ERROR] LogOutputStream:74 - [STDERR_REDIRECT] 
2026-08-07 23:44:40,385 [ERROR] LogOutputStream:74 - [STDERR_REDIRECT] [Fatal Error] :1:1: Premature end of file.
2026-08-07 23:44:40,385 [ERROR] LogOutputStream:74 - [STDERR_REDIRECT] 
2026-08-07 23:44:41,361 [ERROR] LogOutputStream:74 - [STDERR_REDIRECT] [Fatal Error] :1:1: Premature end of file.
2026-08-07 23:44:41,361 [ERROR] LogOutputStream:74 - [STDERR_REDIRECT] 
2026-08-07 23:44:42,344 [ERROR] LogOutputStream:74 - [STDERR_REDIRECT] [Fatal Error] :1:1: Premature end of file.
2026-08-07 23:44:42,345 [ERROR] LogOutputStream:74 - [STDERR_REDIRECT] 
2026-08-07 23:44:43,395 [ERROR] LogOutputStream:74 - [STDERR_REDIRECT] [Fatal Error] :1:1: Premature end of file.
2026-08-07 23:44:43,396 [ERROR] LogOutputStream:74 - [STDERR_REDIRECT] 
2026-08-07 23:44:44,384 [ERROR] LogOutputStream:74 - [STDERR_REDIRECT] [Fatal Error] :1:1: Premature end of file.
2026-08-07 23:44:44,385 [ERROR] LogOutputStream:74 - [STDERR_REDIRECT] 
2026-08-07 23:44:45,356 [ERROR] LogOutputStream:74 - [STDERR_REDIRECT] [Fatal Error] :1:1: Premature end of file.
2026-08-07 23:44:45,356 [ERROR] LogOutputStream:74 - [STDERR_REDIRECT] 
2026-08-07 23:44:46,398 [ERROR] LogOutputStream:74 - [STDERR_REDIRECT] [Fatal Error] :1:1: Premature end of file.
2026-08-07 23:44:46,398 [ERROR] LogOutputStream:74 - [STDERR_REDIRECT] 
2026-08-07 23:44:47,432 [ERROR] LogOutputStream:74 - [STDERR_REDIRECT] [Fatal Error] :1:1: Premature end of file.
2026-08-07 23:44:47,433 [ERROR] LogOutputStream:74 - [STDERR_REDIRECT] 
2026-08-07 23:44:48,407 [ERROR] LogOutputStream:74 - [STDERR_REDIRECT] [Fatal Error] :1:1: Premature end of file.
2026-08-07 23:44:48,407 [ERROR] LogOutputStream:74 - [STDERR_REDIRECT] 
2026-08-07 23:44:49,371 [ERROR] LogOutputStream:74 - [STDERR_REDIRECT] [Fatal Error] :1:1: Premature end of file.
2026-08-07 23:44:49,372 [ERROR] LogOutputStream:74 - [STDERR_REDIRECT] 
2026-08-07 23:44:50,364 [ERROR] LogOutputStream:74 - [STDERR_REDIRECT] [Fatal Error] :1:1: Premature end of file.
2026-08-07 23:44:50,365 [ERROR] LogOutputStream:74 - [STDERR_REDIRECT] 
2026-08-07 23:44:51,383 [ERROR] LogOutputStream:74 - [STDERR_REDIRECT] [Fatal Error] :1:1: Premature end of file.
2026-08-07 23:44:51,384 [ERROR] LogOutputStream:74 - [STDERR_REDIRECT] 
2026-08-07 23:44:52,364 [ERROR] LogOutputStream:74 - [STDERR_REDIRECT] [Fatal Error] :1:1: Premature end of file.
2026-08-07 23:44:52,365 [ERROR] LogOutputStream:74 - [STDERR_REDIRECT] 
2026-08-07 23:44:53,336 [ERROR] LogOutputStream:74 - [STDERR_REDIRECT] [Fatal Error] :1:1: Premature end of file.
2026-08-07 23:44:53,337 [ERROR] LogOutputStream:74 - [STDERR_REDIRECT] 
2026-08-07 23:44:54,349 [ERROR] LogOutputStream:74 - [STDERR_REDIRECT] [Fatal Error] :1:1: Premature end of file.
2026-08-07 23:44:54,350 [ERROR] LogOutputStream:74 - [STDERR_REDIRECT] 
2026-08-07 23:44:55,380 [ERROR] LogOutputStream:74 - [STDERR_REDIRECT] [Fatal Error] :1:1: Premature end of file.
2026-08-07 23:44:55,381 [ERROR] LogOutputStream:74 - [STDERR_REDIRECT] 
2026-08-07 23:44:56,355 [ERROR] LogOutputStream:74 - [STDERR_REDIRECT] [Fatal Error] :1:1: Premature end of file.
2026-08-07 23:44:56,355 [ERROR] LogOutputStream:74 - [STDERR_REDIRECT] 
2026-08-07 23:44:57,358 [ERROR] LogOutputStream:74 - [STDERR_REDIRECT] [Fatal Error] :1:1: Premature end of file.
2026-08-07 23:44:57,358 [ERROR] LogOutputStream:74 - [STDERR_REDIRECT] 
2026-08-07 23:44:58,349 [ERROR] LogOutputStream:74 - [STDERR_REDIRECT] [Fatal Error] :1:1: Premature end of file.
2026-08-07 23:44:58,350 [ERROR] LogOutputStream:74 - [STDERR_REDIRECT] 
2026-08-07 23:44:59,356 [ERROR] LogOutputStream:74 - [STDERR_REDIRECT] [Fatal Error] :1:1: Premature end of file.
2026-08-07 23:44:59,356 [ERROR] LogOutputStream:74 - [STDERR_REDIRECT] 
2026-08-07 23:45:00,391 [ERROR] LogOutputStream:74 - [STDERR_REDIRECT] [Fatal Error] :1:1: Premature end of file.
2026-08-07 23:45:00,391 [ERROR] LogOutputStream:74 - [STDERR_REDIRECT] 
2026-08-07 23:45:01,351 [ERROR] LogOutputStream:74 - [STDERR_REDIRECT] [Fatal Error] :1:1: Premature end of file.
2026-08-07 23:45:01,351 [ERROR] LogOutputStream:74 - [STDERR_REDIRECT] 
2026-08-07 23:45:02,355 [ERROR] LogOutputStream:74 - [STDERR_REDIRECT] [Fatal Error] :1:1: Premature end of file.
2026-08-07 23:45:02,355 [ERROR] LogOutputStream:74 - [STDERR_REDIRECT] 
2026-08-07 23:45:03,374 [ERROR] LogOutputStream:74 - [STDERR_REDIRECT] [Fatal Error] :1:1: Premature end of file.
2026-08-07 23:45:03,374 [ERROR] LogOutputStream:74 - [STDERR_REDIRECT] 
2026-08-07 23:45:04,354 [ERROR] LogOutputStream:74 - [STDERR_REDIRECT] [Fatal Error] :1:1: Premature end of file.
2026-08-07 23:45:04,355 [ERROR] LogOutputStream:74 - [STDERR_REDIRECT] 
2026-08-07 23:45:05,330 [ERROR] LogOutputStream:74 - [STDERR_REDIRECT] [Fatal Error] :1:1: Premature end of file.
2026-08-07 23:45:05,330 [ERROR] LogOutputStream:74 - [STDERR_REDIRECT] 
2026-08-07 23:45:06,359 [ERROR] LogOutputStream:74 - [STDERR_REDIRECT] [Fatal Error] :1:1: Premature end of file.
2026-08-07 23:45:06,360 [ERROR] LogOutputStream:74 - [STDERR_REDIRECT] 
2026-08-07 23:45:07,360 [ERROR] LogOutputStream:74 - [STDERR_REDIRECT] [Fatal Error] :1:1: Premature end of file.
2026-08-07 23:45:07,360 [ERROR] LogOutputStream:74 - [STDERR_REDIRECT] 
2026-08-07 23:45:08,378 [ERROR] LogOutputStream:74 - [STDERR_REDIRECT] [Fatal Error] :1:1: Premature end of file.
2026-08-07 23:45:08,378 [ERROR] LogOutputStream:74 - [STDERR_REDIRECT] 
2026-08-07 23:45:09,356 [ERROR] LogOutputStream:74 - [STDERR_REDIRECT] [Fatal Error] :1:1: Premature end of file.
2026-08-07 23:45:09,357 [ERROR] LogOutputStream:74 - [STDERR_REDIRECT] 
2026-08-07 23:45:10,342 [ERROR] LogOutputStream:74 - [STDERR_REDIRECT] [Fatal Error] :1:1: Premature end of file.
2026-08-07 23:45:10,343 [ERROR] LogOutputStream:74 - [STDERR_REDIRECT] 
2026-08-07 23:45:11,335 [ERROR] LogOutputStream:74 - [STDERR_REDIRECT] [Fatal Error] :1:1: Premature end of file.
2026-08-07 23:45:11,335 [ERROR] LogOutputStream:74 - [STDERR_REDIRECT] 
2026-08-07 23:45:12,362 [ERROR] LogOutputStream:74 - [STDERR_REDIRECT] [Fatal Error] :1:1: Premature end of file.
2026-08-07 23:45:12,363 [ERROR] LogOutputStream:74 - [STDERR_REDIRECT] 
2026-08-07 23:45:13,377 [ERROR] LogOutputStream:74 - [STDERR_REDIRECT] [Fatal Error] :1:1: Premature end of file.
2026-08-07 23:45:13,377 [ERROR] LogOutputStream:74 - [STDERR_REDIRECT] 
2026-08-07 23:45:14,355 [ERROR] LogOutputStream:74 - [STDERR_REDIRECT] [Fatal Error] :1:1: Premature end of file.
2026-08-07 23:45:14,355 [ERROR] LogOutputStream:74 - [STDERR_REDIRECT] 
2026-08-07 23:45:15,341 [ERROR] LogOutputStream:74 - [STDERR_REDIRECT] [Fatal Error] :1:1: Premature end of file.
2026-08-07 23:45:15,341 [ERROR] LogOutputStream:74 - [STDERR_REDIRECT] 
2026-08-07 23:45:16,341 [ERROR] LogOutputStream:74 - [STDERR_REDIRECT] [Fatal Error] :1:1: Premature end of file.
2026-08-07 23:45:16,341 [ERROR] LogOutputStream:74 - [STDERR_REDIRECT] 
2026-08-07 23:45:17,354 [ERROR] LogOutputStream:74 - [STDERR_REDIRECT] [Fatal Error] :1:1: Premature end of file.
2026-08-07 23:45:17,354 [ERROR] LogOutputStream:74 - [STDERR_REDIRECT] 
2026-08-07 23:45:18,376 [ERROR] LogOutputStream:74 - [STDERR_REDIRECT] [Fatal Error] :1:1: Premature end of file.
2026-08-07 23:45:18,376 [ERROR] LogOutputStream:74 - [STDERR_REDIRECT] 
2026-08-07 23:45:19,346 [ERROR] LogOutputStream:74 - [STDERR_REDIRECT] [Fatal Error] :1:1: Premature end of file.
2026-08-07 23:45:19,346 [ERROR] LogOutputStream:74 - [STDERR_REDIRECT] 
2026-08-07 23:45:19,534 [INFO] MainUpdater:2671 - connection check result : 10
2026-08-07 23:45:19,534 [INFO] MainUpdater:2671 - connection check result : 10
2026-08-07 23:45:19,581 [INFO] MicroXplorer:448 - Change Database Path : 
2026-08-07 23:45:19,581 [INFO] MicroXplorer:478 - Change Database Version : DB.6.0.30
2026-08-07 23:45:19,583 [WARN] ThirdParty:813 - waiting for thirdparty lock release [close project]
2026-08-07 23:45:19,583 [INFO] ThirdParty:815 - entering critical section [close project]
2026-08-07 23:45:19,584 [INFO] ThirdParty:825 - exiting critical section [close project]
2026-08-07 23:45:19,589 [INFO] PinOutPanel:1463 - setPackage(No Configuration,No Configuration)
2026-08-07 23:45:19,591 [INFO] UtilMem:74 - Begin LoadConfig() Used Memory: 484391672 Bytes (532676608)
2026-08-07 23:45:19,592 [INFO] MicroXplorer:448 - Change Database Path : 
2026-08-07 23:45:19,593 [INFO] MicroXplorer:478 - Change Database Version : DB.6.0.30
2026-08-07 23:45:19,593 [INFO] OpenFileManager:313 - Change cursor
2026-08-07 23:45:20,376 [ERROR] LogOutputStream:74 - [STDERR_REDIRECT] [Fatal Error] :1:1: Premature end of file.
2026-08-07 23:45:20,376 [ERROR] LogOutputStream:74 - [STDERR_REDIRECT] 
2026-08-07 23:45:21,395 [ERROR] LogOutputStream:74 - [STDERR_REDIRECT] [Fatal Error] :1:1: Premature end of file.
2026-08-07 23:45:21,396 [ERROR] LogOutputStream:74 - [STDERR_REDIRECT] 
2026-08-07 23:45:22,400 [ERROR] LogOutputStream:74 - [STDERR_REDIRECT] [Fatal Error] :1:1: Premature end of file.
2026-08-07 23:45:22,400 [ERROR] LogOutputStream:74 - [STDERR_REDIRECT] 
2026-08-07 23:45:23,390 [ERROR] LogOutputStream:74 - [STDERR_REDIRECT] [Fatal Error] :1:1: Premature end of file.
2026-08-07 23:45:23,390 [ERROR] LogOutputStream:74 - [STDERR_REDIRECT] 
2026-08-07 23:45:24,391 [ERROR] LogOutputStream:74 - [STDERR_REDIRECT] [Fatal Error] :1:1: Premature end of file.
2026-08-07 23:45:24,391 [ERROR] LogOutputStream:74 - [STDERR_REDIRECT] 
2026-08-07 23:45:25,347 [ERROR] LogOutputStream:74 - [STDERR_REDIRECT] [Fatal Error] :1:1: Premature end of file.
2026-08-07 23:45:25,347 [ERROR] LogOutputStream:74 - [STDERR_REDIRECT] 
2026-08-07 23:45:26,087 [INFO] Context:592 - Trying to add GPIOservice into a context  which must be forbidden
2026-08-07 23:45:26,361 [ERROR] LogOutputStream:74 - [STDERR_REDIRECT] [Fatal Error] :1:1: Premature end of file.
2026-08-07 23:45:26,362 [ERROR] LogOutputStream:74 - [STDERR_REDIRECT] 
2026-08-07 23:45:27,384 [ERROR] LogOutputStream:74 - [STDERR_REDIRECT] [Fatal Error] :1:1: Premature end of file.
2026-08-07 23:45:27,384 [ERROR] LogOutputStream:74 - [STDERR_REDIRECT] 
2026-08-07 23:45:28,368 [ERROR] LogOutputStream:74 - [STDERR_REDIRECT] [Fatal Error] :1:1: Premature end of file.
2026-08-07 23:45:28,369 [ERROR] LogOutputStream:74 - [STDERR_REDIRECT] 
2026-08-07 23:45:29,001 [INFO] ImportTextPane:167 - (OptionalMessage_ERROR) Unable to find key (Mcu.ThirdPartyNb) in loaded IOC file
2026-08-07 23:45:29,002 [INFO] ImportTextPane:167 - (OptionalMessage_ERROR) Unable to find key (Mcu.PinsNb) in loaded IOC file
2026-08-07 23:45:29,002 [INFO] ImportTextPane:167 - (OptionalMessage_ERROR) Unable to find key (Mcu.IPNb) in loaded IOC file
2026-08-07 23:45:29,144 [WARN] ApiManager:304 - Cannot register API 'Board Extension:PM33A1' from pack STMicroelectronics.X-CUBE-PM33A1.1.0.0: no header file found
2026-08-07 23:45:29,146 [WARN] ApiManager:304 - Cannot register API 'Board Extension:NFC09A1' from pack STMicroelectronics.X-CUBE-NFC9.1.0.0: no header file found
2026-08-07 23:45:29,153 [WARN] ApiManager:304 - Cannot register API 'Wireless:BlueNRG-MS' from pack STMicroelectronics.X-CUBE-BLE1.7.1.0: no header file found
2026-08-07 23:45:29,154 [WARN] ApiManager:304 - Cannot register API 'Board Extension:EEPRMA2' from pack STMicroelectronics.X-CUBE-EEPRMA1.5.2.0: no header file found
2026-08-07 23:45:29,154 [WARN] ApiManager:304 - Cannot register API 'Board Extension:PGEEZ1' from pack STMicroelectronics.X-CUBE-EEPRMA1.5.2.0: no header file found
2026-08-07 23:45:29,154 [WARN] ApiManager:304 - Cannot register API 'Board Extension:EEICA1' from pack STMicroelectronics.X-CUBE-EEPRMA1.5.2.0: no header file found
2026-08-07 23:45:29,154 [WARN] ApiManager:304 - Cannot register API 'Board Part:M24' from pack STMicroelectronics.X-CUBE-EEPRMA1.5.2.0: no header file found
2026-08-07 23:45:29,154 [WARN] ApiManager:304 - Cannot register API 'Board Part:M95' from pack STMicroelectronics.X-CUBE-EEPRMA1.5.2.0: no header file found
2026-08-07 23:45:29,154 [WARN] ApiManager:304 - Cannot register API 'Board Part:M95P32' from pack STMicroelectronics.X-CUBE-EEPRMA1.5.2.0: no header file found
2026-08-07 23:45:29,154 [WARN] ApiManager:304 - Cannot register API 'Board Part:M24256E-F' from pack STMicroelectronics.X-CUBE-EEPRMA1.5.2.0: no header file found
2026-08-07 23:45:29,154 [WARN] ApiManager:304 - Cannot register API 'Board Part:M24M01E-F' from pack STMicroelectronics.X-CUBE-EEPRMA1.5.2.0: no header file found
2026-08-07 23:45:29,154 [WARN] ApiManager:304 - Cannot register API 'PGEEZ1:SPI' from pack STMicroelectronics.X-CUBE-EEPRMA1.5.2.0: no header file found
2026-08-07 23:45:29,154 [WARN] ApiManager:304 - Cannot register API 'PGEEZ1:QDSPI' from pack STMicroelectronics.X-CUBE-EEPRMA1.5.2.0: no header file found
2026-08-07 23:45:29,160 [WARN] ApiManager:304 - Cannot register API 'Board Extension:NFC12A1' from pack STMicroelectronics.X-CUBE-NFC12.1.0.0: no header file found
2026-08-07 23:45:29,165 [WARN] ApiManager:304 - Cannot register API 'Board Extension:SAFEA1' from pack STMicroelectronics.X-CUBE-STSE01.2.0.0: no header file found
2026-08-07 23:45:29,166 [WARN] ApiManager:304 - Cannot register API 'Board Extension:ESE01A1' from pack STMicroelectronics.X-CUBE-STSE01.2.0.0: no header file found
2026-08-07 23:45:29,166 [WARN] ApiManager:304 - Cannot register API 'Board Extension:ESE02A1' from pack STMicroelectronics.X-CUBE-STSE01.2.0.0: no header file found
2026-08-07 23:45:29,166 [WARN] ApiManager:304 - Cannot register API 'Board Part:STSAFEA110' from pack STMicroelectronics.X-CUBE-STSE01.2.0.0: no header file found
2026-08-07 23:45:29,166 [WARN] ApiManager:304 - Cannot register API 'Board Part:STSAFEA120' from pack STMicroelectronics.X-CUBE-STSE01.2.0.0: no header file found
2026-08-07 23:45:29,166 [WARN] ApiManager:304 - Cannot register API 'Board Part:STSAFEL010' from pack STMicroelectronics.X-CUBE-STSE01.2.0.0: no header file found
2026-08-07 23:45:29,167 [WARN] ApiManager:304 - Cannot register API 'Security:STM32_Cryptographic' from pack STMicroelectronics.X-CUBE-STSE01.2.0.0: no header file found
2026-08-07 23:45:29,167 [WARN] ApiManager:304 - Cannot register API 'Security:STSELib' from pack STMicroelectronics.X-CUBE-STSE01.2.0.0: no header file found
2026-08-07 23:45:29,174 [INFO] RtosManager:484 - Registered RTOS mode: class=CMSIS, group=RTOS, mode=CMSIS_V1, owner=FREERTOS
2026-08-07 23:45:29,174 [INFO] RtosManager:484 - Registered RTOS mode: class=CMSIS, group=RTOS2, mode=CMSIS_V2, owner=FREERTOS
2026-08-07 23:45:29,174 [INFO] RtosManager:484 - Registered RTOS mode: class=RTOS, group=Core, mode=CMSIS_V1, owner=FREERTOS
2026-08-07 23:45:29,176 [INFO] RtosManager:484 - Registered RTOS mode: class=RTOS, group=Core, mode=CMSIS_V2, owner=FREERTOS
2026-08-07 23:45:29,177 [WARN] ModelIntegratedComponent:181 - Missing modes for component STMicroelectronics:FreeRTOS:0.0.1:STMicroelectronics:RTOS:FreeRTOS:Core:::10.2.0:
2026-08-07 23:45:29,182 [WARN] ApiManager:304 - Cannot register API 'Board Extension:NFC04A1' from pack STMicroelectronics.X-CUBE-NFC4.3.0.0: no header file found
2026-08-07 23:45:29,188 [WARN] ApiManager:304 - Cannot register API 'Board Extension:S2868A1' from pack STMicroelectronics.X-CUBE-SUBG2.5.0.0: no header file found
2026-08-07 23:45:29,188 [WARN] ApiManager:304 - Cannot register API 'Board Extension:S2868A2' from pack STMicroelectronics.X-CUBE-SUBG2.5.0.0: no header file found
2026-08-07 23:45:29,189 [WARN] ApiManager:304 - Cannot register API 'Board Extension:S2915A1' from pack STMicroelectronics.X-CUBE-SUBG2.5.0.0: no header file found
2026-08-07 23:45:29,195 [WARN] ApiManager:304 - Cannot register API 'Board Extension:NFC07A1' from pack STMicroelectronics.X-CUBE-NFC7.2.0.0: no header file found
2026-08-07 23:45:29,198 [WARN] ApiManager:304 - Cannot register API 'Board Extension:GNSS1A1' from pack STMicroelectronics.X-CUBE-GNSS1.7.1.1: no header file found
2026-08-07 23:45:29,198 [WARN] ApiManager:304 - Cannot register API 'Board Support:Custom' from pack STMicroelectronics.X-CUBE-GNSS1.7.1.1: no header file found
2026-08-07 23:45:29,198 [WARN] ApiManager:304 - Cannot register API 'Data Exchange:lib_gnss' from pack STMicroelectronics.X-CUBE-GNSS1.7.1.1: no header file found
2026-08-07 23:45:29,200 [WARN] ApiManager:304 - Cannot register API 'Board Extension:NFC10A1' from pack STMicroelectronics.X-CUBE-NFC10.1.0.0: no header file found
2026-08-07 23:45:29,203 [WARN] ModelIntegratedComponent:60 - No mode defined for component null
2026-08-07 23:45:29,203 [WARN] ModelIntegratedComponent:60 - No mode defined for component null
2026-08-07 23:45:29,204 [WARN] ModelIntegratedComponent:60 - No mode defined for component null
2026-08-07 23:45:29,204 [WARN] ModelIntegratedComponent:60 - No mode defined for component null
2026-08-07 23:45:29,204 [WARN] ModelIntegratedComponent:60 - No mode defined for component null
2026-08-07 23:45:29,204 [WARN] ModelIntegratedComponent:60 - No mode defined for component null
2026-08-07 23:45:29,204 [WARN] ModelIntegratedComponent:60 - No mode defined for component null
2026-08-07 23:45:29,204 [WARN] ModelIntegratedComponent:60 - No mode defined for component null
2026-08-07 23:45:29,204 [WARN] ModelIntegratedComponent:60 - No mode defined for component null
2026-08-07 23:45:29,204 [WARN] ModelIntegratedComponent:60 - No mode defined for component null
2026-08-07 23:45:29,204 [WARN] ModelIntegratedComponent:60 - No mode defined for component null
2026-08-07 23:45:29,204 [WARN] ModelIntegratedComponent:60 - No mode defined for component null
2026-08-07 23:45:29,205 [WARN] ModelIntegratedComponent:60 - No mode defined for component null
2026-08-07 23:45:29,205 [WARN] ModelIntegratedComponent:60 - No mode defined for component null
2026-08-07 23:45:29,205 [WARN] ModelIntegratedComponent:60 - No mode defined for component null
2026-08-07 23:45:29,205 [WARN] ModelIntegratedComponent:60 - No mode defined for component null
2026-08-07 23:45:29,205 [WARN] ModelIntegratedComponent:60 - No mode defined for component null
2026-08-07 23:45:29,205 [WARN] ModelIntegratedComponent:60 - No mode defined for component null
2026-08-07 23:45:29,205 [WARN] ModelIntegratedComponent:60 - No mode defined for component null
2026-08-07 23:45:29,205 [WARN] ModelIntegratedComponent:60 - No mode defined for component null
2026-08-07 23:45:29,205 [WARN] ModelIntegratedComponent:60 - No mode defined for component null
2026-08-07 23:45:29,205 [WARN] ModelIntegratedComponent:60 - No mode defined for component null
2026-08-07 23:45:29,205 [WARN] ModelIntegratedComponent:60 - No mode defined for component null
2026-08-07 23:45:29,207 [WARN] ModelIntegratedComponent:60 - No mode defined for component null
2026-08-07 23:45:29,207 [WARN] ModelIntegratedComponent:60 - No mode defined for component null
2026-08-07 23:45:29,207 [WARN] ModelIntegratedComponent:60 - No mode defined for component null
2026-08-07 23:45:29,207 [WARN] ModelIntegratedComponent:60 - No mode defined for component null
2026-08-07 23:45:29,207 [WARN] ModelIntegratedComponent:60 - No mode defined for component null
2026-08-07 23:45:29,207 [WARN] ModelIntegratedComponent:60 - No mode defined for component null
2026-08-07 23:45:29,207 [WARN] ModelIntegratedComponent:60 - No mode defined for component null
2026-08-07 23:45:29,207 [WARN] ModelIntegratedComponent:60 - No mode defined for component null
2026-08-07 23:45:29,211 [WARN] ApiManager:304 - Cannot register API 'Board Extension:NFC06A1' from pack STMicroelectronics.X-CUBE-NFC6.3.2.0: no header file found
2026-08-07 23:45:29,211 [WARN] ApiManager:304 - Cannot register API 'Board Extension:NFC08A1' from pack STMicroelectronics.X-CUBE-NFC6.3.2.0: no header file found
2026-08-07 23:45:29,360 [WARN] ApiManager:304 - Cannot register API 'Board Extension:IKS02A1' from pack STMicroelectronics.X-CUBE-MEMS1.12.1.0: no header file found
2026-08-07 23:45:29,360 [WARN] ApiManager:304 - Cannot register API 'Board Extension:IKS4A1' from pack STMicroelectronics.X-CUBE-MEMS1.12.1.0: no header file found
2026-08-07 23:45:29,361 [WARN] ApiManager:304 - Cannot register API 'Board Extension:IKS5A1' from pack STMicroelectronics.X-CUBE-MEMS1.12.1.0: no header file found
2026-08-07 23:45:29,368 [ERROR] LogOutputStream:74 - [STDERR_REDIRECT] [Fatal Error] :1:1: Premature end of file.
2026-08-07 23:45:29,369 [ERROR] LogOutputStream:74 - [STDERR_REDIRECT] 
2026-08-07 23:45:29,383 [WARN] ApiManager:304 - Cannot register API 'Board Extension:S2868A1' from pack STMicroelectronics.X-CUBE-SFXS2LP1.4.0.0: no header file found
2026-08-07 23:45:29,384 [WARN] ApiManager:304 - Cannot register API 'Board Extension:S2868A2' from pack STMicroelectronics.X-CUBE-SFXS2LP1.4.0.0: no header file found
2026-08-07 23:45:29,384 [WARN] ApiManager:304 - Cannot register API 'Board Extension:S2915A1' from pack STMicroelectronics.X-CUBE-SFXS2LP1.4.0.0: no header file found
2026-08-07 23:45:29,385 [WARN] ApiManager:304 - Cannot register API 'Wireless:BlueNRG-2' from pack STMicroelectronics.X-CUBE-BLE2.3.3.0: no header file found
2026-08-07 23:45:29,385 [WARN] ApiManager:304 - Cannot register API 'Board Extension:NFC13A1' from pack STMicroelectronics.X-CUBE-NFC13.1.0.0: no header file found
2026-08-07 23:45:29,386 [WARN] ApiManager:304 - Cannot register API 'Wireless:STM32WB05N' from pack STMicroelectronics.X-CUBE-WB05N.2.1.0: no header file found
2026-08-07 23:45:30,355 [ERROR] LogOutputStream:74 - [STDERR_REDIRECT] [Fatal Error] :1:1: Premature end of file.
2026-08-07 23:45:30,356 [ERROR] LogOutputStream:74 - [STDERR_REDIRECT] 
2026-08-07 23:45:31,354 [ERROR] LogOutputStream:74 - [STDERR_REDIRECT] [Fatal Error] :1:1: Premature end of file.
2026-08-07 23:45:31,354 [ERROR] LogOutputStream:74 - [STDERR_REDIRECT] 
2026-08-07 23:45:32,082 [INFO] UtilMem:74 - End LoadConfig() Used Memory: 646814272 Bytes (758120448)
2026-08-07 23:45:32,086 [WARN] ThirdParty:779 - waiting for thirdparty lock release [change project]
2026-08-07 23:45:32,086 [INFO] ThirdParty:781 - entering critical section [change project]
2026-08-07 23:45:32,086 [INFO] ThirdParty:967 - CMSIS Pack Vendor :STMicroelectronics X-CUBE-AZRTOS-H7 3.5.0
2026-08-07 23:45:32,086 [INFO] ThirdParty:967 - CMSIS Pack Vendor :STMicroelectronics X-CUBE-PM33A1 1.0.0
2026-08-07 23:45:32,087 [INFO] ThirdParty:967 - CMSIS Pack Vendor :STMicroelectronics X-CUBE-NFC9 1.0.0
2026-08-07 23:45:32,087 [INFO] ThirdParty:967 - CMSIS Pack Vendor :STMicroelectronics USB_HOST 2.0.0
2026-08-07 23:45:32,087 [INFO] ThirdParty:967 - CMSIS Pack Vendor :STMicroelectronics FP-ATR-ASTRA1 2.0.3
2026-08-07 23:45:32,087 [INFO] ThirdParty:967 - CMSIS Pack Vendor :STMicroelectronics X-CUBE-AZRTOS-F4 1.1.0
2026-08-07 23:45:32,087 [INFO] ThirdParty:967 - CMSIS Pack Vendor :STMicroelectronics X-CUBE-BLE1 7.1.0
2026-08-07 23:45:32,087 [INFO] ThirdParty:967 - CMSIS Pack Vendor :wolfSSL I-CUBE-wolfMQTT 1.19.2
2026-08-07 23:45:32,087 [INFO] ThirdParty:967 - CMSIS Pack Vendor :STMicroelectronics USB_DEVICE 3.0.0
2026-08-07 23:45:32,087 [INFO] ThirdParty:967 - CMSIS Pack Vendor :STMicroelectronics X-CUBE-ISPU 2.1.0
2026-08-07 23:45:32,087 [INFO] ThirdParty:967 - CMSIS Pack Vendor :STMicroelectronics X-CUBE-EEPRMA1 5.2.0
2026-08-07 23:45:32,088 [INFO] ThirdParty:967 - CMSIS Pack Vendor :STMicroelectronics X-CUBE-AZRTOS-WB 2.0.0
2026-08-07 23:45:32,088 [INFO] ThirdParty:967 - CMSIS Pack Vendor :STMicroelectronics X-CUBE-NFC12 1.0.0
2026-08-07 23:45:32,088 [INFO] ThirdParty:967 - CMSIS Pack Vendor :STMicroelectronics X-CUBE-AZRTOS-F7 1.1.0
2026-08-07 23:45:32,088 [INFO] ThirdParty:967 - CMSIS Pack Vendor :STMicroelectronics X-CUBE-AZRTOS-L5 2.0.0
2026-08-07 23:45:32,088 [INFO] ThirdParty:967 - CMSIS Pack Vendor :STMicroelectronics USB_DEVICE 2.0.0
2026-08-07 23:45:32,088 [INFO] ThirdParty:967 - CMSIS Pack Vendor :STMicroelectronics X-CUBE-STSE01 2.0.0
2026-08-07 23:45:32,089 [INFO] ThirdParty:967 - CMSIS Pack Vendor :STMicroelectronics X-CUBE-ALGOBUILD 1.5.0
2026-08-07 23:45:32,089 [INFO] ThirdParty:967 - CMSIS Pack Vendor :STMicroelectronics FreeRTOS 0.0.1
2026-08-07 23:45:32,089 [INFO] ThirdParty:967 - CMSIS Pack Vendor :STMicroelectronics X-CUBE-AZRTOS-H7RS 1.3.0
2026-08-07 23:45:32,089 [INFO] ThirdParty:967 - CMSIS Pack Vendor :STMicroelectronics X-CUBE-AZRTOS-G0 1.1.0
2026-08-07 23:45:32,089 [INFO] ThirdParty:967 - CMSIS Pack Vendor :STMicroelectronics X-CUBE-NFC4 3.0.0
2026-08-07 23:45:32,089 [INFO] ThirdParty:967 - CMSIS Pack Vendor :STMicroelectronics X-CUBE-SUBG2 5.0.0
2026-08-07 23:45:32,089 [INFO] ThirdParty:967 - CMSIS Pack Vendor :STMicroelectronics lwIP 2.0.3
2026-08-07 23:45:32,089 [INFO] ThirdParty:967 - CMSIS Pack Vendor :STMicroelectronics USB_HOST 1.0.0
2026-08-07 23:45:32,089 [INFO] ThirdParty:967 - CMSIS Pack Vendor :STMicroelectronics X-CUBE-AZRTOS-G4 2.0.0
2026-08-07 23:45:32,089 [INFO] ThirdParty:967 - CMSIS Pack Vendor :STMicroelectronics PDM2PCM 3.1.0
2026-08-07 23:45:32,089 [INFO] ThirdParty:967 - CMSIS Pack Vendor :STMicroelectronics PDM2PCM 3.3.0
2026-08-07 23:45:32,089 [INFO] ThirdParty:967 - CMSIS Pack Vendor :wolfSSL I-CUBE-wolfTPM 3.8.0
2026-08-07 23:45:32,089 [INFO] ThirdParty:967 - CMSIS Pack Vendor :wolfSSL I-CUBE-wolfSSH 1.4.20
2026-08-07 23:45:32,089 [INFO] ThirdParty:967 - CMSIS Pack Vendor :STMicroelectronics X-CUBE-NFC7 2.0.0
2026-08-07 23:45:32,089 [INFO] ThirdParty:967 - CMSIS Pack Vendor :STMicroelectronics X-CUBE-GNSS1 7.1.1
2026-08-07 23:45:32,090 [INFO] ThirdParty:967 - CMSIS Pack Vendor :STMicroelectronics FP-ATR-SIGFOX1 3.2.0
2026-08-07 23:45:32,090 [INFO] ThirdParty:967 - CMSIS Pack Vendor :STMicroelectronics X-CUBE-NFC10 1.0.0
2026-08-07 23:45:32,090 [INFO] ThirdParty:967 - CMSIS Pack Vendor :STMicroelectronics HAL Drivers 0.0.0
2026-08-07 23:45:32,090 [INFO] ThirdParty:967 - CMSIS Pack Vendor :STMicroelectronics MBEDTLS 2.16.2
2026-08-07 23:45:32,090 [INFO] ThirdParty:967 - CMSIS Pack Vendor :wolfSSL I-CUBE-wolfSSL 5.9.2
2026-08-07 23:45:32,090 [INFO] ThirdParty:967 - CMSIS Pack Vendor :STMicroelectronics MBEDTLS 2.14.1
2026-08-07 23:45:32,090 [INFO] ThirdParty:967 - CMSIS Pack Vendor :STMicroelectronics X-CUBE-TOUCHGFX 4.26.1
2026-08-07 23:45:32,090 [INFO] ThirdParty:967 - CMSIS Pack Vendor :STMicroelectronics X-CUBE-NFC6 3.2.0
2026-08-07 23:45:32,090 [INFO] ThirdParty:967 - CMSIS Pack Vendor :STMicroelectronics X-CUBE-AI 10.2.1
2026-08-07 23:45:32,090 [INFO] ThirdParty:967 - CMSIS Pack Vendor :STMicroelectronics X-CUBE-MEMS1 12.1.0
2026-08-07 23:45:32,091 [INFO] ThirdParty:967 - CMSIS Pack Vendor :STMicroelectronics X-CUBE-AZRTOS-WL 2.0.0
2026-08-07 23:45:32,091 [INFO] ThirdParty:967 - CMSIS Pack Vendor :SEGGER I-CUBE-embOS 1.3.1
2026-08-07 23:45:32,091 [INFO] ThirdParty:967 - CMSIS Pack Vendor :STMicroelectronics USB_DEVICE 1.0.0
2026-08-07 23:45:32,091 [INFO] ThirdParty:967 - CMSIS Pack Vendor :STMicroelectronics X-CUBE-AZRTOS-L4 2.0.0
2026-08-07 23:45:32,091 [INFO] ThirdParty:967 - CMSIS Pack Vendor :STMicroelectronics ThreadX 0.0.2
2026-08-07 23:45:32,091 [INFO] ThirdParty:967 - CMSIS Pack Vendor :STMicroelectronics lwIP 2.1.2
2026-08-07 23:45:32,091 [INFO] ThirdParty:967 - CMSIS Pack Vendor :STMicroelectronics X-CUBE-SFXS2LP1 4.0.0
2026-08-07 23:45:32,091 [INFO] ThirdParty:967 - CMSIS Pack Vendor :STMicroelectronics X-CUBE-BLE2 3.3.0
2026-08-07 23:45:32,091 [INFO] ThirdParty:967 - CMSIS Pack Vendor :STMicroelectronics X-CUBE-NFC13 1.0.0
2026-08-07 23:45:32,091 [INFO] ThirdParty:967 - CMSIS Pack Vendor :STMicroelectronics PDM2PCM 3.2.0
2026-08-07 23:45:32,091 [INFO] ThirdParty:967 - CMSIS Pack Vendor :STMicroelectronics X-CUBE-WB05N 2.1.0
2026-08-07 23:45:32,091 [INFO] ThirdParty:787 - exiting critical section [change project]
2026-08-07 23:45:32,367 [ERROR] LogOutputStream:74 - [STDERR_REDIRECT] [Fatal Error] :1:1: Premature end of file.
2026-08-07 23:45:32,368 [ERROR] LogOutputStream:74 - [STDERR_REDIRECT] 
2026-08-07 23:45:32,906 [INFO] PinOutPanel:1463 - setPackage(No Configuration,No Configuration)
2026-08-07 23:45:32,908 [INFO] PinOutPanel:1463 - setPackage(STM32H743VITx,LQFP100)
2026-08-07 23:45:33,411 [ERROR] LogOutputStream:74 - [STDERR_REDIRECT] [Fatal Error] :1:1: Premature end of file.
2026-08-07 23:45:33,411 [ERROR] LogOutputStream:74 - [STDERR_REDIRECT] 
2026-08-07 23:45:34,395 [ERROR] LogOutputStream:74 - [STDERR_REDIRECT] [Fatal Error] :1:1: Premature end of file.
2026-08-07 23:45:34,395 [ERROR] LogOutputStream:74 - [STDERR_REDIRECT] 
2026-08-07 23:45:34,465 [INFO] UtilMem:74 - Before build in PCC Used Memory: 674053472 Bytes (758120448)
2026-08-07 23:45:35,361 [INFO] UtilMem:74 - After build in PCC Used Memory: 687912544 Bytes (758120448)
2026-08-07 23:45:35,370 [ERROR] LogOutputStream:74 - [STDERR_REDIRECT] [Fatal Error] :1:1: Premature end of file.
2026-08-07 23:45:35,370 [ERROR] LogOutputStream:74 - [STDERR_REDIRECT] 
2026-08-07 23:45:35,484 [INFO] IPUIPlugin:74 - create IPUIPlugin
2026-08-07 23:45:35,485 [INFO] IPUIPlugin:74 - create IPUIPlugin
2026-08-07 23:45:35,485 [INFO] IPUIPlugin:74 - create IPUIPlugin
2026-08-07 23:45:35,486 [INFO] IPUIPlugin:74 - create IPUIPlugin
2026-08-07 23:45:35,486 [INFO] IPUIPlugin:74 - create IPUIPlugin
2026-08-07 23:45:35,486 [INFO] IPUIPlugin:74 - create IPUIPlugin
2026-08-07 23:45:35,486 [INFO] IPUIPlugin:74 - create IPUIPlugin
2026-08-07 23:45:35,487 [INFO] IPUIPlugin:74 - create IPUIPlugin
2026-08-07 23:45:35,487 [INFO] IPUIPlugin:74 - create IPUIPlugin
2026-08-07 23:45:35,487 [INFO] IPUIPlugin:74 - create IPUIPlugin
2026-08-07 23:45:35,488 [INFO] IPUIPlugin:74 - create IPUIPlugin
2026-08-07 23:45:35,488 [INFO] IPUIPlugin:74 - create IPUIPlugin
2026-08-07 23:45:35,488 [INFO] IPUIPlugin:74 - create IPUIPlugin
2026-08-07 23:45:35,489 [INFO] IPUIPlugin:74 - create IPUIPlugin
2026-08-07 23:45:35,489 [INFO] IPUIPlugin:74 - create IPUIPlugin
2026-08-07 23:45:35,489 [INFO] IPUIPlugin:74 - create IPUIPlugin
2026-08-07 23:45:35,490 [INFO] IPUIPlugin:74 - create IPUIPlugin
2026-08-07 23:45:35,490 [INFO] IPUIPlugin:74 - create IPUIPlugin
2026-08-07 23:45:35,490 [INFO] IPUIPlugin:74 - create IPUIPlugin
2026-08-07 23:45:35,491 [INFO] IPUIPlugin:74 - create IPUIPlugin
2026-08-07 23:45:35,491 [INFO] IPUIPlugin:74 - create IPUIPlugin
2026-08-07 23:45:35,492 [INFO] IPUIPlugin:74 - create IPUIPlugin
2026-08-07 23:45:35,493 [INFO] IPUIPlugin:74 - create IPUIPlugin
2026-08-07 23:45:35,493 [INFO] IPUIPlugin:74 - create IPUIPlugin
2026-08-07 23:45:35,494 [INFO] IPUIPlugin:74 - create IPUIPlugin
2026-08-07 23:45:35,494 [INFO] IPUIPlugin:74 - create IPUIPlugin
2026-08-07 23:45:35,494 [INFO] IPUIPlugin:74 - create IPUIPlugin
2026-08-07 23:45:35,495 [INFO] IPUIPlugin:74 - create IPUIPlugin
2026-08-07 23:45:35,495 [INFO] IPUIPlugin:74 - create IPUIPlugin
2026-08-07 23:45:35,495 [INFO] IPUIPlugin:74 - create IPUIPlugin
2026-08-07 23:45:35,495 [INFO] IPUIPlugin:74 - create IPUIPlugin
2026-08-07 23:45:35,496 [INFO] IPUIPlugin:74 - create IPUIPlugin
2026-08-07 23:45:35,496 [INFO] IPUIPlugin:74 - create IPUIPlugin
2026-08-07 23:45:35,497 [INFO] IPUIPlugin:74 - create IPUIPlugin
2026-08-07 23:45:35,497 [INFO] IPUIPlugin:74 - create IPUIPlugin
2026-08-07 23:45:35,498 [INFO] IPUIPlugin:74 - create IPUIPlugin
2026-08-07 23:45:35,499 [INFO] IPUIPlugin:74 - create IPUIPlugin
2026-08-07 23:45:35,500 [INFO] IPUIPlugin:74 - create IPUIPlugin
2026-08-07 23:45:35,500 [INFO] IPUIPlugin:74 - create IPUIPlugin
2026-08-07 23:45:35,500 [INFO] IPUIPlugin:74 - create IPUIPlugin
2026-08-07 23:45:35,502 [INFO] IPUIPlugin:74 - create IPUIPlugin
2026-08-07 23:45:35,503 [INFO] IPUIPlugin:74 - create IPUIPlugin
2026-08-07 23:45:35,503 [INFO] IPUIPlugin:74 - create IPUIPlugin
2026-08-07 23:45:35,504 [INFO] IPUIPlugin:74 - create IPUIPlugin
2026-08-07 23:45:35,505 [INFO] IPUIPlugin:74 - create IPUIPlugin
2026-08-07 23:45:35,505 [INFO] IPUIPlugin:74 - create IPUIPlugin
2026-08-07 23:45:35,505 [INFO] IPUIPlugin:74 - create IPUIPlugin
2026-08-07 23:45:35,506 [INFO] IPUIPlugin:74 - create IPUIPlugin
2026-08-07 23:45:35,507 [INFO] IPUIPlugin:74 - create IPUIPlugin
2026-08-07 23:45:35,508 [INFO] IPUIPlugin:74 - create IPUIPlugin
2026-08-07 23:45:35,509 [INFO] IPUIPlugin:74 - create IPUIPlugin
2026-08-07 23:45:35,511 [INFO] IPUIPlugin:74 - create IPUIPlugin
2026-08-07 23:45:35,518 [INFO] IPUIPlugin:74 - create IPUIPlugin
2026-08-07 23:45:35,519 [INFO] IPUIPlugin:74 - create IPUIPlugin
2026-08-07 23:45:35,520 [INFO] IPUIPlugin:74 - create IPUIPlugin
2026-08-07 23:45:35,521 [INFO] IPUIPlugin:74 - create IPUIPlugin
2026-08-07 23:45:35,522 [INFO] IPUIPlugin:74 - create IPUIPlugin
2026-08-07 23:45:35,523 [INFO] IPUIPlugin:74 - create IPUIPlugin
2026-08-07 23:45:35,524 [INFO] IPUIPlugin:74 - create IPUIPlugin
2026-08-07 23:45:35,525 [INFO] IPUIPlugin:74 - create IPUIPlugin
2026-08-07 23:45:35,527 [INFO] IPUIPlugin:74 - create IPUIPlugin
2026-08-07 23:45:35,528 [INFO] IPUIPlugin:74 - create IPUIPlugin
2026-08-07 23:45:35,529 [INFO] IPUIPlugin:74 - create IPUIPlugin
2026-08-07 23:45:35,530 [INFO] IPUIPlugin:74 - create IPUIPlugin
2026-08-07 23:45:35,531 [INFO] IPUIPlugin:74 - create IPUIPlugin
2026-08-07 23:45:35,532 [INFO] IPUIPlugin:74 - create IPUIPlugin
2026-08-07 23:45:35,533 [INFO] IPUIPlugin:74 - create IPUIPlugin
2026-08-07 23:45:35,534 [INFO] IPUIPlugin:74 - create IPUIPlugin
2026-08-07 23:45:35,536 [INFO] IPUIPlugin:74 - create IPUIPlugin
2026-08-07 23:45:35,537 [INFO] IPUIPlugin:74 - create IPUIPlugin
2026-08-07 23:45:35,537 [INFO] IPUIPlugin:74 - create IPUIPlugin
2026-08-07 23:45:35,538 [INFO] IPUIPlugin:74 - create IPUIPlugin
2026-08-07 23:45:35,539 [INFO] IPUIPlugin:74 - create IPUIPlugin
2026-08-07 23:45:35,539 [INFO] IPUIPlugin:74 - create IPUIPlugin
2026-08-07 23:45:35,540 [INFO] IPUIPlugin:74 - create IPUIPlugin
2026-08-07 23:45:35,542 [INFO] IPUIPlugin:74 - create IPUIPlugin
2026-08-07 23:45:35,543 [INFO] IPUIPlugin:74 - create IPUIPlugin
2026-08-07 23:45:35,544 [INFO] IPUIPlugin:74 - create IPUIPlugin
2026-08-07 23:45:35,544 [INFO] IPUIPlugin:74 - create IPUIPlugin
2026-08-07 23:45:35,546 [INFO] IPUIPlugin:74 - create IPUIPlugin
2026-08-07 23:45:35,546 [INFO] IPUIPlugin:74 - create IPUIPlugin
2026-08-07 23:45:35,548 [INFO] IPUIPlugin:74 - create IPUIPlugin
2026-08-07 23:45:35,549 [INFO] IPUIPlugin:74 - create IPUIPlugin
2026-08-07 23:45:35,550 [INFO] IPUIPlugin:74 - create IPUIPlugin
2026-08-07 23:45:35,552 [INFO] IPUIPlugin:74 - create IPUIPlugin
2026-08-07 23:45:35,553 [INFO] IPUIPlugin:74 - create IPUIPlugin
2026-08-07 23:45:35,554 [INFO] IPUIPlugin:74 - create IPUIPlugin
2026-08-07 23:45:35,557 [INFO] IPUIPlugin:74 - create IPUIPlugin
2026-08-07 23:45:35,558 [INFO] IPUIPlugin:74 - create IPUIPlugin
2026-08-07 23:45:35,560 [INFO] IPUIPlugin:74 - create IPUIPlugin
2026-08-07 23:45:35,562 [INFO] IPUIPlugin:74 - create IPUIPlugin
2026-08-07 23:45:35,564 [INFO] IPUIPlugin:74 - create IPUIPlugin
2026-08-07 23:45:35,566 [INFO] IPUIPlugin:74 - create IPUIPlugin
2026-08-07 23:45:35,568 [INFO] IPUIPlugin:74 - create IPUIPlugin
2026-08-07 23:45:35,569 [INFO] IPUIPlugin:74 - create IPUIPlugin
2026-08-07 23:45:35,572 [INFO] IPUIPlugin:74 - create IPUIPlugin
2026-08-07 23:45:35,684 [INFO] ApiDbMcu:468 - Load IP Config File for PDM2PCM
2026-08-07 23:45:35,921 [INFO] OpenFileManager:333 - Restore cursor
2026-08-07 23:45:36,373 [ERROR] LogOutputStream:74 - [STDERR_REDIRECT] [Fatal Error] :1:1: Premature end of file.
2026-08-07 23:45:36,373 [ERROR] LogOutputStream:74 - [STDERR_REDIRECT] 
2026-08-07 23:45:36,820 [INFO] UtilMem:74 - End SaveConfig() Used Memory: 709654208 Bytes (758120448)
2026-08-07 23:45:37,512 [ERROR] LogOutputStream:74 - [STDERR_REDIRECT] [Fatal Error] :1:1: Premature end of file.
2026-08-07 23:45:37,512 [ERROR] LogOutputStream:74 - [STDERR_REDIRECT] 
2026-08-07 23:45:38,356 [ERROR] LogOutputStream:74 - [STDERR_REDIRECT] [Fatal Error] :1:1: Premature end of file.
2026-08-07 23:45:38,357 [ERROR] LogOutputStream:74 - [STDERR_REDIRECT] 
2026-08-07 23:45:38,385 [INFO] ServerAccessManage:362 - Download File stm32cube_fw_h7_v190.zip
2026-08-07 23:45:39,353 [ERROR] LogOutputStream:74 - [STDERR_REDIRECT] [Fatal Error] :1:1: Premature end of file.
2026-08-07 23:45:39,353 [ERROR] LogOutputStream:74 - [STDERR_REDIRECT] 
2026-08-07 23:45:40,349 [ERROR] LogOutputStream:74 - [STDERR_REDIRECT] [Fatal Error] :1:1: Premature end of file.
2026-08-07 23:45:40,351 [ERROR] LogOutputStream:74 - [STDERR_REDIRECT] 
2026-08-07 23:45:41,357 [ERROR] LogOutputStream:74 - [STDERR_REDIRECT] [Fatal Error] :1:1: Premature end of file.
2026-08-07 23:45:41,358 [ERROR] LogOutputStream:74 - [STDERR_REDIRECT] 
2026-08-07 23:45:42,396 [ERROR] LogOutputStream:74 - [STDERR_REDIRECT] [Fatal Error] :1:1: Premature end of file.
2026-08-07 23:45:42,397 [ERROR] LogOutputStream:74 - [STDERR_REDIRECT] 
2026-08-07 23:45:43,354 [ERROR] LogOutputStream:74 - [STDERR_REDIRECT] [Fatal Error] :1:1: Premature end of file.
2026-08-07 23:45:43,354 [ERROR] LogOutputStream:74 - [STDERR_REDIRECT] 
2026-08-07 23:45:44,355 [ERROR] LogOutputStream:74 - [STDERR_REDIRECT] [Fatal Error] :1:1: Premature end of file.
2026-08-07 23:45:44,355 [ERROR] LogOutputStream:74 - [STDERR_REDIRECT] 
2026-08-07 23:45:45,377 [ERROR] LogOutputStream:74 - [STDERR_REDIRECT] [Fatal Error] :1:1: Premature end of file.
2026-08-07 23:45:45,378 [ERROR] LogOutputStream:74 - [STDERR_REDIRECT] 
2026-08-07 23:45:46,341 [ERROR] LogOutputStream:74 - [STDERR_REDIRECT] [Fatal Error] :1:1: Premature end of file.
2026-08-07 23:45:46,341 [ERROR] LogOutputStream:74 - [STDERR_REDIRECT] 
2026-08-07 23:45:47,372 [ERROR] LogOutputStream:74 - [STDERR_REDIRECT] [Fatal Error] :1:1: Premature end of file.
2026-08-07 23:45:47,372 [ERROR] LogOutputStream:74 - [STDERR_REDIRECT] 
2026-08-07 23:45:48,347 [ERROR] LogOutputStream:74 - [STDERR_REDIRECT] [Fatal Error] :1:1: Premature end of file.
2026-08-07 23:45:48,348 [ERROR] LogOutputStream:74 - [STDERR_REDIRECT] 
2026-08-07 23:45:49,365 [ERROR] LogOutputStream:74 - [STDERR_REDIRECT] [Fatal Error] :1:1: Premature end of file.
2026-08-07 23:45:49,366 [ERROR] LogOutputStream:74 - [STDERR_REDIRECT] 
2026-08-07 23:45:50,358 [ERROR] LogOutputStream:74 - [STDERR_REDIRECT] [Fatal Error] :1:1: Premature end of file.
2026-08-07 23:45:50,358 [ERROR] LogOutputStream:74 - [STDERR_REDIRECT] 
2026-08-07 23:45:51,413 [ERROR] LogOutputStream:74 - [STDERR_REDIRECT] [Fatal Error] :1:1: Premature end of file.
2026-08-07 23:45:51,413 [ERROR] LogOutputStream:74 - [STDERR_REDIRECT] 
2026-08-07 23:45:52,390 [ERROR] LogOutputStream:74 - [STDERR_REDIRECT] [Fatal Error] :1:1: Premature end of file.
2026-08-07 23:45:52,390 [ERROR] LogOutputStream:74 - [STDERR_REDIRECT] 
2026-08-07 23:45:53,352 [ERROR] LogOutputStream:74 - [STDERR_REDIRECT] [Fatal Error] :1:1: Premature end of file.
2026-08-07 23:45:53,352 [ERROR] LogOutputStream:74 - [STDERR_REDIRECT] 
2026-08-07 23:45:54,368 [ERROR] LogOutputStream:74 - [STDERR_REDIRECT] [Fatal Error] :1:1: Premature end of file.
2026-08-07 23:45:54,368 [ERROR] LogOutputStream:74 - [STDERR_REDIRECT] 
2026-08-07 23:45:55,339 [ERROR] LogOutputStream:74 - [STDERR_REDIRECT] [Fatal Error] :1:1: Premature end of file.
2026-08-07 23:45:55,340 [ERROR] LogOutputStream:74 - [STDERR_REDIRECT] 
2026-08-07 23:45:56,381 [ERROR] LogOutputStream:74 - [STDERR_REDIRECT] [Fatal Error] :1:1: Premature end of file.
2026-08-07 23:45:56,381 [ERROR] LogOutputStream:74 - [STDERR_REDIRECT] 
2026-08-07 23:45:57,353 [ERROR] LogOutputStream:74 - [STDERR_REDIRECT] [Fatal Error] :1:1: Premature end of file.
2026-08-07 23:45:57,354 [ERROR] LogOutputStream:74 - [STDERR_REDIRECT] 
2026-08-07 23:45:58,363 [ERROR] LogOutputStream:74 - [STDERR_REDIRECT] [Fatal Error] :1:1: Premature end of file.
2026-08-07 23:45:58,364 [ERROR] LogOutputStream:74 - [STDERR_REDIRECT] 
2026-08-07 23:45:59,432 [ERROR] LogOutputStream:74 - [STDERR_REDIRECT] [Fatal Error] :1:1: Premature end of file.
2026-08-07 23:45:59,433 [ERROR] LogOutputStream:74 - [STDERR_REDIRECT] 
2026-08-07 23:46:00,380 [ERROR] LogOutputStream:74 - [STDERR_REDIRECT] [Fatal Error] :1:1: Premature end of file.
2026-08-07 23:46:00,380 [ERROR] LogOutputStream:74 - [STDERR_REDIRECT] 
2026-08-07 23:46:01,345 [ERROR] LogOutputStream:74 - [STDERR_REDIRECT] [Fatal Error] :1:1: Premature end of file.
2026-08-07 23:46:01,346 [ERROR] LogOutputStream:74 - [STDERR_REDIRECT] 
2026-08-07 23:46:02,373 [ERROR] LogOutputStream:74 - [STDERR_REDIRECT] [Fatal Error] :1:1: Premature end of file.
2026-08-07 23:46:02,374 [ERROR] LogOutputStream:74 - [STDERR_REDIRECT] 
2026-08-07 23:46:03,380 [ERROR] LogOutputStream:74 - [STDERR_REDIRECT] [Fatal Error] :1:1: Premature end of file.
2026-08-07 23:46:03,380 [ERROR] LogOutputStream:74 - [STDERR_REDIRECT] 
2026-08-07 23:46:04,375 [ERROR] LogOutputStream:74 - [STDERR_REDIRECT] [Fatal Error] :1:1: Premature end of file.
2026-08-07 23:46:04,376 [ERROR] LogOutputStream:74 - [STDERR_REDIRECT] 
2026-08-07 23:46:05,373 [ERROR] LogOutputStream:74 - [STDERR_REDIRECT] [Fatal Error] :1:1: Premature end of file.
2026-08-07 23:46:05,374 [ERROR] LogOutputStream:74 - [STDERR_REDIRECT] 
2026-08-07 23:46:06,346 [ERROR] LogOutputStream:74 - [STDERR_REDIRECT] [Fatal Error] :1:1: Premature end of file.
2026-08-07 23:46:06,346 [ERROR] LogOutputStream:74 - [STDERR_REDIRECT] 
2026-08-07 23:46:07,354 [ERROR] LogOutputStream:74 - [STDERR_REDIRECT] [Fatal Error] :1:1: Premature end of file.
2026-08-07 23:46:07,355 [ERROR] LogOutputStream:74 - [STDERR_REDIRECT] 
2026-08-07 23:46:08,368 [ERROR] LogOutputStream:74 - [STDERR_REDIRECT] [Fatal Error] :1:1: Premature end of file.
2026-08-07 23:46:08,370 [ERROR] LogOutputStream:74 - [STDERR_REDIRECT] 
2026-08-07 23:46:09,366 [ERROR] LogOutputStream:74 - [STDERR_REDIRECT] [Fatal Error] :1:1: Premature end of file.
2026-08-07 23:46:09,366 [ERROR] LogOutputStream:74 - [STDERR_REDIRECT] 
2026-08-07 23:46:10,379 [ERROR] LogOutputStream:74 - [STDERR_REDIRECT] [Fatal Error] :1:1: Premature end of file.
2026-08-07 23:46:10,379 [ERROR] LogOutputStream:74 - [STDERR_REDIRECT] 
2026-08-07 23:46:11,344 [ERROR] LogOutputStream:74 - [STDERR_REDIRECT] [Fatal Error] :1:1: Premature end of file.
2026-08-07 23:46:11,344 [ERROR] LogOutputStream:74 - [STDERR_REDIRECT] 
2026-08-07 23:46:12,353 [ERROR] LogOutputStream:74 - [STDERR_REDIRECT] [Fatal Error] :1:1: Premature end of file.
2026-08-07 23:46:12,354 [ERROR] LogOutputStream:74 - [STDERR_REDIRECT] 
2026-08-07 23:46:13,341 [ERROR] LogOutputStream:74 - [STDERR_REDIRECT] [Fatal Error] :1:1: Premature end of file.
2026-08-07 23:46:13,341 [ERROR] LogOutputStream:74 - [STDERR_REDIRECT] 
2026-08-07 23:46:14,341 [ERROR] LogOutputStream:74 - [STDERR_REDIRECT] [Fatal Error] :1:1: Premature end of file.
2026-08-07 23:46:14,342 [ERROR] LogOutputStream:74 - [STDERR_REDIRECT] 
2026-08-07 23:46:15,368 [ERROR] LogOutputStream:74 - [STDERR_REDIRECT] [Fatal Error] :1:1: Premature end of file.
2026-08-07 23:46:15,369 [ERROR] LogOutputStream:74 - [STDERR_REDIRECT] 
2026-08-07 23:46:16,355 [ERROR] LogOutputStream:74 - [STDERR_REDIRECT] [Fatal Error] :1:1: Premature end of file.
2026-08-07 23:46:16,356 [ERROR] LogOutputStream:74 - [STDERR_REDIRECT] 
2026-08-07 23:46:17,356 [ERROR] LogOutputStream:74 - [STDERR_REDIRECT] [Fatal Error] :1:1: Premature end of file.
2026-08-07 23:46:17,356 [ERROR] LogOutputStream:74 - [STDERR_REDIRECT] 
2026-08-07 23:46:18,369 [ERROR] LogOutputStream:74 - [STDERR_REDIRECT] [Fatal Error] :1:1: Premature end of file.
2026-08-07 23:46:18,370 [ERROR] LogOutputStream:74 - [STDERR_REDIRECT] 
2026-08-07 23:46:19,356 [ERROR] LogOutputStream:74 - [STDERR_REDIRECT] [Fatal Error] :1:1: Premature end of file.
2026-08-07 23:46:19,356 [ERROR] LogOutputStream:74 - [STDERR_REDIRECT] 
2026-08-07 23:46:20,381 [ERROR] LogOutputStream:74 - [STDERR_REDIRECT] [Fatal Error] :1:1: Premature end of file.
2026-08-07 23:46:20,382 [ERROR] LogOutputStream:74 - [STDERR_REDIRECT] 
2026-08-07 23:46:21,380 [ERROR] LogOutputStream:74 - [STDERR_REDIRECT] [Fatal Error] :1:1: Premature end of file.
2026-08-07 23:46:21,381 [ERROR] LogOutputStream:74 - [STDERR_REDIRECT] 
2026-08-07 23:46:22,409 [ERROR] LogOutputStream:74 - [STDERR_REDIRECT] [Fatal Error] :1:1: Premature end of file.
2026-08-07 23:46:22,410 [ERROR] LogOutputStream:74 - [STDERR_REDIRECT] 
2026-08-07 23:46:23,353 [ERROR] LogOutputStream:74 - [STDERR_REDIRECT] [Fatal Error] :1:1: Premature end of file.
2026-08-07 23:46:23,354 [ERROR] LogOutputStream:74 - [STDERR_REDIRECT] 
2026-08-07 23:46:24,356 [ERROR] LogOutputStream:74 - [STDERR_REDIRECT] [Fatal Error] :1:1: Premature end of file.
2026-08-07 23:46:24,356 [ERROR] LogOutputStream:74 - [STDERR_REDIRECT] 
2026-08-07 23:46:25,369 [ERROR] LogOutputStream:74 - [STDERR_REDIRECT] [Fatal Error] :1:1: Premature end of file.
2026-08-07 23:46:25,370 [ERROR] LogOutputStream:74 - [STDERR_REDIRECT] 
2026-08-07 23:46:26,373 [ERROR] LogOutputStream:74 - [STDERR_REDIRECT] [Fatal Error] :1:1: Premature end of file.
2026-08-07 23:46:26,373 [ERROR] LogOutputStream:74 - [STDERR_REDIRECT] 
2026-08-07 23:46:27,372 [ERROR] LogOutputStream:74 - [STDERR_REDIRECT] [Fatal Error] :1:1: Premature end of file.
2026-08-07 23:46:27,373 [ERROR] LogOutputStream:74 - [STDERR_REDIRECT] 
2026-08-07 23:46:28,379 [ERROR] LogOutputStream:74 - [STDERR_REDIRECT] [Fatal Error] :1:1: Premature end of file.
2026-08-07 23:46:28,379 [ERROR] LogOutputStream:74 - [STDERR_REDIRECT] 
2026-08-07 23:46:29,353 [ERROR] LogOutputStream:74 - [STDERR_REDIRECT] [Fatal Error] :1:1: Premature end of file.
2026-08-07 23:46:29,354 [ERROR] LogOutputStream:74 - [STDERR_REDIRECT] 
2026-08-07 23:46:30,364 [ERROR] LogOutputStream:74 - [STDERR_REDIRECT] [Fatal Error] :1:1: Premature end of file.
2026-08-07 23:46:30,364 [ERROR] LogOutputStream:74 - [STDERR_REDIRECT] 
2026-08-07 23:46:31,347 [ERROR] LogOutputStream:74 - [STDERR_REDIRECT] [Fatal Error] :1:1: Premature end of file.
2026-08-07 23:46:31,348 [ERROR] LogOutputStream:74 - [STDERR_REDIRECT] 
2026-08-07 23:46:32,338 [ERROR] LogOutputStream:74 - [STDERR_REDIRECT] [Fatal Error] :1:1: Premature end of file.
2026-08-07 23:46:32,339 [ERROR] LogOutputStream:74 - [STDERR_REDIRECT] 
2026-08-07 23:46:33,405 [ERROR] LogOutputStream:74 - [STDERR_REDIRECT] [Fatal Error] :1:1: Premature end of file.
2026-08-07 23:46:33,405 [ERROR] LogOutputStream:74 - [STDERR_REDIRECT] 
2026-08-07 23:46:34,429 [ERROR] LogOutputStream:74 - [STDERR_REDIRECT] [Fatal Error] :1:1: Premature end of file.
2026-08-07 23:46:34,430 [ERROR] LogOutputStream:74 - [STDERR_REDIRECT] 
2026-08-07 23:46:35,356 [ERROR] LogOutputStream:74 - [STDERR_REDIRECT] [Fatal Error] :1:1: Premature end of file.
2026-08-07 23:46:35,357 [ERROR] LogOutputStream:74 - [STDERR_REDIRECT] 
2026-08-07 23:46:36,345 [ERROR] LogOutputStream:74 - [STDERR_REDIRECT] [Fatal Error] :1:1: Premature end of file.
2026-08-07 23:46:36,345 [ERROR] LogOutputStream:74 - [STDERR_REDIRECT] 
2026-08-07 23:46:37,366 [ERROR] LogOutputStream:74 - [STDERR_REDIRECT] [Fatal Error] :1:1: Premature end of file.
2026-08-07 23:46:37,366 [ERROR] LogOutputStream:74 - [STDERR_REDIRECT] 
2026-08-07 23:46:38,369 [ERROR] LogOutputStream:74 - [STDERR_REDIRECT] [Fatal Error] :1:1: Premature end of file.
2026-08-07 23:46:38,369 [ERROR] LogOutputStream:74 - [STDERR_REDIRECT] 
2026-08-07 23:46:39,370 [ERROR] LogOutputStream:74 - [STDERR_REDIRECT] [Fatal Error] :1:1: Premature end of file.
2026-08-07 23:46:39,370 [ERROR] LogOutputStream:74 - [STDERR_REDIRECT] 
2026-08-07 23:46:40,355 [ERROR] LogOutputStream:74 - [STDERR_REDIRECT] [Fatal Error] :1:1: Premature end of file.
2026-08-07 23:46:40,355 [ERROR] LogOutputStream:74 - [STDERR_REDIRECT] 
2026-08-07 23:46:41,376 [ERROR] LogOutputStream:74 - [STDERR_REDIRECT] [Fatal Error] :1:1: Premature end of file.
2026-08-07 23:46:41,377 [ERROR] LogOutputStream:74 - [STDERR_REDIRECT] 
2026-08-07 23:46:42,352 [ERROR] LogOutputStream:74 - [STDERR_REDIRECT] [Fatal Error] :1:1: Premature end of file.
2026-08-07 23:46:42,352 [ERROR] LogOutputStream:74 - [STDERR_REDIRECT] 
2026-08-07 23:46:43,359 [ERROR] LogOutputStream:74 - [STDERR_REDIRECT] [Fatal Error] :1:1: Premature end of file.
2026-08-07 23:46:43,360 [ERROR] LogOutputStream:74 - [STDERR_REDIRECT] 
2026-08-07 23:46:44,347 [ERROR] LogOutputStream:74 - [STDERR_REDIRECT] [Fatal Error] :1:1: Premature end of file.
2026-08-07 23:46:44,348 [ERROR] LogOutputStream:74 - [STDERR_REDIRECT] 
2026-08-07 23:46:45,359 [ERROR] LogOutputStream:74 - [STDERR_REDIRECT] [Fatal Error] :1:1: Premature end of file.
2026-08-07 23:46:45,360 [ERROR] LogOutputStream:74 - [STDERR_REDIRECT] 
2026-08-07 23:46:46,397 [ERROR] LogOutputStream:74 - [STDERR_REDIRECT] [Fatal Error] :1:1: Premature end of file.
2026-08-07 23:46:46,398 [ERROR] LogOutputStream:74 - [STDERR_REDIRECT] 
2026-08-07 23:46:47,353 [ERROR] LogOutputStream:74 - [STDERR_REDIRECT] [Fatal Error] :1:1: Premature end of file.
2026-08-07 23:46:47,354 [ERROR] LogOutputStream:74 - [STDERR_REDIRECT] 
2026-08-07 23:46:48,343 [ERROR] LogOutputStream:74 - [STDERR_REDIRECT] [Fatal Error] :1:1: Premature end of file.
2026-08-07 23:46:48,344 [ERROR] LogOutputStream:74 - [STDERR_REDIRECT] 
2026-08-07 23:46:49,338 [ERROR] LogOutputStream:74 - [STDERR_REDIRECT] [Fatal Error] :1:1: Premature end of file.
2026-08-07 23:46:49,339 [ERROR] LogOutputStream:74 - [STDERR_REDIRECT] 
2026-08-07 23:46:50,383 [ERROR] LogOutputStream:74 - [STDERR_REDIRECT] [Fatal Error] :1:1: Premature end of file.
2026-08-07 23:46:50,383 [ERROR] LogOutputStream:74 - [STDERR_REDIRECT] 
2026-08-07 23:46:51,366 [ERROR] LogOutputStream:74 - [STDERR_REDIRECT] [Fatal Error] :1:1: Premature end of file.
2026-08-07 23:46:51,368 [ERROR] LogOutputStream:74 - [STDERR_REDIRECT] 
2026-08-07 23:46:52,378 [ERROR] LogOutputStream:74 - [STDERR_REDIRECT] [Fatal Error] :1:1: Premature end of file.
2026-08-07 23:46:52,378 [ERROR] LogOutputStream:74 - [STDERR_REDIRECT] 
2026-08-07 23:46:53,358 [ERROR] LogOutputStream:74 - [STDERR_REDIRECT] [Fatal Error] :1:1: Premature end of file.
2026-08-07 23:46:53,359 [ERROR] LogOutputStream:74 - [STDERR_REDIRECT] 
2026-08-07 23:46:54,382 [ERROR] LogOutputStream:74 - [STDERR_REDIRECT] [Fatal Error] :1:1: Premature end of file.
2026-08-07 23:46:54,383 [ERROR] LogOutputStream:74 - [STDERR_REDIRECT] 
2026-08-07 23:46:55,356 [ERROR] LogOutputStream:74 - [STDERR_REDIRECT] [Fatal Error] :1:1: Premature end of file.
2026-08-07 23:46:55,357 [ERROR] LogOutputStream:74 - [STDERR_REDIRECT] 
2026-08-07 23:46:56,358 [ERROR] LogOutputStream:74 - [STDERR_REDIRECT] [Fatal Error] :1:1: Premature end of file.
2026-08-07 23:46:56,358 [ERROR] LogOutputStream:74 - [STDERR_REDIRECT] 
2026-08-07 23:46:57,398 [ERROR] LogOutputStream:74 - [STDERR_REDIRECT] [Fatal Error] :1:1: Premature end of file.
2026-08-07 23:46:57,399 [ERROR] LogOutputStream:74 - [STDERR_REDIRECT] 
2026-08-07 23:46:58,378 [ERROR] LogOutputStream:74 - [STDERR_REDIRECT] [Fatal Error] :1:1: Premature end of file.
2026-08-07 23:46:58,378 [ERROR] LogOutputStream:74 - [STDERR_REDIRECT] 
2026-08-07 23:46:59,364 [ERROR] LogOutputStream:74 - [STDERR_REDIRECT] [Fatal Error] :1:1: Premature end of file.
2026-08-07 23:46:59,364 [ERROR] LogOutputStream:74 - [STDERR_REDIRECT] 
2026-08-07 23:47:00,355 [ERROR] LogOutputStream:74 - [STDERR_REDIRECT] [Fatal Error] :1:1: Premature end of file.
2026-08-07 23:47:00,355 [ERROR] LogOutputStream:74 - [STDERR_REDIRECT] 
2026-08-07 23:47:01,364 [ERROR] LogOutputStream:74 - [STDERR_REDIRECT] [Fatal Error] :1:1: Premature end of file.
2026-08-07 23:47:01,364 [ERROR] LogOutputStream:74 - [STDERR_REDIRECT] 
2026-08-07 23:47:02,375 [ERROR] LogOutputStream:74 - [STDERR_REDIRECT] [Fatal Error] :1:1: Premature end of file.
2026-08-07 23:47:02,376 [ERROR] LogOutputStream:74 - [STDERR_REDIRECT] 
2026-08-07 23:47:03,400 [ERROR] LogOutputStream:74 - [STDERR_REDIRECT] [Fatal Error] :1:1: Premature end of file.
2026-08-07 23:47:03,400 [ERROR] LogOutputStream:74 - [STDERR_REDIRECT] 
2026-08-07 23:47:04,420 [ERROR] LogOutputStream:74 - [STDERR_REDIRECT] [Fatal Error] :1:1: Premature end of file.
2026-08-07 23:47:04,420 [ERROR] LogOutputStream:74 - [STDERR_REDIRECT] 
2026-08-07 23:47:05,433 [ERROR] LogOutputStream:74 - [STDERR_REDIRECT] [Fatal Error] :1:1: Premature end of file.
2026-08-07 23:47:05,433 [ERROR] LogOutputStream:74 - [STDERR_REDIRECT] 
2026-08-07 23:47:06,372 [ERROR] LogOutputStream:74 - [STDERR_REDIRECT] [Fatal Error] :1:1: Premature end of file.
2026-08-07 23:47:06,373 [ERROR] LogOutputStream:74 - [STDERR_REDIRECT] 
2026-08-07 23:47:07,366 [ERROR] LogOutputStream:74 - [STDERR_REDIRECT] [Fatal Error] :1:1: Premature end of file.
2026-08-07 23:47:07,366 [ERROR] LogOutputStream:74 - [STDERR_REDIRECT] 
2026-08-07 23:47:08,415 [ERROR] LogOutputStream:74 - [STDERR_REDIRECT] [Fatal Error] :1:1: Premature end of file.
2026-08-07 23:47:08,416 [ERROR] LogOutputStream:74 - [STDERR_REDIRECT] 
2026-08-07 23:47:09,355 [ERROR] LogOutputStream:74 - [STDERR_REDIRECT] [Fatal Error] :1:1: Premature end of file.
2026-08-07 23:47:09,357 [ERROR] LogOutputStream:74 - [STDERR_REDIRECT] 
2026-08-07 23:47:10,359 [ERROR] LogOutputStream:74 - [STDERR_REDIRECT] [Fatal Error] :1:1: Premature end of file.
2026-08-07 23:47:10,359 [ERROR] LogOutputStream:74 - [STDERR_REDIRECT] 
2026-08-07 23:47:11,423 [ERROR] LogOutputStream:74 - [STDERR_REDIRECT] [Fatal Error] :1:1: Premature end of file.
2026-08-07 23:47:11,424 [ERROR] LogOutputStream:74 - [STDERR_REDIRECT] 
2026-08-07 23:47:12,386 [ERROR] LogOutputStream:74 - [STDERR_REDIRECT] [Fatal Error] :1:1: Premature end of file.
2026-08-07 23:47:12,386 [ERROR] LogOutputStream:74 - [STDERR_REDIRECT] 
2026-08-07 23:47:13,361 [ERROR] LogOutputStream:74 - [STDERR_REDIRECT] [Fatal Error] :1:1: Premature end of file.
2026-08-07 23:47:13,361 [ERROR] LogOutputStream:74 - [STDERR_REDIRECT] 
2026-08-07 23:47:14,371 [ERROR] LogOutputStream:74 - [STDERR_REDIRECT] [Fatal Error] :1:1: Premature end of file.
2026-08-07 23:47:14,373 [ERROR] LogOutputStream:74 - [STDERR_REDIRECT] 
2026-08-07 23:47:15,363 [ERROR] LogOutputStream:74 - [STDERR_REDIRECT] [Fatal Error] :1:1: Premature end of file.
2026-08-07 23:47:15,364 [ERROR] LogOutputStream:74 - [STDERR_REDIRECT] 
2026-08-07 23:47:16,434 [ERROR] LogOutputStream:74 - [STDERR_REDIRECT] [Fatal Error] :1:1: Premature end of file.
2026-08-07 23:47:16,435 [ERROR] LogOutputStream:74 - [STDERR_REDIRECT] 
2026-08-07 23:47:17,366 [ERROR] LogOutputStream:74 - [STDERR_REDIRECT] [Fatal Error] :1:1: Premature end of file.
2026-08-07 23:47:17,366 [ERROR] LogOutputStream:74 - [STDERR_REDIRECT] 
2026-08-07 23:47:18,357 [ERROR] LogOutputStream:74 - [STDERR_REDIRECT] [Fatal Error] :1:1: Premature end of file.
2026-08-07 23:47:18,357 [ERROR] LogOutputStream:74 - [STDERR_REDIRECT] 
2026-08-07 23:47:19,376 [ERROR] LogOutputStream:74 - [STDERR_REDIRECT] [Fatal Error] :1:1: Premature end of file.
2026-08-07 23:47:19,377 [ERROR] LogOutputStream:74 - [STDERR_REDIRECT] 
2026-08-07 23:47:20,336 [ERROR] LogOutputStream:74 - [STDERR_REDIRECT] [Fatal Error] :1:1: Premature end of file.
2026-08-07 23:47:20,337 [ERROR] LogOutputStream:74 - [STDERR_REDIRECT] 
2026-08-07 23:47:21,362 [ERROR] LogOutputStream:74 - [STDERR_REDIRECT] [Fatal Error] :1:1: Premature end of file.
2026-08-07 23:47:21,362 [ERROR] LogOutputStream:74 - [STDERR_REDIRECT] 
2026-08-07 23:47:22,387 [ERROR] LogOutputStream:74 - [STDERR_REDIRECT] [Fatal Error] :1:1: Premature end of file.
2026-08-07 23:47:22,388 [ERROR] LogOutputStream:74 - [STDERR_REDIRECT] 
2026-08-07 23:47:23,431 [ERROR] LogOutputStream:74 - [STDERR_REDIRECT] [Fatal Error] :1:1: Premature end of file.
2026-08-07 23:47:23,432 [ERROR] LogOutputStream:74 - [STDERR_REDIRECT] 
2026-08-07 23:47:24,381 [ERROR] LogOutputStream:74 - [STDERR_REDIRECT] [Fatal Error] :1:1: Premature end of file.
2026-08-07 23:47:24,381 [ERROR] LogOutputStream:74 - [STDERR_REDIRECT] 
2026-08-07 23:47:25,381 [ERROR] LogOutputStream:74 - [STDERR_REDIRECT] [Fatal Error] :1:1: Premature end of file.
2026-08-07 23:47:25,382 [ERROR] LogOutputStream:74 - [STDERR_REDIRECT] 
2026-08-07 23:47:26,391 [ERROR] LogOutputStream:74 - [STDERR_REDIRECT] [Fatal Error] :1:1: Premature end of file.
2026-08-07 23:47:26,392 [ERROR] LogOutputStream:74 - [STDERR_REDIRECT] 
2026-08-07 23:47:27,394 [ERROR] LogOutputStream:74 - [STDERR_REDIRECT] [Fatal Error] :1:1: Premature end of file.
2026-08-07 23:47:27,395 [ERROR] LogOutputStream:74 - [STDERR_REDIRECT] 
2026-08-07 23:47:28,376 [ERROR] LogOutputStream:74 - [STDERR_REDIRECT] [Fatal Error] :1:1: Premature end of file.
2026-08-07 23:47:28,376 [ERROR] LogOutputStream:74 - [STDERR_REDIRECT] 
2026-08-07 23:47:29,408 [ERROR] LogOutputStream:74 - [STDERR_REDIRECT] [Fatal Error] :1:1: Premature end of file.
2026-08-07 23:47:29,408 [ERROR] LogOutputStream:74 - [STDERR_REDIRECT] 
2026-08-07 23:47:30,384 [ERROR] LogOutputStream:74 - [STDERR_REDIRECT] [Fatal Error] :1:1: Premature end of file.
2026-08-07 23:47:30,384 [ERROR] LogOutputStream:74 - [STDERR_REDIRECT] 
2026-08-07 23:47:31,407 [ERROR] LogOutputStream:74 - [STDERR_REDIRECT] [Fatal Error] :1:1: Premature end of file.
2026-08-07 23:47:31,407 [ERROR] LogOutputStream:74 - [STDERR_REDIRECT] 
2026-08-07 23:47:32,375 [ERROR] LogOutputStream:74 - [STDERR_REDIRECT] [Fatal Error] :1:1: Premature end of file.
2026-08-07 23:47:32,377 [ERROR] LogOutputStream:74 - [STDERR_REDIRECT] 
2026-08-07 23:47:33,834 [ERROR] LogOutputStream:74 - [STDERR_REDIRECT] [Fatal Error] :1:1: Premature end of file.
2026-08-07 23:47:33,835 [ERROR] LogOutputStream:74 - [STDERR_REDIRECT] 
2026-08-07 23:47:34,403 [ERROR] LogOutputStream:74 - [STDERR_REDIRECT] [Fatal Error] :1:1: Premature end of file.
2026-08-07 23:47:34,404 [ERROR] LogOutputStream:74 - [STDERR_REDIRECT] 
2026-08-07 23:47:35,418 [ERROR] LogOutputStream:74 - [STDERR_REDIRECT] [Fatal Error] :1:1: Premature end of file.
2026-08-07 23:47:35,419 [ERROR] LogOutputStream:74 - [STDERR_REDIRECT] 
2026-08-07 23:47:36,515 [ERROR] LogOutputStream:74 - [STDERR_REDIRECT] [Fatal Error] :1:1: Premature end of file.
2026-08-07 23:47:36,516 [ERROR] LogOutputStream:74 - [STDERR_REDIRECT] 
2026-08-07 23:47:37,391 [ERROR] LogOutputStream:74 - [STDERR_REDIRECT] [Fatal Error] :1:1: Premature end of file.
2026-08-07 23:47:37,392 [ERROR] LogOutputStream:74 - [STDERR_REDIRECT] 
2026-08-07 23:47:38,422 [ERROR] LogOutputStream:74 - [STDERR_REDIRECT] [Fatal Error] :1:1: Premature end of file.
2026-08-07 23:47:38,422 [ERROR] LogOutputStream:74 - [STDERR_REDIRECT] 
2026-08-07 23:47:39,406 [ERROR] LogOutputStream:74 - [STDERR_REDIRECT] [Fatal Error] :1:1: Premature end of file.
2026-08-07 23:47:39,407 [ERROR] LogOutputStream:74 - [STDERR_REDIRECT] 
2026-08-07 23:47:40,406 [ERROR] LogOutputStream:74 - [STDERR_REDIRECT] [Fatal Error] :1:1: Premature end of file.
2026-08-07 23:47:40,406 [ERROR] LogOutputStream:74 - [STDERR_REDIRECT] 
2026-08-07 23:47:41,379 [ERROR] LogOutputStream:74 - [STDERR_REDIRECT] [Fatal Error] :1:1: Premature end of file.
2026-08-07 23:47:41,380 [ERROR] LogOutputStream:74 - [STDERR_REDIRECT] 
2026-08-07 23:47:42,354 [ERROR] LogOutputStream:74 - [STDERR_REDIRECT] [Fatal Error] :1:1: Premature end of file.
2026-08-07 23:47:42,355 [ERROR] LogOutputStream:74 - [STDERR_REDIRECT] 
2026-08-07 23:47:43,367 [ERROR] LogOutputStream:74 - [STDERR_REDIRECT] [Fatal Error] :1:1: Premature end of file.
2026-08-07 23:47:43,367 [ERROR] LogOutputStream:74 - [STDERR_REDIRECT] 
2026-08-07 23:47:44,368 [ERROR] LogOutputStream:74 - [STDERR_REDIRECT] [Fatal Error] :1:1: Premature end of file.
2026-08-07 23:47:44,369 [ERROR] LogOutputStream:74 - [STDERR_REDIRECT] 
2026-08-07 23:47:45,387 [ERROR] LogOutputStream:74 - [STDERR_REDIRECT] [Fatal Error] :1:1: Premature end of file.
2026-08-07 23:47:45,387 [ERROR] LogOutputStream:74 - [STDERR_REDIRECT] 
2026-08-07 23:47:46,437 [ERROR] LogOutputStream:74 - [STDERR_REDIRECT] [Fatal Error] :1:1: Premature end of file.
2026-08-07 23:47:46,437 [ERROR] LogOutputStream:74 - [STDERR_REDIRECT] 
2026-08-07 23:47:47,407 [ERROR] LogOutputStream:74 - [STDERR_REDIRECT] [Fatal Error] :1:1: Premature end of file.
2026-08-07 23:47:47,409 [ERROR] LogOutputStream:74 - [STDERR_REDIRECT] 
2026-08-07 23:47:48,383 [ERROR] LogOutputStream:74 - [STDERR_REDIRECT] [Fatal Error] :1:1: Premature end of file.
2026-08-07 23:47:48,383 [ERROR] LogOutputStream:74 - [STDERR_REDIRECT] 
2026-08-07 23:47:49,393 [ERROR] LogOutputStream:74 - [STDERR_REDIRECT] [Fatal Error] :1:1: Premature end of file.
2026-08-07 23:47:49,394 [ERROR] LogOutputStream:74 - [STDERR_REDIRECT] 
2026-08-07 23:47:50,439 [ERROR] LogOutputStream:74 - [STDERR_REDIRECT] [Fatal Error] :1:1: Premature end of file.
2026-08-07 23:47:50,440 [ERROR] LogOutputStream:74 - [STDERR_REDIRECT] 
2026-08-07 23:47:51,526 [ERROR] LogOutputStream:74 - [STDERR_REDIRECT] [Fatal Error] :1:1: Premature end of file.
2026-08-07 23:47:51,527 [ERROR] LogOutputStream:74 - [STDERR_REDIRECT] 
2026-08-07 23:47:52,435 [ERROR] LogOutputStream:74 - [STDERR_REDIRECT] [Fatal Error] :1:1: Premature end of file.
2026-08-07 23:47:52,436 [ERROR] LogOutputStream:74 - [STDERR_REDIRECT] 
2026-08-07 23:47:53,539 [ERROR] LogOutputStream:74 - [STDERR_REDIRECT] [Fatal Error] :1:1: Premature end of file.
2026-08-07 23:47:53,539 [ERROR] LogOutputStream:74 - [STDERR_REDIRECT] 
2026-08-07 23:47:54,459 [ERROR] LogOutputStream:74 - [STDERR_REDIRECT] [Fatal Error] :1:1: Premature end of file.
2026-08-07 23:47:54,459 [ERROR] LogOutputStream:74 - [STDERR_REDIRECT] 
2026-08-07 23:47:55,575 [ERROR] LogOutputStream:74 - [STDERR_REDIRECT] [Fatal Error] :1:1: Premature end of file.
2026-08-07 23:47:55,576 [ERROR] LogOutputStream:74 - [STDERR_REDIRECT] 
2026-08-07 23:47:56,401 [ERROR] LogOutputStream:74 - [STDERR_REDIRECT] [Fatal Error] :1:1: Premature end of file.
2026-08-07 23:47:56,402 [ERROR] LogOutputStream:74 - [STDERR_REDIRECT] 
2026-08-07 23:47:57,798 [ERROR] LogOutputStream:74 - [STDERR_REDIRECT] [Fatal Error] :1:1: Premature end of file.
2026-08-07 23:47:57,799 [ERROR] LogOutputStream:74 - [STDERR_REDIRECT] 
2026-08-07 23:47:58,522 [ERROR] LogOutputStream:74 - [STDERR_REDIRECT] [Fatal Error] :1:1: Premature end of file.
2026-08-07 23:47:58,522 [ERROR] LogOutputStream:74 - [STDERR_REDIRECT] 
2026-08-07 23:47:59,812 [ERROR] LogOutputStream:74 - [STDERR_REDIRECT] [Fatal Error] :1:1: Premature end of file.
2026-08-07 23:47:59,813 [ERROR] LogOutputStream:74 - [STDERR_REDIRECT] 
2026-08-07 23:48:00,628 [ERROR] LogOutputStream:74 - [STDERR_REDIRECT] [Fatal Error] :1:1: Premature end of file.
2026-08-07 23:48:00,628 [ERROR] LogOutputStream:74 - [STDERR_REDIRECT] 
2026-08-07 23:48:01,376 [ERROR] LogOutputStream:74 - [STDERR_REDIRECT] [Fatal Error] :1:1: Premature end of file.
2026-08-07 23:48:01,376 [ERROR] LogOutputStream:74 - [STDERR_REDIRECT] 
2026-08-07 23:48:02,764 [ERROR] LogOutputStream:74 - [STDERR_REDIRECT] [Fatal Error] :1:1: Premature end of file.
2026-08-07 23:48:02,765 [ERROR] LogOutputStream:74 - [STDERR_REDIRECT] 
2026-08-07 23:48:03,433 [ERROR] LogOutputStream:74 - [STDERR_REDIRECT] [Fatal Error] :1:1: Premature end of file.
2026-08-07 23:48:03,434 [ERROR] LogOutputStream:74 - [STDERR_REDIRECT] 
2026-08-07 23:48:04,560 [ERROR] LogOutputStream:74 - [STDERR_REDIRECT] [Fatal Error] :1:1: Premature end of file.
2026-08-07 23:48:04,561 [ERROR] LogOutputStream:74 - [STDERR_REDIRECT] 
2026-08-07 23:48:06,231 [ERROR] LogOutputStream:74 - [STDERR_REDIRECT] [Fatal Error] :1:1: Premature end of file.
2026-08-07 23:48:06,232 [ERROR] LogOutputStream:74 - [STDERR_REDIRECT] 
2026-08-07 23:48:06,838 [ERROR] LogOutputStream:74 - [STDERR_REDIRECT] [Fatal Error] :1:1: Premature end of file.
2026-08-07 23:48:06,839 [ERROR] LogOutputStream:74 - [STDERR_REDIRECT] 
2026-08-07 23:48:07,995 [ERROR] LogOutputStream:74 - [STDERR_REDIRECT] [Fatal Error] :1:1: Premature end of file.
2026-08-07 23:48:07,996 [ERROR] LogOutputStream:74 - [STDERR_REDIRECT] 
2026-08-07 23:48:08,371 [ERROR] LogOutputStream:74 - [STDERR_REDIRECT] [Fatal Error] :1:1: Premature end of file.
2026-08-07 23:48:08,371 [ERROR] LogOutputStream:74 - [STDERR_REDIRECT] 
2026-08-07 23:48:09,555 [ERROR] LogOutputStream:74 - [STDERR_REDIRECT] [Fatal Error] :1:1: Premature end of file.
2026-08-07 23:48:09,556 [ERROR] LogOutputStream:74 - [STDERR_REDIRECT] 
2026-08-07 23:48:10,392 [ERROR] LogOutputStream:74 - [STDERR_REDIRECT] [Fatal Error] :1:1: Premature end of file.
2026-08-07 23:48:10,393 [ERROR] LogOutputStream:74 - [STDERR_REDIRECT] 
2026-08-07 23:48:11,459 [ERROR] LogOutputStream:74 - [STDERR_REDIRECT] [Fatal Error] :1:1: Premature end of file.
2026-08-07 23:48:11,459 [ERROR] LogOutputStream:74 - [STDERR_REDIRECT] 
2026-08-07 23:48:12,491 [ERROR] LogOutputStream:74 - [STDERR_REDIRECT] [Fatal Error] :1:1: Premature end of file.
2026-08-07 23:48:12,491 [ERROR] LogOutputStream:74 - [STDERR_REDIRECT] 
2026-08-07 23:48:13,426 [ERROR] LogOutputStream:74 - [STDERR_REDIRECT] [Fatal Error] :1:1: Premature end of file.
2026-08-07 23:48:13,426 [ERROR] LogOutputStream:74 - [STDERR_REDIRECT] 
2026-08-07 23:48:14,414 [ERROR] LogOutputStream:74 - [STDERR_REDIRECT] [Fatal Error] :1:1: Premature end of file.
2026-08-07 23:48:14,414 [ERROR] LogOutputStream:74 - [STDERR_REDIRECT] 
2026-08-07 23:48:16,156 [ERROR] LogOutputStream:74 - [STDERR_REDIRECT] [Fatal Error] :1:1: Premature end of file.
2026-08-07 23:48:16,156 [ERROR] LogOutputStream:74 - [STDERR_REDIRECT] 
2026-08-07 23:48:17,335 [ERROR] LogOutputStream:74 - [STDERR_REDIRECT] [Fatal Error] :1:1: Premature end of file.
2026-08-07 23:48:17,336 [ERROR] LogOutputStream:74 - [STDERR_REDIRECT] 
2026-08-07 23:48:17,964 [ERROR] LogOutputStream:74 - [STDERR_REDIRECT] [Fatal Error] :1:1: Premature end of file.
2026-08-07 23:48:17,968 [ERROR] LogOutputStream:74 - [STDERR_REDIRECT] 
2026-08-07 23:48:19,125 [ERROR] LogOutputStream:74 - [STDERR_REDIRECT] [Fatal Error] :1:1: Premature end of file.
2026-08-07 23:48:19,126 [ERROR] LogOutputStream:74 - [STDERR_REDIRECT] 
2026-08-07 23:48:20,206 [ERROR] LogOutputStream:74 - [STDERR_REDIRECT] [Fatal Error] :1:1: Premature end of file.
2026-08-07 23:48:20,207 [ERROR] LogOutputStream:74 - [STDERR_REDIRECT] 
2026-08-07 23:48:20,767 [ERROR] LogOutputStream:74 - [STDERR_REDIRECT] [Fatal Error] :1:1: Premature end of file.
2026-08-07 23:48:20,768 [ERROR] LogOutputStream:74 - [STDERR_REDIRECT] 
2026-08-07 23:48:22,124 [ERROR] LogOutputStream:74 - [STDERR_REDIRECT] [Fatal Error] :1:1: Premature end of file.
2026-08-07 23:48:22,124 [ERROR] LogOutputStream:74 - [STDERR_REDIRECT] 
2026-08-07 23:48:23,074 [ERROR] LogOutputStream:74 - [STDERR_REDIRECT] [Fatal Error] :1:1: Premature end of file.
2026-08-07 23:48:23,076 [ERROR] LogOutputStream:74 - [STDERR_REDIRECT] 
2026-08-07 23:48:24,109 [ERROR] LogOutputStream:74 - [STDERR_REDIRECT] [Fatal Error] :1:1: Premature end of file.
2026-08-07 23:48:24,110 [ERROR] LogOutputStream:74 - [STDERR_REDIRECT] 
2026-08-07 23:48:25,128 [ERROR] LogOutputStream:74 - [STDERR_REDIRECT] [Fatal Error] :1:1: Premature end of file.
2026-08-07 23:48:25,129 [ERROR] LogOutputStream:74 - [STDERR_REDIRECT] 
2026-08-07 23:48:26,076 [ERROR] LogOutputStream:74 - [STDERR_REDIRECT] [Fatal Error] :1:1: Premature end of file.
2026-08-07 23:48:26,078 [ERROR] LogOutputStream:74 - [STDERR_REDIRECT] 
2026-08-07 23:48:27,016 [ERROR] LogOutputStream:74 - [STDERR_REDIRECT] [Fatal Error] :1:1: Premature end of file.
2026-08-07 23:48:27,016 [ERROR] LogOutputStream:74 - [STDERR_REDIRECT] 
2026-08-07 23:48:27,896 [ERROR] LogOutputStream:74 - [STDERR_REDIRECT] [Fatal Error] :1:1: Premature end of file.
2026-08-07 23:48:27,897 [ERROR] LogOutputStream:74 - [STDERR_REDIRECT] 
2026-08-07 23:48:28,790 [ERROR] LogOutputStream:74 - [STDERR_REDIRECT] [Fatal Error] :1:1: Premature end of file.
2026-08-07 23:48:28,791 [ERROR] LogOutputStream:74 - [STDERR_REDIRECT] 
2026-08-07 23:48:30,080 [ERROR] LogOutputStream:74 - [STDERR_REDIRECT] [Fatal Error] :1:1: Premature end of file.
2026-08-07 23:48:30,080 [ERROR] LogOutputStream:74 - [STDERR_REDIRECT] 
2026-08-07 23:48:31,187 [ERROR] LogOutputStream:74 - [STDERR_REDIRECT] [Fatal Error] :1:1: Premature end of file.
2026-08-07 23:48:31,188 [ERROR] LogOutputStream:74 - [STDERR_REDIRECT] 
2026-08-07 23:48:31,729 [ERROR] LogOutputStream:74 - [STDERR_REDIRECT] [Fatal Error] :1:1: Premature end of file.
2026-08-07 23:48:31,729 [ERROR] LogOutputStream:74 - [STDERR_REDIRECT] 
2026-08-07 23:48:33,079 [ERROR] LogOutputStream:74 - [STDERR_REDIRECT] [Fatal Error] :1:1: Premature end of file.
2026-08-07 23:48:33,079 [ERROR] LogOutputStream:74 - [STDERR_REDIRECT] 
2026-08-07 23:48:33,975 [ERROR] LogOutputStream:74 - [STDERR_REDIRECT] [Fatal Error] :1:1: Premature end of file.
2026-08-07 23:48:33,976 [ERROR] LogOutputStream:74 - [STDERR_REDIRECT] 
2026-08-07 23:48:34,827 [ERROR] LogOutputStream:74 - [STDERR_REDIRECT] [Fatal Error] :1:1: Premature end of file.
2026-08-07 23:48:34,827 [ERROR] LogOutputStream:74 - [STDERR_REDIRECT] 
2026-08-07 23:48:35,719 [ERROR] LogOutputStream:74 - [STDERR_REDIRECT] [Fatal Error] :1:1: Premature end of file.
2026-08-07 23:48:35,720 [ERROR] LogOutputStream:74 - [STDERR_REDIRECT] 
2026-08-07 23:48:37,139 [ERROR] LogOutputStream:74 - [STDERR_REDIRECT] [Fatal Error] :1:1: Premature end of file.
2026-08-07 23:48:37,140 [ERROR] LogOutputStream:74 - [STDERR_REDIRECT] 
2026-08-07 23:48:38,046 [ERROR] LogOutputStream:74 - [STDERR_REDIRECT] [Fatal Error] :1:1: Premature end of file.
2026-08-07 23:48:38,047 [ERROR] LogOutputStream:74 - [STDERR_REDIRECT] 
2026-08-07 23:48:38,946 [ERROR] LogOutputStream:74 - [STDERR_REDIRECT] [Fatal Error] :1:1: Premature end of file.
2026-08-07 23:48:38,948 [ERROR] LogOutputStream:74 - [STDERR_REDIRECT] 
2026-08-07 23:48:39,809 [ERROR] LogOutputStream:74 - [STDERR_REDIRECT] [Fatal Error] :1:1: Premature end of file.
2026-08-07 23:48:39,810 [ERROR] LogOutputStream:74 - [STDERR_REDIRECT] 
2026-08-07 23:48:40,716 [ERROR] LogOutputStream:74 - [STDERR_REDIRECT] [Fatal Error] :1:1: Premature end of file.
2026-08-07 23:48:40,717 [ERROR] LogOutputStream:74 - [STDERR_REDIRECT] 
2026-08-07 23:48:42,029 [ERROR] LogOutputStream:74 - [STDERR_REDIRECT] [Fatal Error] :1:1: Premature end of file.
2026-08-07 23:48:42,030 [ERROR] LogOutputStream:74 - [STDERR_REDIRECT] 
2026-08-07 23:48:42,964 [ERROR] LogOutputStream:74 - [STDERR_REDIRECT] [Fatal Error] :1:1: Premature end of file.
2026-08-07 23:48:42,964 [ERROR] LogOutputStream:74 - [STDERR_REDIRECT] 
2026-08-07 23:48:43,891 [ERROR] LogOutputStream:74 - [STDERR_REDIRECT] [Fatal Error] :1:1: Premature end of file.
2026-08-07 23:48:43,892 [ERROR] LogOutputStream:74 - [STDERR_REDIRECT] 
2026-08-07 23:48:44,786 [ERROR] LogOutputStream:74 - [STDERR_REDIRECT] [Fatal Error] :1:1: Premature end of file.
2026-08-07 23:48:44,786 [ERROR] LogOutputStream:74 - [STDERR_REDIRECT] 
2026-08-07 23:48:45,720 [ERROR] LogOutputStream:74 - [STDERR_REDIRECT] [Fatal Error] :1:1: Premature end of file.
2026-08-07 23:48:45,720 [ERROR] LogOutputStream:74 - [STDERR_REDIRECT] 
2026-08-07 23:48:47,051 [ERROR] LogOutputStream:74 - [STDERR_REDIRECT] [Fatal Error] :1:1: Premature end of file.
2026-08-07 23:48:47,052 [ERROR] LogOutputStream:74 - [STDERR_REDIRECT] 
2026-08-07 23:48:47,929 [ERROR] LogOutputStream:74 - [STDERR_REDIRECT] [Fatal Error] :1:1: Premature end of file.
2026-08-07 23:48:47,930 [ERROR] LogOutputStream:74 - [STDERR_REDIRECT] 
2026-08-07 23:48:48,812 [ERROR] LogOutputStream:74 - [STDERR_REDIRECT] [Fatal Error] :1:1: Premature end of file.
2026-08-07 23:48:48,813 [ERROR] LogOutputStream:74 - [STDERR_REDIRECT] 
2026-08-07 23:48:49,681 [ERROR] LogOutputStream:74 - [STDERR_REDIRECT] [Fatal Error] :1:1: Premature end of file.
2026-08-07 23:48:49,682 [ERROR] LogOutputStream:74 - [STDERR_REDIRECT] 
2026-08-07 23:48:50,669 [ERROR] LogOutputStream:74 - [STDERR_REDIRECT] [Fatal Error] :1:1: Premature end of file.
2026-08-07 23:48:50,669 [ERROR] LogOutputStream:74 - [STDERR_REDIRECT] 
2026-08-07 23:48:52,051 [ERROR] LogOutputStream:74 - [STDERR_REDIRECT] [Fatal Error] :1:1: Premature end of file.
2026-08-07 23:48:52,051 [ERROR] LogOutputStream:74 - [STDERR_REDIRECT] 
2026-08-07 23:48:52,931 [ERROR] LogOutputStream:74 - [STDERR_REDIRECT] [Fatal Error] :1:1: Premature end of file.
2026-08-07 23:48:52,933 [ERROR] LogOutputStream:74 - [STDERR_REDIRECT] 
2026-08-07 23:48:53,431 [ERROR] LogOutputStream:74 - [STDERR_REDIRECT] [Fatal Error] :1:1: Premature end of file.
2026-08-07 23:48:53,768 [ERROR] LogOutputStream:74 - [STDERR_REDIRECT] 
2026-08-07 23:48:55,001 [ERROR] LogOutputStream:74 - [STDERR_REDIRECT] [Fatal Error] :1:1: Premature end of file.
2026-08-07 23:48:55,002 [ERROR] LogOutputStream:74 - [STDERR_REDIRECT] 
2026-08-07 23:48:55,899 [ERROR] LogOutputStream:74 - [STDERR_REDIRECT] [Fatal Error] :1:1: Premature end of file.
2026-08-07 23:48:55,900 [ERROR] LogOutputStream:74 - [STDERR_REDIRECT] 
2026-08-07 23:48:56,893 [ERROR] LogOutputStream:74 - [STDERR_REDIRECT] [Fatal Error] :1:1: Premature end of file.
2026-08-07 23:48:56,894 [ERROR] LogOutputStream:74 - [STDERR_REDIRECT] 
2026-08-07 23:48:57,807 [ERROR] LogOutputStream:74 - [STDERR_REDIRECT] [Fatal Error] :1:1: Premature end of file.
2026-08-07 23:48:57,808 [ERROR] LogOutputStream:74 - [STDERR_REDIRECT] 
2026-08-07 23:48:58,714 [ERROR] LogOutputStream:74 - [STDERR_REDIRECT] [Fatal Error] :1:1: Premature end of file.
2026-08-07 23:48:58,716 [ERROR] LogOutputStream:74 - [STDERR_REDIRECT] 
2026-08-07 23:49:00,021 [ERROR] LogOutputStream:74 - [STDERR_REDIRECT] [Fatal Error] :1:1: Premature end of file.
2026-08-07 23:49:00,021 [ERROR] LogOutputStream:74 - [STDERR_REDIRECT] 
2026-08-07 23:49:00,562 [ERROR] LogOutputStream:74 - [STDERR_REDIRECT] [Fatal Error] :1:1: Premature end of file.
2026-08-07 23:49:00,562 [ERROR] LogOutputStream:74 - [STDERR_REDIRECT] 
2026-08-07 23:49:01,454 [ERROR] LogOutputStream:74 - [STDERR_REDIRECT] [Fatal Error] :1:1: Premature end of file.
2026-08-07 23:49:01,456 [ERROR] LogOutputStream:74 - [STDERR_REDIRECT] 
2026-08-07 23:49:02,717 [ERROR] LogOutputStream:74 - [STDERR_REDIRECT] [Fatal Error] :1:1: Premature end of file.
2026-08-07 23:49:02,717 [ERROR] LogOutputStream:74 - [STDERR_REDIRECT] 
2026-08-07 23:49:03,978 [ERROR] LogOutputStream:74 - [STDERR_REDIRECT] [Fatal Error] :1:1: Premature end of file.
2026-08-07 23:49:03,979 [ERROR] LogOutputStream:74 - [STDERR_REDIRECT] 
2026-08-07 23:49:04,828 [ERROR] LogOutputStream:74 - [STDERR_REDIRECT] [Fatal Error] :1:1: Premature end of file.
2026-08-07 23:49:04,830 [ERROR] LogOutputStream:74 - [STDERR_REDIRECT] 
2026-08-07 23:49:06,470 [ERROR] LogOutputStream:74 - [STDERR_REDIRECT] [Fatal Error] :1:1: Premature end of file.
2026-08-07 23:49:06,471 [ERROR] LogOutputStream:74 - [STDERR_REDIRECT] 
2026-08-07 23:49:07,354 [ERROR] LogOutputStream:74 - [STDERR_REDIRECT] [Fatal Error] :1:1: Premature end of file.
2026-08-07 23:49:07,356 [ERROR] LogOutputStream:74 - [STDERR_REDIRECT] 
2026-08-07 23:49:08,234 [ERROR] LogOutputStream:74 - [STDERR_REDIRECT] [Fatal Error] :1:1: Premature end of file.
2026-08-07 23:49:08,235 [ERROR] LogOutputStream:74 - [STDERR_REDIRECT] 
2026-08-07 23:49:09,060 [ERROR] LogOutputStream:74 - [STDERR_REDIRECT] [Fatal Error] :1:1: Premature end of file.
2026-08-07 23:49:09,441 [ERROR] LogOutputStream:74 - [STDERR_REDIRECT] 
2026-08-07 23:49:09,859 [ERROR] LogOutputStream:74 - [STDERR_REDIRECT] [Fatal Error] :1:1: Premature end of file.
2026-08-07 23:49:09,860 [ERROR] LogOutputStream:74 - [STDERR_REDIRECT] 
2026-08-07 23:49:11,077 [ERROR] LogOutputStream:74 - [STDERR_REDIRECT] [Fatal Error] :1:1: Premature end of file.
2026-08-07 23:49:11,078 [ERROR] LogOutputStream:74 - [STDERR_REDIRECT] 
2026-08-07 23:49:11,924 [ERROR] LogOutputStream:74 - [STDERR_REDIRECT] [Fatal Error] :1:1: Premature end of file.
2026-08-07 23:49:11,925 [ERROR] LogOutputStream:74 - [STDERR_REDIRECT] 
2026-08-07 23:49:12,762 [ERROR] LogOutputStream:74 - [STDERR_REDIRECT] [Fatal Error] :1:1: Premature end of file.
2026-08-07 23:49:12,763 [ERROR] LogOutputStream:74 - [STDERR_REDIRECT] 
2026-08-07 23:49:14,024 [ERROR] LogOutputStream:74 - [STDERR_REDIRECT] [Fatal Error] :1:1: Premature end of file.
2026-08-07 23:49:14,025 [ERROR] LogOutputStream:74 - [STDERR_REDIRECT] 
2026-08-07 23:49:14,799 [ERROR] LogOutputStream:74 - [STDERR_REDIRECT] [Fatal Error] :1:1: Premature end of file.
2026-08-07 23:49:14,800 [ERROR] LogOutputStream:74 - [STDERR_REDIRECT] 
2026-08-07 23:49:15,980 [ERROR] LogOutputStream:74 - [STDERR_REDIRECT] [Fatal Error] :1:1: Premature end of file.
2026-08-07 23:49:15,981 [ERROR] LogOutputStream:74 - [STDERR_REDIRECT] 
2026-08-07 23:49:16,744 [ERROR] LogOutputStream:74 - [STDERR_REDIRECT] [Fatal Error] :1:1: Premature end of file.
2026-08-07 23:49:16,745 [ERROR] LogOutputStream:74 - [STDERR_REDIRECT] 
2026-08-07 23:49:17,898 [ERROR] LogOutputStream:74 - [STDERR_REDIRECT] [Fatal Error] :1:1: Premature end of file.
2026-08-07 23:49:17,899 [ERROR] LogOutputStream:74 - [STDERR_REDIRECT] 
2026-08-07 23:49:18,715 [ERROR] LogOutputStream:74 - [STDERR_REDIRECT] [Fatal Error] :1:1: Premature end of file.
2026-08-07 23:49:18,716 [ERROR] LogOutputStream:74 - [STDERR_REDIRECT] 
2026-08-07 23:49:19,901 [ERROR] LogOutputStream:74 - [STDERR_REDIRECT] [Fatal Error] :1:1: Premature end of file.
2026-08-07 23:49:19,901 [ERROR] LogOutputStream:74 - [STDERR_REDIRECT] 
2026-08-07 23:49:20,671 [ERROR] LogOutputStream:74 - [STDERR_REDIRECT] [Fatal Error] :1:1: Premature end of file.
2026-08-07 23:49:20,673 [ERROR] LogOutputStream:74 - [STDERR_REDIRECT] 
2026-08-07 23:49:21,831 [ERROR] LogOutputStream:74 - [STDERR_REDIRECT] [Fatal Error] :1:1: Premature end of file.
2026-08-07 23:49:21,831 [ERROR] LogOutputStream:74 - [STDERR_REDIRECT] 
2026-08-07 23:49:22,642 [ERROR] LogOutputStream:74 - [STDERR_REDIRECT] [Fatal Error] :1:1: Premature end of file.
2026-08-07 23:49:22,644 [ERROR] LogOutputStream:74 - [STDERR_REDIRECT] 
2026-08-07 23:49:23,754 [ERROR] LogOutputStream:74 - [STDERR_REDIRECT] [Fatal Error] :1:1: Premature end of file.
2026-08-07 23:49:23,755 [ERROR] LogOutputStream:74 - [STDERR_REDIRECT] 
2026-08-07 23:49:24,899 [ERROR] LogOutputStream:74 - [STDERR_REDIRECT] [Fatal Error] :1:1: Premature end of file.
2026-08-07 23:49:24,900 [ERROR] LogOutputStream:74 - [STDERR_REDIRECT] 
2026-08-07 23:49:25,976 [ERROR] LogOutputStream:74 - [STDERR_REDIRECT] [Fatal Error] :1:1: Premature end of file.
2026-08-07 23:49:25,976 [ERROR] LogOutputStream:74 - [STDERR_REDIRECT] 
2026-08-07 23:49:26,691 [ERROR] LogOutputStream:74 - [STDERR_REDIRECT] [Fatal Error] :1:1: Premature end of file.
2026-08-07 23:49:27,029 [ERROR] LogOutputStream:74 - [STDERR_REDIRECT] 
2026-08-07 23:49:27,735 [ERROR] LogOutputStream:74 - [STDERR_REDIRECT] [Fatal Error] :1:1: Premature end of file.
2026-08-07 23:49:27,736 [ERROR] LogOutputStream:74 - [STDERR_REDIRECT] 
2026-08-07 23:49:28,812 [ERROR] LogOutputStream:74 - [STDERR_REDIRECT] [Fatal Error] :1:1: Premature end of file.
2026-08-07 23:49:28,814 [ERROR] LogOutputStream:74 - [STDERR_REDIRECT] 
2026-08-07 23:49:29,873 [ERROR] LogOutputStream:74 - [STDERR_REDIRECT] [Fatal Error] :1:1: Premature end of file.
2026-08-07 23:49:29,874 [ERROR] LogOutputStream:74 - [STDERR_REDIRECT] 
2026-08-07 23:49:30,935 [ERROR] LogOutputStream:74 - [STDERR_REDIRECT] [Fatal Error] :1:1: Premature end of file.
2026-08-07 23:49:30,937 [ERROR] LogOutputStream:74 - [STDERR_REDIRECT] 
2026-08-07 23:49:31,640 [ERROR] LogOutputStream:74 - [STDERR_REDIRECT] [Fatal Error] :1:1: Premature end of file.
2026-08-07 23:49:31,641 [ERROR] LogOutputStream:74 - [STDERR_REDIRECT] 
2026-08-07 23:49:32,712 [ERROR] LogOutputStream:74 - [STDERR_REDIRECT] [Fatal Error] :1:1: Premature end of file.
2026-08-07 23:49:32,712 [ERROR] LogOutputStream:74 - [STDERR_REDIRECT] 
2026-08-07 23:49:33,860 [ERROR] LogOutputStream:74 - [STDERR_REDIRECT] [Fatal Error] :1:1: Premature end of file.
2026-08-07 23:49:33,861 [ERROR] LogOutputStream:74 - [STDERR_REDIRECT] 
2026-08-07 23:49:34,382 [ERROR] LogOutputStream:74 - [STDERR_REDIRECT] [Fatal Error] :1:1: Premature end of file.
2026-08-07 23:49:34,383 [ERROR] LogOutputStream:74 - [STDERR_REDIRECT] 
2026-08-07 23:49:35,375 [ERROR] LogOutputStream:74 - [STDERR_REDIRECT] [Fatal Error] :1:1: Premature end of file.
2026-08-07 23:49:35,375 [ERROR] LogOutputStream:74 - [STDERR_REDIRECT] 
2026-08-07 23:49:36,344 [ERROR] LogOutputStream:74 - [STDERR_REDIRECT] [Fatal Error] :1:1: Premature end of file.
2026-08-07 23:49:36,344 [ERROR] LogOutputStream:74 - [STDERR_REDIRECT] 
2026-08-07 23:49:37,408 [ERROR] LogOutputStream:74 - [STDERR_REDIRECT] [Fatal Error] :1:1: Premature end of file.
2026-08-07 23:49:37,409 [ERROR] LogOutputStream:74 - [STDERR_REDIRECT] 
2026-08-07 23:49:38,364 [ERROR] LogOutputStream:74 - [STDERR_REDIRECT] [Fatal Error] :1:1: Premature end of file.
2026-08-07 23:49:38,365 [ERROR] LogOutputStream:74 - [STDERR_REDIRECT] 
2026-08-07 23:49:39,362 [ERROR] LogOutputStream:74 - [STDERR_REDIRECT] [Fatal Error] :1:1: Premature end of file.
2026-08-07 23:49:39,362 [ERROR] LogOutputStream:74 - [STDERR_REDIRECT] 
2026-08-07 23:49:40,342 [ERROR] LogOutputStream:74 - [STDERR_REDIRECT] [Fatal Error] :1:1: Premature end of file.
2026-08-07 23:49:40,343 [ERROR] LogOutputStream:74 - [STDERR_REDIRECT] 
2026-08-07 23:49:41,359 [ERROR] LogOutputStream:74 - [STDERR_REDIRECT] [Fatal Error] :1:1: Premature end of file.
2026-08-07 23:49:41,359 [ERROR] LogOutputStream:74 - [STDERR_REDIRECT] 
2026-08-07 23:49:42,349 [ERROR] LogOutputStream:74 - [STDERR_REDIRECT] [Fatal Error] :1:1: Premature end of file.
2026-08-07 23:49:42,350 [ERROR] LogOutputStream:74 - [STDERR_REDIRECT] 
2026-08-07 23:49:43,337 [ERROR] LogOutputStream:74 - [STDERR_REDIRECT] [Fatal Error] :1:1: Premature end of file.
2026-08-07 23:49:43,339 [ERROR] LogOutputStream:74 - [STDERR_REDIRECT] 
2026-08-07 23:49:44,341 [ERROR] LogOutputStream:74 - [STDERR_REDIRECT] [Fatal Error] :1:1: Premature end of file.
2026-08-07 23:49:44,341 [ERROR] LogOutputStream:74 - [STDERR_REDIRECT] 
2026-08-07 23:49:45,342 [ERROR] LogOutputStream:74 - [STDERR_REDIRECT] [Fatal Error] :1:1: Premature end of file.
2026-08-07 23:49:45,343 [ERROR] LogOutputStream:74 - [STDERR_REDIRECT] 
2026-08-07 23:49:46,340 [ERROR] LogOutputStream:74 - [STDERR_REDIRECT] [Fatal Error] :1:1: Premature end of file.
2026-08-07 23:49:46,340 [ERROR] LogOutputStream:74 - [STDERR_REDIRECT] 
2026-08-07 23:49:47,334 [ERROR] LogOutputStream:74 - [STDERR_REDIRECT] [Fatal Error] :1:1: Premature end of file.
2026-08-07 23:49:47,335 [ERROR] LogOutputStream:74 - [STDERR_REDIRECT] 
2026-08-07 23:49:48,351 [ERROR] LogOutputStream:74 - [STDERR_REDIRECT] [Fatal Error] :1:1: Premature end of file.
2026-08-07 23:49:48,353 [ERROR] LogOutputStream:74 - [STDERR_REDIRECT] 
2026-08-07 23:49:49,336 [ERROR] LogOutputStream:74 - [STDERR_REDIRECT] [Fatal Error] :1:1: Premature end of file.
2026-08-07 23:49:49,337 [ERROR] LogOutputStream:74 - [STDERR_REDIRECT] 
2026-08-07 23:49:50,346 [ERROR] LogOutputStream:74 - [STDERR_REDIRECT] [Fatal Error] :1:1: Premature end of file.
2026-08-07 23:49:50,347 [ERROR] LogOutputStream:74 - [STDERR_REDIRECT] 
2026-08-07 23:49:51,350 [ERROR] LogOutputStream:74 - [STDERR_REDIRECT] [Fatal Error] :1:1: Premature end of file.
2026-08-07 23:49:51,350 [ERROR] LogOutputStream:74 - [STDERR_REDIRECT] 
2026-08-07 23:49:52,371 [ERROR] LogOutputStream:74 - [STDERR_REDIRECT] [Fatal Error] :1:1: Premature end of file.
2026-08-07 23:49:52,371 [ERROR] LogOutputStream:74 - [STDERR_REDIRECT] 
2026-08-07 23:49:53,337 [ERROR] LogOutputStream:74 - [STDERR_REDIRECT] [Fatal Error] :1:1: Premature end of file.
2026-08-07 23:49:53,338 [ERROR] LogOutputStream:74 - [STDERR_REDIRECT] 
2026-08-07 23:49:54,342 [ERROR] LogOutputStream:74 - [STDERR_REDIRECT] [Fatal Error] :1:1: Premature end of file.
2026-08-07 23:49:54,343 [ERROR] LogOutputStream:74 - [STDERR_REDIRECT] 
2026-08-07 23:49:55,345 [ERROR] LogOutputStream:74 - [STDERR_REDIRECT] [Fatal Error] :1:1: Premature end of file.
2026-08-07 23:49:55,346 [ERROR] LogOutputStream:74 - [STDERR_REDIRECT] 
2026-08-07 23:49:56,336 [ERROR] LogOutputStream:74 - [STDERR_REDIRECT] [Fatal Error] :1:1: Premature end of file.
2026-08-07 23:49:56,337 [ERROR] LogOutputStream:74 - [STDERR_REDIRECT] 
2026-08-07 23:49:57,349 [ERROR] LogOutputStream:74 - [STDERR_REDIRECT] [Fatal Error] :1:1: Premature end of file.
2026-08-07 23:49:57,349 [ERROR] LogOutputStream:74 - [STDERR_REDIRECT] 
2026-08-07 23:49:58,345 [ERROR] LogOutputStream:74 - [STDERR_REDIRECT] [Fatal Error] :1:1: Premature end of file.
2026-08-07 23:49:58,346 [ERROR] LogOutputStream:74 - [STDERR_REDIRECT] 
2026-08-07 23:49:59,359 [ERROR] LogOutputStream:74 - [STDERR_REDIRECT] [Fatal Error] :1:1: Premature end of file.
2026-08-07 23:49:59,359 [ERROR] LogOutputStream:74 - [STDERR_REDIRECT] 
2026-08-07 23:50:00,362 [ERROR] LogOutputStream:74 - [STDERR_REDIRECT] [Fatal Error] :1:1: Premature end of file.
2026-08-07 23:50:00,363 [ERROR] LogOutputStream:74 - [STDERR_REDIRECT] 
2026-08-07 23:50:01,341 [ERROR] LogOutputStream:74 - [STDERR_REDIRECT] [Fatal Error] :1:1: Premature end of file.
2026-08-07 23:50:01,343 [ERROR] LogOutputStream:74 - [STDERR_REDIRECT] 
2026-08-07 23:50:02,355 [ERROR] LogOutputStream:74 - [STDERR_REDIRECT] [Fatal Error] :1:1: Premature end of file.
2026-08-07 23:50:02,355 [ERROR] LogOutputStream:74 - [STDERR_REDIRECT] 
2026-08-07 23:50:03,339 [ERROR] LogOutputStream:74 - [STDERR_REDIRECT] [Fatal Error] :1:1: Premature end of file.
2026-08-07 23:50:03,340 [ERROR] LogOutputStream:74 - [STDERR_REDIRECT] 
2026-08-07 23:50:04,351 [ERROR] LogOutputStream:74 - [STDERR_REDIRECT] [Fatal Error] :1:1: Premature end of file.
2026-08-07 23:50:04,352 [ERROR] LogOutputStream:74 - [STDERR_REDIRECT] 
2026-08-07 23:50:05,345 [ERROR] LogOutputStream:74 - [STDERR_REDIRECT] [Fatal Error] :1:1: Premature end of file.
2026-08-07 23:50:05,345 [ERROR] LogOutputStream:74 - [STDERR_REDIRECT] 
2026-08-07 23:50:06,349 [ERROR] LogOutputStream:74 - [STDERR_REDIRECT] [Fatal Error] :1:1: Premature end of file.
2026-08-07 23:50:06,350 [ERROR] LogOutputStream:74 - [STDERR_REDIRECT] 
2026-08-07 23:50:07,344 [ERROR] LogOutputStream:74 - [STDERR_REDIRECT] [Fatal Error] :1:1: Premature end of file.
2026-08-07 23:50:07,344 [ERROR] LogOutputStream:74 - [STDERR_REDIRECT] 
2026-08-07 23:50:08,333 [ERROR] LogOutputStream:74 - [STDERR_REDIRECT] [Fatal Error] :1:1: Premature end of file.
2026-08-07 23:50:08,334 [ERROR] LogOutputStream:74 - [STDERR_REDIRECT] 
2026-08-07 23:50:09,336 [ERROR] LogOutputStream:74 - [STDERR_REDIRECT] [Fatal Error] :1:1: Premature end of file.
2026-08-07 23:50:09,337 [ERROR] LogOutputStream:74 - [STDERR_REDIRECT] 
2026-08-07 23:50:10,359 [ERROR] LogOutputStream:74 - [STDERR_REDIRECT] [Fatal Error] :1:1: Premature end of file.
2026-08-07 23:50:10,359 [ERROR] LogOutputStream:74 - [STDERR_REDIRECT] 
2026-08-07 23:50:11,336 [ERROR] LogOutputStream:74 - [STDERR_REDIRECT] [Fatal Error] :1:1: Premature end of file.
2026-08-07 23:50:11,338 [ERROR] LogOutputStream:74 - [STDERR_REDIRECT] 
2026-08-07 23:50:12,349 [ERROR] LogOutputStream:74 - [STDERR_REDIRECT] [Fatal Error] :1:1: Premature end of file.
2026-08-07 23:50:12,349 [ERROR] LogOutputStream:74 - [STDERR_REDIRECT] 
2026-08-07 23:50:13,343 [ERROR] LogOutputStream:74 - [STDERR_REDIRECT] [Fatal Error] :1:1: Premature end of file.
2026-08-07 23:50:13,344 [ERROR] LogOutputStream:74 - [STDERR_REDIRECT] 
2026-08-07 23:50:14,340 [ERROR] LogOutputStream:74 - [STDERR_REDIRECT] [Fatal Error] :1:1: Premature end of file.
2026-08-07 23:50:14,340 [ERROR] LogOutputStream:74 - [STDERR_REDIRECT] 
2026-08-07 23:50:15,350 [ERROR] LogOutputStream:74 - [STDERR_REDIRECT] [Fatal Error] :1:1: Premature end of file.
2026-08-07 23:50:15,350 [ERROR] LogOutputStream:74 - [STDERR_REDIRECT] 
2026-08-07 23:50:16,358 [ERROR] LogOutputStream:74 - [STDERR_REDIRECT] [Fatal Error] :1:1: Premature end of file.
2026-08-07 23:50:16,358 [ERROR] LogOutputStream:74 - [STDERR_REDIRECT] 
2026-08-07 23:50:17,368 [ERROR] LogOutputStream:74 - [STDERR_REDIRECT] [Fatal Error] :1:1: Premature end of file.
2026-08-07 23:50:17,369 [ERROR] LogOutputStream:74 - [STDERR_REDIRECT] 
2026-08-07 23:50:18,359 [ERROR] LogOutputStream:74 - [STDERR_REDIRECT] [Fatal Error] :1:1: Premature end of file.
2026-08-07 23:50:18,359 [ERROR] LogOutputStream:74 - [STDERR_REDIRECT] 
2026-08-07 23:50:19,349 [ERROR] LogOutputStream:74 - [STDERR_REDIRECT] [Fatal Error] :1:1: Premature end of file.
2026-08-07 23:50:19,349 [ERROR] LogOutputStream:74 - [STDERR_REDIRECT] 
2026-08-07 23:50:20,347 [ERROR] LogOutputStream:74 - [STDERR_REDIRECT] [Fatal Error] :1:1: Premature end of file.
2026-08-07 23:50:20,348 [ERROR] LogOutputStream:74 - [STDERR_REDIRECT] 
2026-08-07 23:50:21,380 [ERROR] LogOutputStream:74 - [STDERR_REDIRECT] [Fatal Error] :1:1: Premature end of file.
2026-08-07 23:50:21,381 [ERROR] LogOutputStream:74 - [STDERR_REDIRECT] 
2026-08-07 23:50:22,357 [ERROR] LogOutputStream:74 - [STDERR_REDIRECT] [Fatal Error] :1:1: Premature end of file.
2026-08-07 23:50:22,357 [ERROR] LogOutputStream:74 - [STDERR_REDIRECT] 
2026-08-07 23:50:23,342 [ERROR] LogOutputStream:74 - [STDERR_REDIRECT] [Fatal Error] :1:1: Premature end of file.
2026-08-07 23:50:23,342 [ERROR] LogOutputStream:74 - [STDERR_REDIRECT] 
2026-08-07 23:50:24,346 [ERROR] LogOutputStream:74 - [STDERR_REDIRECT] [Fatal Error] :1:1: Premature end of file.
2026-08-07 23:50:24,346 [ERROR] LogOutputStream:74 - [STDERR_REDIRECT] 
2026-08-07 23:50:25,348 [ERROR] LogOutputStream:74 - [STDERR_REDIRECT] [Fatal Error] :1:1: Premature end of file.
2026-08-07 23:50:25,348 [ERROR] LogOutputStream:74 - [STDERR_REDIRECT] 
2026-08-07 23:50:26,364 [ERROR] LogOutputStream:74 - [STDERR_REDIRECT] [Fatal Error] :1:1: Premature end of file.
2026-08-07 23:50:26,364 [ERROR] LogOutputStream:74 - [STDERR_REDIRECT] 
2026-08-07 23:50:27,341 [ERROR] LogOutputStream:74 - [STDERR_REDIRECT] [Fatal Error] :1:1: Premature end of file.
2026-08-07 23:50:27,341 [ERROR] LogOutputStream:74 - [STDERR_REDIRECT] 
2026-08-07 23:50:28,341 [ERROR] LogOutputStream:74 - [STDERR_REDIRECT] [Fatal Error] :1:1: Premature end of file.
2026-08-07 23:50:28,342 [ERROR] LogOutputStream:74 - [STDERR_REDIRECT] 
2026-08-07 23:50:29,336 [ERROR] LogOutputStream:74 - [STDERR_REDIRECT] [Fatal Error] :1:1: Premature end of file.
2026-08-07 23:50:29,337 [ERROR] LogOutputStream:74 - [STDERR_REDIRECT] 
2026-08-07 23:50:30,349 [ERROR] LogOutputStream:74 - [STDERR_REDIRECT] [Fatal Error] :1:1: Premature end of file.
2026-08-07 23:50:30,349 [ERROR] LogOutputStream:74 - [STDERR_REDIRECT] 
2026-08-07 23:50:31,367 [ERROR] LogOutputStream:74 - [STDERR_REDIRECT] [Fatal Error] :1:1: Premature end of file.
2026-08-07 23:50:31,367 [ERROR] LogOutputStream:74 - [STDERR_REDIRECT] 
2026-08-07 23:50:32,345 [ERROR] LogOutputStream:74 - [STDERR_REDIRECT] [Fatal Error] :1:1: Premature end of file.
2026-08-07 23:50:32,345 [ERROR] LogOutputStream:74 - [STDERR_REDIRECT] 
2026-08-07 23:50:33,348 [ERROR] LogOutputStream:74 - [STDERR_REDIRECT] [Fatal Error] :1:1: Premature end of file.
2026-08-07 23:50:33,349 [ERROR] LogOutputStream:74 - [STDERR_REDIRECT] 
2026-08-07 23:50:34,346 [ERROR] LogOutputStream:74 - [STDERR_REDIRECT] [Fatal Error] :1:1: Premature end of file.
2026-08-07 23:50:34,346 [ERROR] LogOutputStream:74 - [STDERR_REDIRECT] 
2026-08-07 23:50:35,346 [ERROR] LogOutputStream:74 - [STDERR_REDIRECT] [Fatal Error] :1:1: Premature end of file.
2026-08-07 23:50:35,348 [ERROR] LogOutputStream:74 - [STDERR_REDIRECT] 
2026-08-07 23:50:36,346 [ERROR] LogOutputStream:74 - [STDERR_REDIRECT] [Fatal Error] :1:1: Premature end of file.
2026-08-07 23:50:36,346 [ERROR] LogOutputStream:74 - [STDERR_REDIRECT] 
2026-08-07 23:50:37,371 [ERROR] LogOutputStream:74 - [STDERR_REDIRECT] [Fatal Error] :1:1: Premature end of file.
2026-08-07 23:50:37,371 [ERROR] LogOutputStream:74 - [STDERR_REDIRECT] 
2026-08-07 23:50:38,353 [ERROR] LogOutputStream:74 - [STDERR_REDIRECT] [Fatal Error] :1:1: Premature end of file.
2026-08-07 23:50:38,353 [ERROR] LogOutputStream:74 - [STDERR_REDIRECT] 
2026-08-07 23:50:39,331 [ERROR] LogOutputStream:74 - [STDERR_REDIRECT] [Fatal Error] :1:1: Premature end of file.
2026-08-07 23:50:39,331 [ERROR] LogOutputStream:74 - [STDERR_REDIRECT] 
2026-08-07 23:50:40,337 [ERROR] LogOutputStream:74 - [STDERR_REDIRECT] [Fatal Error] :1:1: Premature end of file.
2026-08-07 23:50:40,337 [ERROR] LogOutputStream:74 - [STDERR_REDIRECT] 
2026-08-07 23:50:41,349 [ERROR] LogOutputStream:74 - [STDERR_REDIRECT] [Fatal Error] :1:1: Premature end of file.
2026-08-07 23:50:41,349 [ERROR] LogOutputStream:74 - [STDERR_REDIRECT] 
2026-08-07 23:50:42,348 [ERROR] LogOutputStream:74 - [STDERR_REDIRECT] [Fatal Error] :1:1: Premature end of file.
2026-08-07 23:50:42,349 [ERROR] LogOutputStream:74 - [STDERR_REDIRECT] 
2026-08-07 23:50:43,377 [ERROR] LogOutputStream:74 - [STDERR_REDIRECT] [Fatal Error] :1:1: Premature end of file.
2026-08-07 23:50:43,378 [ERROR] LogOutputStream:74 - [STDERR_REDIRECT] 
2026-08-07 23:50:44,350 [ERROR] LogOutputStream:74 - [STDERR_REDIRECT] [Fatal Error] :1:1: Premature end of file.
2026-08-07 23:50:44,351 [ERROR] LogOutputStream:74 - [STDERR_REDIRECT] 
2026-08-07 23:50:45,330 [ERROR] LogOutputStream:74 - [STDERR_REDIRECT] [Fatal Error] :1:1: Premature end of file.
2026-08-07 23:50:45,330 [ERROR] LogOutputStream:74 - [STDERR_REDIRECT] 
2026-08-07 23:50:46,346 [ERROR] LogOutputStream:74 - [STDERR_REDIRECT] [Fatal Error] :1:1: Premature end of file.
2026-08-07 23:50:46,346 [ERROR] LogOutputStream:74 - [STDERR_REDIRECT] 
2026-08-07 23:50:47,346 [ERROR] LogOutputStream:74 - [STDERR_REDIRECT] [Fatal Error] :1:1: Premature end of file.
2026-08-07 23:50:47,346 [ERROR] LogOutputStream:74 - [STDERR_REDIRECT] 
2026-08-07 23:50:48,347 [ERROR] LogOutputStream:74 - [STDERR_REDIRECT] [Fatal Error] :1:1: Premature end of file.
2026-08-07 23:50:48,347 [ERROR] LogOutputStream:74 - [STDERR_REDIRECT] 
2026-08-07 23:50:49,351 [ERROR] LogOutputStream:74 - [STDERR_REDIRECT] [Fatal Error] :1:1: Premature end of file.
2026-08-07 23:50:49,351 [ERROR] LogOutputStream:74 - [STDERR_REDIRECT] 
2026-08-07 23:50:50,346 [ERROR] LogOutputStream:74 - [STDERR_REDIRECT] [Fatal Error] :1:1: Premature end of file.
2026-08-07 23:50:50,347 [ERROR] LogOutputStream:74 - [STDERR_REDIRECT] 
2026-08-07 23:50:51,350 [ERROR] LogOutputStream:74 - [STDERR_REDIRECT] [Fatal Error] :1:1: Premature end of file.
2026-08-07 23:50:51,351 [ERROR] LogOutputStream:74 - [STDERR_REDIRECT] 
2026-08-07 23:50:52,335 [ERROR] LogOutputStream:74 - [STDERR_REDIRECT] [Fatal Error] :1:1: Premature end of file.
2026-08-07 23:50:52,335 [ERROR] LogOutputStream:74 - [STDERR_REDIRECT] 
2026-08-07 23:50:53,329 [ERROR] LogOutputStream:74 - [STDERR_REDIRECT] [Fatal Error] :1:1: Premature end of file.
2026-08-07 23:50:53,330 [ERROR] LogOutputStream:74 - [STDERR_REDIRECT] 
2026-08-07 23:50:54,338 [ERROR] LogOutputStream:74 - [STDERR_REDIRECT] [Fatal Error] :1:1: Premature end of file.
2026-08-07 23:50:54,338 [ERROR] LogOutputStream:74 - [STDERR_REDIRECT] 
2026-08-07 23:50:55,347 [ERROR] LogOutputStream:74 - [STDERR_REDIRECT] [Fatal Error] :1:1: Premature end of file.
2026-08-07 23:50:55,347 [ERROR] LogOutputStream:74 - [STDERR_REDIRECT] 
2026-08-07 23:50:56,348 [ERROR] LogOutputStream:74 - [STDERR_REDIRECT] [Fatal Error] :1:1: Premature end of file.
2026-08-07 23:50:56,348 [ERROR] LogOutputStream:74 - [STDERR_REDIRECT] 
2026-08-07 23:50:57,362 [ERROR] LogOutputStream:74 - [STDERR_REDIRECT] [Fatal Error] :1:1: Premature end of file.
2026-08-07 23:50:57,362 [ERROR] LogOutputStream:74 - [STDERR_REDIRECT] 
2026-08-07 23:50:58,354 [ERROR] LogOutputStream:74 - [STDERR_REDIRECT] [Fatal Error] :1:1: Premature end of file.
2026-08-07 23:50:58,354 [ERROR] LogOutputStream:74 - [STDERR_REDIRECT] 
2026-08-07 23:50:59,329 [ERROR] LogOutputStream:74 - [STDERR_REDIRECT] [Fatal Error] :1:1: Premature end of file.
2026-08-07 23:50:59,329 [ERROR] LogOutputStream:74 - [STDERR_REDIRECT] 
2026-08-07 23:51:00,336 [ERROR] LogOutputStream:74 - [STDERR_REDIRECT] [Fatal Error] :1:1: Premature end of file.
2026-08-07 23:51:00,336 [ERROR] LogOutputStream:74 - [STDERR_REDIRECT] 
2026-08-07 23:51:01,339 [ERROR] LogOutputStream:74 - [STDERR_REDIRECT] [Fatal Error] :1:1: Premature end of file.
2026-08-07 23:51:01,339 [ERROR] LogOutputStream:74 - [STDERR_REDIRECT] 
2026-08-07 23:51:02,349 [ERROR] LogOutputStream:74 - [STDERR_REDIRECT] [Fatal Error] :1:1: Premature end of file.
2026-08-07 23:51:02,349 [ERROR] LogOutputStream:74 - [STDERR_REDIRECT] 
2026-08-07 23:51:03,346 [ERROR] LogOutputStream:74 - [STDERR_REDIRECT] [Fatal Error] :1:1: Premature end of file.
2026-08-07 23:51:03,346 [ERROR] LogOutputStream:74 - [STDERR_REDIRECT] 
2026-08-07 23:51:04,347 [ERROR] LogOutputStream:74 - [STDERR_REDIRECT] [Fatal Error] :1:1: Premature end of file.
2026-08-07 23:51:04,348 [ERROR] LogOutputStream:74 - [STDERR_REDIRECT] 
2026-08-07 23:51:05,334 [ERROR] LogOutputStream:74 - [STDERR_REDIRECT] [Fatal Error] :1:1: Premature end of file.
2026-08-07 23:51:05,335 [ERROR] LogOutputStream:74 - [STDERR_REDIRECT] 
2026-08-07 23:51:06,333 [ERROR] LogOutputStream:74 - [STDERR_REDIRECT] [Fatal Error] :1:1: Premature end of file.
2026-08-07 23:51:06,333 [ERROR] LogOutputStream:74 - [STDERR_REDIRECT] 
2026-08-07 23:51:07,344 [ERROR] LogOutputStream:74 - [STDERR_REDIRECT] [Fatal Error] :1:1: Premature end of file.
2026-08-07 23:51:07,344 [ERROR] LogOutputStream:74 - [STDERR_REDIRECT] 
2026-08-07 23:51:08,353 [ERROR] LogOutputStream:74 - [STDERR_REDIRECT] [Fatal Error] :1:1: Premature end of file.
2026-08-07 23:51:08,354 [ERROR] LogOutputStream:74 - [STDERR_REDIRECT] 
2026-08-07 23:51:09,361 [ERROR] LogOutputStream:74 - [STDERR_REDIRECT] [Fatal Error] :1:1: Premature end of file.
2026-08-07 23:51:09,361 [ERROR] LogOutputStream:74 - [STDERR_REDIRECT] 
2026-08-07 23:51:10,364 [ERROR] LogOutputStream:74 - [STDERR_REDIRECT] [Fatal Error] :1:1: Premature end of file.
2026-08-07 23:51:10,364 [ERROR] LogOutputStream:74 - [STDERR_REDIRECT] 
2026-08-07 23:51:11,340 [ERROR] LogOutputStream:74 - [STDERR_REDIRECT] [Fatal Error] :1:1: Premature end of file.
2026-08-07 23:51:11,340 [ERROR] LogOutputStream:74 - [STDERR_REDIRECT] 
2026-08-07 23:51:12,350 [ERROR] LogOutputStream:74 - [STDERR_REDIRECT] [Fatal Error] :1:1: Premature end of file.
2026-08-07 23:51:12,350 [ERROR] LogOutputStream:74 - [STDERR_REDIRECT] 
2026-08-07 23:51:13,335 [ERROR] LogOutputStream:74 - [STDERR_REDIRECT] [Fatal Error] :1:1: Premature end of file.
2026-08-07 23:51:13,335 [ERROR] LogOutputStream:74 - [STDERR_REDIRECT] 
2026-08-07 23:51:14,334 [ERROR] LogOutputStream:74 - [STDERR_REDIRECT] [Fatal Error] :1:1: Premature end of file.
2026-08-07 23:51:14,334 [ERROR] LogOutputStream:74 - [STDERR_REDIRECT] 
2026-08-07 23:51:15,343 [ERROR] LogOutputStream:74 - [STDERR_REDIRECT] [Fatal Error] :1:1: Premature end of file.
2026-08-07 23:51:15,344 [ERROR] LogOutputStream:74 - [STDERR_REDIRECT] 
2026-08-07 23:51:16,360 [ERROR] LogOutputStream:74 - [STDERR_REDIRECT] [Fatal Error] :1:1: Premature end of file.
2026-08-07 23:51:16,360 [ERROR] LogOutputStream:74 - [STDERR_REDIRECT] 
2026-08-07 23:51:17,334 [ERROR] LogOutputStream:74 - [STDERR_REDIRECT] [Fatal Error] :1:1: Premature end of file.
2026-08-07 23:51:17,334 [ERROR] LogOutputStream:74 - [STDERR_REDIRECT] 
2026-08-07 23:51:18,339 [ERROR] LogOutputStream:74 - [STDERR_REDIRECT] [Fatal Error] :1:1: Premature end of file.
2026-08-07 23:51:18,339 [ERROR] LogOutputStream:74 - [STDERR_REDIRECT] 
2026-08-07 23:51:19,355 [ERROR] LogOutputStream:74 - [STDERR_REDIRECT] [Fatal Error] :1:1: Premature end of file.
2026-08-07 23:51:19,355 [ERROR] LogOutputStream:74 - [STDERR_REDIRECT] 
2026-08-07 23:51:20,345 [ERROR] LogOutputStream:74 - [STDERR_REDIRECT] [Fatal Error] :1:1: Premature end of file.
2026-08-07 23:51:20,346 [ERROR] LogOutputStream:74 - [STDERR_REDIRECT] 
2026-08-07 23:51:21,365 [ERROR] LogOutputStream:74 - [STDERR_REDIRECT] [Fatal Error] :1:1: Premature end of file.
2026-08-07 23:51:21,365 [ERROR] LogOutputStream:74 - [STDERR_REDIRECT] 
2026-08-07 23:51:22,331 [ERROR] LogOutputStream:74 - [STDERR_REDIRECT] [Fatal Error] :1:1: Premature end of file.
2026-08-07 23:51:22,331 [ERROR] LogOutputStream:74 - [STDERR_REDIRECT] 
2026-08-07 23:51:23,340 [ERROR] LogOutputStream:74 - [STDERR_REDIRECT] [Fatal Error] :1:1: Premature end of file.
2026-08-07 23:51:23,340 [ERROR] LogOutputStream:74 - [STDERR_REDIRECT] 
2026-08-07 23:51:24,330 [ERROR] LogOutputStream:74 - [STDERR_REDIRECT] [Fatal Error] :1:1: Premature end of file.
2026-08-07 23:51:24,331 [ERROR] LogOutputStream:74 - [STDERR_REDIRECT] 
2026-08-07 23:51:25,331 [ERROR] LogOutputStream:74 - [STDERR_REDIRECT] [Fatal Error] :1:1: Premature end of file.
2026-08-07 23:51:25,333 [ERROR] LogOutputStream:74 - [STDERR_REDIRECT] 
2026-08-07 23:51:26,350 [ERROR] LogOutputStream:74 - [STDERR_REDIRECT] [Fatal Error] :1:1: Premature end of file.
2026-08-07 23:51:26,351 [ERROR] LogOutputStream:74 - [STDERR_REDIRECT] 
2026-08-07 23:51:27,343 [ERROR] LogOutputStream:74 - [STDERR_REDIRECT] [Fatal Error] :1:1: Premature end of file.
2026-08-07 23:51:27,343 [ERROR] LogOutputStream:74 - [STDERR_REDIRECT] 
2026-08-07 23:51:28,353 [ERROR] LogOutputStream:74 - [STDERR_REDIRECT] [Fatal Error] :1:1: Premature end of file.
2026-08-07 23:51:28,353 [ERROR] LogOutputStream:74 - [STDERR_REDIRECT] 
2026-08-07 23:51:29,350 [ERROR] LogOutputStream:74 - [STDERR_REDIRECT] [Fatal Error] :1:1: Premature end of file.
2026-08-07 23:51:29,351 [ERROR] LogOutputStream:74 - [STDERR_REDIRECT] 
2026-08-07 23:51:30,351 [ERROR] LogOutputStream:74 - [STDERR_REDIRECT] [Fatal Error] :1:1: Premature end of file.
2026-08-07 23:51:30,351 [ERROR] LogOutputStream:74 - [STDERR_REDIRECT] 
2026-08-07 23:51:31,339 [ERROR] LogOutputStream:74 - [STDERR_REDIRECT] [Fatal Error] :1:1: Premature end of file.
2026-08-07 23:51:31,340 [ERROR] LogOutputStream:74 - [STDERR_REDIRECT] 
2026-08-07 23:51:32,340 [ERROR] LogOutputStream:74 - [STDERR_REDIRECT] [Fatal Error] :1:1: Premature end of file.
2026-08-07 23:51:32,340 [ERROR] LogOutputStream:74 - [STDERR_REDIRECT] 
2026-08-07 23:51:33,358 [ERROR] LogOutputStream:74 - [STDERR_REDIRECT] [Fatal Error] :1:1: Premature end of file.
2026-08-07 23:51:33,358 [ERROR] LogOutputStream:74 - [STDERR_REDIRECT] 
2026-08-07 23:51:34,345 [ERROR] LogOutputStream:74 - [STDERR_REDIRECT] [Fatal Error] :1:1: Premature end of file.
2026-08-07 23:51:34,345 [ERROR] LogOutputStream:74 - [STDERR_REDIRECT] 
2026-08-07 23:51:35,347 [ERROR] LogOutputStream:74 - [STDERR_REDIRECT] [Fatal Error] :1:1: Premature end of file.
2026-08-07 23:51:35,348 [ERROR] LogOutputStream:74 - [STDERR_REDIRECT] 
2026-08-07 23:51:36,349 [ERROR] LogOutputStream:74 - [STDERR_REDIRECT] [Fatal Error] :1:1: Premature end of file.
2026-08-07 23:51:36,349 [ERROR] LogOutputStream:74 - [STDERR_REDIRECT] 
2026-08-07 23:51:37,328 [ERROR] LogOutputStream:74 - [STDERR_REDIRECT] [Fatal Error] :1:1: Premature end of file.
2026-08-07 23:51:37,329 [ERROR] LogOutputStream:74 - [STDERR_REDIRECT] 
2026-08-07 23:51:38,347 [ERROR] LogOutputStream:74 - [STDERR_REDIRECT] [Fatal Error] :1:1: Premature end of file.
2026-08-07 23:51:38,347 [ERROR] LogOutputStream:74 - [STDERR_REDIRECT] 
2026-08-07 23:51:39,348 [ERROR] LogOutputStream:74 - [STDERR_REDIRECT] [Fatal Error] :1:1: Premature end of file.
2026-08-07 23:51:39,348 [ERROR] LogOutputStream:74 - [STDERR_REDIRECT] 
2026-08-07 23:51:40,355 [ERROR] LogOutputStream:74 - [STDERR_REDIRECT] [Fatal Error] :1:1: Premature end of file.
2026-08-07 23:51:40,356 [ERROR] LogOutputStream:74 - [STDERR_REDIRECT] 
2026-08-07 23:51:41,347 [ERROR] LogOutputStream:74 - [STDERR_REDIRECT] [Fatal Error] :1:1: Premature end of file.
2026-08-07 23:51:41,347 [ERROR] LogOutputStream:74 - [STDERR_REDIRECT] 
2026-08-07 23:51:42,340 [ERROR] LogOutputStream:74 - [STDERR_REDIRECT] [Fatal Error] :1:1: Premature end of file.
2026-08-07 23:51:42,340 [ERROR] LogOutputStream:74 - [STDERR_REDIRECT] 
2026-08-07 23:51:43,331 [ERROR] LogOutputStream:74 - [STDERR_REDIRECT] [Fatal Error] :1:1: Premature end of file.
2026-08-07 23:51:43,331 [ERROR] LogOutputStream:74 - [STDERR_REDIRECT] 
2026-08-07 23:51:44,341 [ERROR] LogOutputStream:74 - [STDERR_REDIRECT] [Fatal Error] :1:1: Premature end of file.
2026-08-07 23:51:44,341 [ERROR] LogOutputStream:74 - [STDERR_REDIRECT] 
2026-08-07 23:51:45,341 [ERROR] LogOutputStream:74 - [STDERR_REDIRECT] [Fatal Error] :1:1: Premature end of file.
2026-08-07 23:51:45,342 [ERROR] LogOutputStream:74 - [STDERR_REDIRECT] 
2026-08-07 23:51:46,349 [ERROR] LogOutputStream:74 - [STDERR_REDIRECT] [Fatal Error] :1:1: Premature end of file.
2026-08-07 23:51:46,349 [ERROR] LogOutputStream:74 - [STDERR_REDIRECT] 
2026-08-07 23:51:47,351 [ERROR] LogOutputStream:74 - [STDERR_REDIRECT] [Fatal Error] :1:1: Premature end of file.
2026-08-07 23:51:47,352 [ERROR] LogOutputStream:74 - [STDERR_REDIRECT] 
2026-08-07 23:51:48,335 [ERROR] LogOutputStream:74 - [STDERR_REDIRECT] [Fatal Error] :1:1: Premature end of file.
2026-08-07 23:51:48,335 [ERROR] LogOutputStream:74 - [STDERR_REDIRECT] 
2026-08-07 23:51:49,340 [ERROR] LogOutputStream:74 - [STDERR_REDIRECT] [Fatal Error] :1:1: Premature end of file.
2026-08-07 23:51:49,340 [ERROR] LogOutputStream:74 - [STDERR_REDIRECT] 
2026-08-07 23:51:50,330 [ERROR] LogOutputStream:74 - [STDERR_REDIRECT] [Fatal Error] :1:1: Premature end of file.
2026-08-07 23:51:50,330 [ERROR] LogOutputStream:74 - [STDERR_REDIRECT] 
2026-08-07 23:51:51,346 [ERROR] LogOutputStream:74 - [STDERR_REDIRECT] [Fatal Error] :1:1: Premature end of file.
2026-08-07 23:51:51,346 [ERROR] LogOutputStream:74 - [STDERR_REDIRECT] 
2026-08-07 23:51:52,330 [ERROR] LogOutputStream:74 - [STDERR_REDIRECT] [Fatal Error] :1:1: Premature end of file.
2026-08-07 23:51:52,330 [ERROR] LogOutputStream:74 - [STDERR_REDIRECT] 
2026-08-07 23:51:53,359 [ERROR] LogOutputStream:74 - [STDERR_REDIRECT] [Fatal Error] :1:1: Premature end of file.
2026-08-07 23:51:53,360 [ERROR] LogOutputStream:74 - [STDERR_REDIRECT] 
2026-08-07 23:51:54,350 [ERROR] LogOutputStream:74 - [STDERR_REDIRECT] [Fatal Error] :1:1: Premature end of file.
2026-08-07 23:51:54,351 [ERROR] LogOutputStream:74 - [STDERR_REDIRECT] 
2026-08-07 23:51:55,353 [ERROR] LogOutputStream:74 - [STDERR_REDIRECT] [Fatal Error] :1:1: Premature end of file.
2026-08-07 23:51:55,353 [ERROR] LogOutputStream:74 - [STDERR_REDIRECT] 
2026-08-07 23:51:56,332 [ERROR] LogOutputStream:74 - [STDERR_REDIRECT] [Fatal Error] :1:1: Premature end of file.
2026-08-07 23:51:56,333 [ERROR] LogOutputStream:74 - [STDERR_REDIRECT] 
2026-08-07 23:51:57,334 [ERROR] LogOutputStream:74 - [STDERR_REDIRECT] [Fatal Error] :1:1: Premature end of file.
2026-08-07 23:51:57,335 [ERROR] LogOutputStream:74 - [STDERR_REDIRECT] 
2026-08-07 23:51:58,365 [ERROR] LogOutputStream:74 - [STDERR_REDIRECT] [Fatal Error] :1:1: Premature end of file.
2026-08-07 23:51:58,365 [ERROR] LogOutputStream:74 - [STDERR_REDIRECT] 
2026-08-07 23:51:59,335 [ERROR] LogOutputStream:74 - [STDERR_REDIRECT] [Fatal Error] :1:1: Premature end of file.
2026-08-07 23:51:59,335 [ERROR] LogOutputStream:74 - [STDERR_REDIRECT] 
2026-08-07 23:52:00,335 [ERROR] LogOutputStream:74 - [STDERR_REDIRECT] [Fatal Error] :1:1: Premature end of file.
2026-08-07 23:52:00,335 [ERROR] LogOutputStream:74 - [STDERR_REDIRECT] 
2026-08-07 23:52:01,351 [ERROR] LogOutputStream:74 - [STDERR_REDIRECT] [Fatal Error] :1:1: Premature end of file.
2026-08-07 23:52:01,351 [ERROR] LogOutputStream:74 - [STDERR_REDIRECT] 
2026-08-07 23:52:02,328 [ERROR] LogOutputStream:74 - [STDERR_REDIRECT] [Fatal Error] :1:1: Premature end of file.
2026-08-07 23:52:02,329 [ERROR] LogOutputStream:74 - [STDERR_REDIRECT] 
2026-08-07 23:52:03,355 [ERROR] LogOutputStream:74 - [STDERR_REDIRECT] [Fatal Error] :1:1: Premature end of file.
2026-08-07 23:52:03,356 [ERROR] LogOutputStream:74 - [STDERR_REDIRECT] 
2026-08-07 23:52:04,354 [ERROR] LogOutputStream:74 - [STDERR_REDIRECT] [Fatal Error] :1:1: Premature end of file.
2026-08-07 23:52:04,355 [ERROR] LogOutputStream:74 - [STDERR_REDIRECT] 
2026-08-07 23:52:05,366 [ERROR] LogOutputStream:74 - [STDERR_REDIRECT] [Fatal Error] :1:1: Premature end of file.
2026-08-07 23:52:05,366 [ERROR] LogOutputStream:74 - [STDERR_REDIRECT] 
2026-08-07 23:52:06,346 [ERROR] LogOutputStream:74 - [STDERR_REDIRECT] [Fatal Error] :1:1: Premature end of file.
2026-08-07 23:52:06,346 [ERROR] LogOutputStream:74 - [STDERR_REDIRECT] 
2026-08-07 23:52:07,353 [ERROR] LogOutputStream:74 - [STDERR_REDIRECT] [Fatal Error] :1:1: Premature end of file.
2026-08-07 23:52:07,354 [ERROR] LogOutputStream:74 - [STDERR_REDIRECT] 
2026-08-07 23:52:08,344 [ERROR] LogOutputStream:74 - [STDERR_REDIRECT] [Fatal Error] :1:1: Premature end of file.
2026-08-07 23:52:08,344 [ERROR] LogOutputStream:74 - [STDERR_REDIRECT] 
2026-08-07 23:52:09,342 [ERROR] LogOutputStream:74 - [STDERR_REDIRECT] [Fatal Error] :1:1: Premature end of file.
2026-08-07 23:52:09,343 [ERROR] LogOutputStream:74 - [STDERR_REDIRECT] 
2026-08-07 23:52:10,339 [ERROR] LogOutputStream:74 - [STDERR_REDIRECT] [Fatal Error] :1:1: Premature end of file.
2026-08-07 23:52:10,340 [ERROR] LogOutputStream:74 - [STDERR_REDIRECT] 
2026-08-07 23:52:11,342 [ERROR] LogOutputStream:74 - [STDERR_REDIRECT] [Fatal Error] :1:1: Premature end of file.
2026-08-07 23:52:11,342 [ERROR] LogOutputStream:74 - [STDERR_REDIRECT] 
2026-08-07 23:52:12,356 [ERROR] LogOutputStream:74 - [STDERR_REDIRECT] [Fatal Error] :1:1: Premature end of file.
2026-08-07 23:52:12,357 [ERROR] LogOutputStream:74 - [STDERR_REDIRECT] 
2026-08-07 23:52:13,341 [ERROR] LogOutputStream:74 - [STDERR_REDIRECT] [Fatal Error] :1:1: Premature end of file.
2026-08-07 23:52:13,341 [ERROR] LogOutputStream:74 - [STDERR_REDIRECT] 
2026-08-07 23:52:14,341 [ERROR] LogOutputStream:74 - [STDERR_REDIRECT] [Fatal Error] :1:1: Premature end of file.
2026-08-07 23:52:14,341 [ERROR] LogOutputStream:74 - [STDERR_REDIRECT] 
2026-08-07 23:52:15,368 [ERROR] LogOutputStream:74 - [STDERR_REDIRECT] [Fatal Error] :1:1: Premature end of file.
2026-08-07 23:52:15,369 [ERROR] LogOutputStream:74 - [STDERR_REDIRECT] 
2026-08-07 23:52:16,424 [ERROR] LogOutputStream:74 - [STDERR_REDIRECT] [Fatal Error] :1:1: Premature end of file.
2026-08-07 23:52:16,425 [ERROR] LogOutputStream:74 - [STDERR_REDIRECT] 
2026-08-07 23:52:17,348 [ERROR] LogOutputStream:74 - [STDERR_REDIRECT] [Fatal Error] :1:1: Premature end of file.
2026-08-07 23:52:17,348 [ERROR] LogOutputStream:74 - [STDERR_REDIRECT] 
2026-08-07 23:52:18,342 [ERROR] LogOutputStream:74 - [STDERR_REDIRECT] [Fatal Error] :1:1: Premature end of file.
2026-08-07 23:52:18,342 [ERROR] LogOutputStream:74 - [STDERR_REDIRECT] 
2026-08-07 23:52:19,363 [ERROR] LogOutputStream:74 - [STDERR_REDIRECT] [Fatal Error] :1:1: Premature end of file.
2026-08-07 23:52:19,364 [ERROR] LogOutputStream:74 - [STDERR_REDIRECT] 
2026-08-07 23:52:20,331 [ERROR] LogOutputStream:74 - [STDERR_REDIRECT] [Fatal Error] :1:1: Premature end of file.
2026-08-07 23:52:20,331 [ERROR] LogOutputStream:74 - [STDERR_REDIRECT] 
2026-08-07 23:52:21,344 [ERROR] LogOutputStream:74 - [STDERR_REDIRECT] [Fatal Error] :1:1: Premature end of file.
2026-08-07 23:52:21,344 [ERROR] LogOutputStream:74 - [STDERR_REDIRECT] 
2026-08-07 23:52:22,343 [ERROR] LogOutputStream:74 - [STDERR_REDIRECT] [Fatal Error] :1:1: Premature end of file.
2026-08-07 23:52:22,343 [ERROR] LogOutputStream:74 - [STDERR_REDIRECT] 
2026-08-07 23:52:23,341 [ERROR] LogOutputStream:74 - [STDERR_REDIRECT] [Fatal Error] :1:1: Premature end of file.
2026-08-07 23:52:23,343 [ERROR] LogOutputStream:74 - [STDERR_REDIRECT] 
2026-08-07 23:52:24,337 [ERROR] LogOutputStream:74 - [STDERR_REDIRECT] [Fatal Error] :1:1: Premature end of file.
2026-08-07 23:52:24,337 [ERROR] LogOutputStream:74 - [STDERR_REDIRECT] 
2026-08-07 23:52:25,343 [ERROR] LogOutputStream:74 - [STDERR_REDIRECT] [Fatal Error] :1:1: Premature end of file.
2026-08-07 23:52:25,344 [ERROR] LogOutputStream:74 - [STDERR_REDIRECT] 
2026-08-07 23:52:26,336 [ERROR] LogOutputStream:74 - [STDERR_REDIRECT] [Fatal Error] :1:1: Premature end of file.
2026-08-07 23:52:26,336 [ERROR] LogOutputStream:74 - [STDERR_REDIRECT] 
2026-08-07 23:52:27,356 [ERROR] LogOutputStream:74 - [STDERR_REDIRECT] [Fatal Error] :1:1: Premature end of file.
2026-08-07 23:52:27,357 [ERROR] LogOutputStream:74 - [STDERR_REDIRECT] 
2026-08-07 23:52:28,333 [ERROR] LogOutputStream:74 - [STDERR_REDIRECT] [Fatal Error] :1:1: Premature end of file.
2026-08-07 23:52:28,333 [ERROR] LogOutputStream:74 - [STDERR_REDIRECT] 
2026-08-07 23:52:29,349 [ERROR] LogOutputStream:74 - [STDERR_REDIRECT] [Fatal Error] :1:1: Premature end of file.
2026-08-07 23:52:29,349 [ERROR] LogOutputStream:74 - [STDERR_REDIRECT] 
2026-08-07 23:52:30,352 [ERROR] LogOutputStream:74 - [STDERR_REDIRECT] [Fatal Error] :1:1: Premature end of file.
2026-08-07 23:52:30,352 [ERROR] LogOutputStream:74 - [STDERR_REDIRECT] 
2026-08-07 23:52:31,344 [ERROR] LogOutputStream:74 - [STDERR_REDIRECT] [Fatal Error] :1:1: Premature end of file.
2026-08-07 23:52:31,345 [ERROR] LogOutputStream:74 - [STDERR_REDIRECT] 
2026-08-07 23:52:32,356 [ERROR] LogOutputStream:74 - [STDERR_REDIRECT] [Fatal Error] :1:1: Premature end of file.
2026-08-07 23:52:32,357 [ERROR] LogOutputStream:74 - [STDERR_REDIRECT] 
2026-08-07 23:52:33,339 [ERROR] LogOutputStream:74 - [STDERR_REDIRECT] [Fatal Error] :1:1: Premature end of file.
2026-08-07 23:52:33,339 [ERROR] LogOutputStream:74 - [STDERR_REDIRECT] 
2026-08-07 23:52:34,369 [ERROR] LogOutputStream:74 - [STDERR_REDIRECT] [Fatal Error] :1:1: Premature end of file.
2026-08-07 23:52:34,369 [ERROR] LogOutputStream:74 - [STDERR_REDIRECT] 
2026-08-07 23:52:35,387 [ERROR] LogOutputStream:74 - [STDERR_REDIRECT] [Fatal Error] :1:1: Premature end of file.
2026-08-07 23:52:35,387 [ERROR] LogOutputStream:74 - [STDERR_REDIRECT] 
2026-08-07 23:52:36,353 [ERROR] LogOutputStream:74 - [STDERR_REDIRECT] [Fatal Error] :1:1: Premature end of file.
2026-08-07 23:52:36,354 [ERROR] LogOutputStream:74 - [STDERR_REDIRECT] 
2026-08-07 23:52:37,366 [ERROR] LogOutputStream:74 - [STDERR_REDIRECT] [Fatal Error] :1:1: Premature end of file.
2026-08-07 23:52:37,366 [ERROR] LogOutputStream:74 - [STDERR_REDIRECT] 
2026-08-07 23:52:38,355 [ERROR] LogOutputStream:74 - [STDERR_REDIRECT] [Fatal Error] :1:1: Premature end of file.
2026-08-07 23:52:38,356 [ERROR] LogOutputStream:74 - [STDERR_REDIRECT] 
2026-08-07 23:52:39,334 [ERROR] LogOutputStream:74 - [STDERR_REDIRECT] [Fatal Error] :1:1: Premature end of file.
2026-08-07 23:52:39,335 [ERROR] LogOutputStream:74 - [STDERR_REDIRECT] 
2026-08-07 23:52:40,349 [ERROR] LogOutputStream:74 - [STDERR_REDIRECT] [Fatal Error] :1:1: Premature end of file.
2026-08-07 23:52:40,350 [ERROR] LogOutputStream:74 - [STDERR_REDIRECT] 
2026-08-07 23:52:41,354 [ERROR] LogOutputStream:74 - [STDERR_REDIRECT] [Fatal Error] :1:1: Premature end of file.
2026-08-07 23:52:41,354 [ERROR] LogOutputStream:74 - [STDERR_REDIRECT] 
2026-08-07 23:52:42,338 [ERROR] LogOutputStream:74 - [STDERR_REDIRECT] [Fatal Error] :1:1: Premature end of file.
2026-08-07 23:52:42,338 [ERROR] LogOutputStream:74 - [STDERR_REDIRECT] 
2026-08-07 23:52:43,342 [ERROR] LogOutputStream:74 - [STDERR_REDIRECT] [Fatal Error] :1:1: Premature end of file.
2026-08-07 23:52:43,342 [ERROR] LogOutputStream:74 - [STDERR_REDIRECT] 
2026-08-07 23:52:44,352 [ERROR] LogOutputStream:74 - [STDERR_REDIRECT] [Fatal Error] :1:1: Premature end of file.
2026-08-07 23:52:44,353 [ERROR] LogOutputStream:74 - [STDERR_REDIRECT] 
2026-08-07 23:52:45,350 [ERROR] LogOutputStream:74 - [STDERR_REDIRECT] [Fatal Error] :1:1: Premature end of file.
2026-08-07 23:52:45,350 [ERROR] LogOutputStream:74 - [STDERR_REDIRECT] 
2026-08-07 23:52:46,342 [ERROR] LogOutputStream:74 - [STDERR_REDIRECT] [Fatal Error] :1:1: Premature end of file.
2026-08-07 23:52:46,343 [ERROR] LogOutputStream:74 - [STDERR_REDIRECT] 
2026-08-07 23:52:47,343 [ERROR] LogOutputStream:74 - [STDERR_REDIRECT] [Fatal Error] :1:1: Premature end of file.
2026-08-07 23:52:47,343 [ERROR] LogOutputStream:74 - [STDERR_REDIRECT] 
2026-08-07 23:52:48,345 [ERROR] LogOutputStream:74 - [STDERR_REDIRECT] [Fatal Error] :1:1: Premature end of file.
2026-08-07 23:52:48,345 [ERROR] LogOutputStream:74 - [STDERR_REDIRECT] 
2026-08-07 23:52:49,345 [ERROR] LogOutputStream:74 - [STDERR_REDIRECT] [Fatal Error] :1:1: Premature end of file.
2026-08-07 23:52:49,346 [ERROR] LogOutputStream:74 - [STDERR_REDIRECT] 
2026-08-07 23:52:50,348 [ERROR] LogOutputStream:74 - [STDERR_REDIRECT] [Fatal Error] :1:1: Premature end of file.
2026-08-07 23:52:50,349 [ERROR] LogOutputStream:74 - [STDERR_REDIRECT] 
2026-08-07 23:52:51,357 [ERROR] LogOutputStream:74 - [STDERR_REDIRECT] [Fatal Error] :1:1: Premature end of file.
2026-08-07 23:52:51,358 [ERROR] LogOutputStream:74 - [STDERR_REDIRECT] 
2026-08-07 23:52:52,336 [ERROR] LogOutputStream:74 - [STDERR_REDIRECT] [Fatal Error] :1:1: Premature end of file.
2026-08-07 23:52:52,336 [ERROR] LogOutputStream:74 - [STDERR_REDIRECT] 
2026-08-07 23:52:53,346 [ERROR] LogOutputStream:74 - [STDERR_REDIRECT] [Fatal Error] :1:1: Premature end of file.
2026-08-07 23:52:53,346 [ERROR] LogOutputStream:74 - [STDERR_REDIRECT] 
2026-08-07 23:52:54,340 [ERROR] LogOutputStream:74 - [STDERR_REDIRECT] [Fatal Error] :1:1: Premature end of file.
2026-08-07 23:52:54,340 [ERROR] LogOutputStream:74 - [STDERR_REDIRECT] 
2026-08-07 23:52:55,351 [ERROR] LogOutputStream:74 - [STDERR_REDIRECT] [Fatal Error] :1:1: Premature end of file.
2026-08-07 23:52:55,351 [ERROR] LogOutputStream:74 - [STDERR_REDIRECT] 
2026-08-07 23:52:56,354 [ERROR] LogOutputStream:74 - [STDERR_REDIRECT] [Fatal Error] :1:1: Premature end of file.
2026-08-07 23:52:56,355 [ERROR] LogOutputStream:74 - [STDERR_REDIRECT] 
2026-08-07 23:52:57,348 [ERROR] LogOutputStream:74 - [STDERR_REDIRECT] [Fatal Error] :1:1: Premature end of file.
2026-08-07 23:52:57,349 [ERROR] LogOutputStream:74 - [STDERR_REDIRECT] 
2026-08-07 23:52:58,371 [ERROR] LogOutputStream:74 - [STDERR_REDIRECT] [Fatal Error] :1:1: Premature end of file.
2026-08-07 23:52:58,371 [ERROR] LogOutputStream:74 - [STDERR_REDIRECT] 
2026-08-07 23:52:59,372 [ERROR] LogOutputStream:74 - [STDERR_REDIRECT] [Fatal Error] :1:1: Premature end of file.
2026-08-07 23:52:59,373 [ERROR] LogOutputStream:74 - [STDERR_REDIRECT] 
2026-08-07 23:53:00,355 [ERROR] LogOutputStream:74 - [STDERR_REDIRECT] [Fatal Error] :1:1: Premature end of file.
2026-08-07 23:53:00,355 [ERROR] LogOutputStream:74 - [STDERR_REDIRECT] 
2026-08-07 23:53:01,363 [ERROR] LogOutputStream:74 - [STDERR_REDIRECT] [Fatal Error] :1:1: Premature end of file.
2026-08-07 23:53:01,364 [ERROR] LogOutputStream:74 - [STDERR_REDIRECT] 
2026-08-07 23:53:02,346 [ERROR] LogOutputStream:74 - [STDERR_REDIRECT] [Fatal Error] :1:1: Premature end of file.
2026-08-07 23:53:02,347 [ERROR] LogOutputStream:74 - [STDERR_REDIRECT] 
2026-08-07 23:53:03,350 [ERROR] LogOutputStream:74 - [STDERR_REDIRECT] [Fatal Error] :1:1: Premature end of file.
2026-08-07 23:53:03,351 [ERROR] LogOutputStream:74 - [STDERR_REDIRECT] 
2026-08-07 23:53:04,376 [ERROR] LogOutputStream:74 - [STDERR_REDIRECT] [Fatal Error] :1:1: Premature end of file.
2026-08-07 23:53:04,377 [ERROR] LogOutputStream:74 - [STDERR_REDIRECT] 
2026-08-07 23:53:05,396 [ERROR] LogOutputStream:74 - [STDERR_REDIRECT] [Fatal Error] :1:1: Premature end of file.
2026-08-07 23:53:05,397 [ERROR] LogOutputStream:74 - [STDERR_REDIRECT] 
2026-08-07 23:53:06,372 [ERROR] LogOutputStream:74 - [STDERR_REDIRECT] [Fatal Error] :1:1: Premature end of file.
2026-08-07 23:53:06,373 [ERROR] LogOutputStream:74 - [STDERR_REDIRECT] 
2026-08-07 23:53:07,339 [ERROR] LogOutputStream:74 - [STDERR_REDIRECT] [Fatal Error] :1:1: Premature end of file.
2026-08-07 23:53:07,339 [ERROR] LogOutputStream:74 - [STDERR_REDIRECT] 
2026-08-07 23:53:08,339 [ERROR] LogOutputStream:74 - [STDERR_REDIRECT] [Fatal Error] :1:1: Premature end of file.
2026-08-07 23:53:08,339 [ERROR] LogOutputStream:74 - [STDERR_REDIRECT] 
2026-08-07 23:53:09,336 [ERROR] LogOutputStream:74 - [STDERR_REDIRECT] [Fatal Error] :1:1: Premature end of file.
2026-08-07 23:53:09,336 [ERROR] LogOutputStream:74 - [STDERR_REDIRECT] 
2026-08-07 23:53:10,354 [ERROR] LogOutputStream:74 - [STDERR_REDIRECT] [Fatal Error] :1:1: Premature end of file.
2026-08-07 23:53:10,354 [ERROR] LogOutputStream:74 - [STDERR_REDIRECT] 
2026-08-07 23:53:11,355 [ERROR] LogOutputStream:74 - [STDERR_REDIRECT] [Fatal Error] :1:1: Premature end of file.
2026-08-07 23:53:11,356 [ERROR] LogOutputStream:74 - [STDERR_REDIRECT] 
2026-08-07 23:53:12,377 [ERROR] LogOutputStream:74 - [STDERR_REDIRECT] [Fatal Error] :1:1: Premature end of file.
2026-08-07 23:53:12,377 [ERROR] LogOutputStream:74 - [STDERR_REDIRECT] 
2026-08-07 23:53:13,341 [ERROR] LogOutputStream:74 - [STDERR_REDIRECT] [Fatal Error] :1:1: Premature end of file.
2026-08-07 23:53:13,341 [ERROR] LogOutputStream:74 - [STDERR_REDIRECT] 
2026-08-07 23:53:14,360 [ERROR] LogOutputStream:74 - [STDERR_REDIRECT] [Fatal Error] :1:1: Premature end of file.
2026-08-07 23:53:14,361 [ERROR] LogOutputStream:74 - [STDERR_REDIRECT] 
2026-08-07 23:53:15,349 [ERROR] LogOutputStream:74 - [STDERR_REDIRECT] [Fatal Error] :1:1: Premature end of file.
2026-08-07 23:53:15,349 [ERROR] LogOutputStream:74 - [STDERR_REDIRECT] 
2026-08-07 23:53:16,339 [ERROR] LogOutputStream:74 - [STDERR_REDIRECT] [Fatal Error] :1:1: Premature end of file.
2026-08-07 23:53:16,339 [ERROR] LogOutputStream:74 - [STDERR_REDIRECT] 
2026-08-07 23:53:17,342 [ERROR] LogOutputStream:74 - [STDERR_REDIRECT] [Fatal Error] :1:1: Premature end of file.
2026-08-07 23:53:17,342 [ERROR] LogOutputStream:74 - [STDERR_REDIRECT] 
2026-08-07 23:53:18,349 [ERROR] LogOutputStream:74 - [STDERR_REDIRECT] [Fatal Error] :1:1: Premature end of file.
2026-08-07 23:53:18,349 [ERROR] LogOutputStream:74 - [STDERR_REDIRECT] 
2026-08-07 23:53:19,338 [ERROR] LogOutputStream:74 - [STDERR_REDIRECT] [Fatal Error] :1:1: Premature end of file.
2026-08-07 23:53:19,339 [ERROR] LogOutputStream:74 - [STDERR_REDIRECT] 
2026-08-07 23:53:20,403 [ERROR] LogOutputStream:74 - [STDERR_REDIRECT] [Fatal Error] :1:1: Premature end of file.
2026-08-07 23:53:20,404 [ERROR] LogOutputStream:74 - [STDERR_REDIRECT] 
2026-08-07 23:53:21,332 [ERROR] LogOutputStream:74 - [STDERR_REDIRECT] [Fatal Error] :1:1: Premature end of file.
2026-08-07 23:53:21,333 [ERROR] LogOutputStream:74 - [STDERR_REDIRECT] 
2026-08-07 23:53:22,343 [ERROR] LogOutputStream:74 - [STDERR_REDIRECT] [Fatal Error] :1:1: Premature end of file.
2026-08-07 23:53:22,344 [ERROR] LogOutputStream:74 - [STDERR_REDIRECT] 
2026-08-07 23:53:23,349 [ERROR] LogOutputStream:74 - [STDERR_REDIRECT] [Fatal Error] :1:1: Premature end of file.
2026-08-07 23:53:23,350 [ERROR] LogOutputStream:74 - [STDERR_REDIRECT] 
2026-08-07 23:53:24,358 [ERROR] LogOutputStream:74 - [STDERR_REDIRECT] [Fatal Error] :1:1: Premature end of file.
2026-08-07 23:53:24,358 [ERROR] LogOutputStream:74 - [STDERR_REDIRECT] 
2026-08-07 23:53:25,358 [ERROR] LogOutputStream:74 - [STDERR_REDIRECT] [Fatal Error] :1:1: Premature end of file.
2026-08-07 23:53:25,358 [ERROR] LogOutputStream:74 - [STDERR_REDIRECT] 
2026-08-07 23:53:26,344 [ERROR] LogOutputStream:74 - [STDERR_REDIRECT] [Fatal Error] :1:1: Premature end of file.
2026-08-07 23:53:26,345 [ERROR] LogOutputStream:74 - [STDERR_REDIRECT] 
2026-08-07 23:53:27,346 [ERROR] LogOutputStream:74 - [STDERR_REDIRECT] [Fatal Error] :1:1: Premature end of file.
2026-08-07 23:53:27,346 [ERROR] LogOutputStream:74 - [STDERR_REDIRECT] 
2026-08-07 23:53:28,345 [ERROR] LogOutputStream:74 - [STDERR_REDIRECT] [Fatal Error] :1:1: Premature end of file.
2026-08-07 23:53:28,346 [ERROR] LogOutputStream:74 - [STDERR_REDIRECT] 
2026-08-07 23:53:29,344 [ERROR] LogOutputStream:74 - [STDERR_REDIRECT] [Fatal Error] :1:1: Premature end of file.
2026-08-07 23:53:29,345 [ERROR] LogOutputStream:74 - [STDERR_REDIRECT] 
2026-08-07 23:53:30,343 [ERROR] LogOutputStream:74 - [STDERR_REDIRECT] [Fatal Error] :1:1: Premature end of file.
2026-08-07 23:53:30,344 [ERROR] LogOutputStream:74 - [STDERR_REDIRECT] 
2026-08-07 23:53:31,362 [ERROR] LogOutputStream:74 - [STDERR_REDIRECT] [Fatal Error] :1:1: Premature end of file.
2026-08-07 23:53:31,363 [ERROR] LogOutputStream:74 - [STDERR_REDIRECT] 
2026-08-07 23:53:32,357 [ERROR] LogOutputStream:74 - [STDERR_REDIRECT] [Fatal Error] :1:1: Premature end of file.
2026-08-07 23:53:32,357 [ERROR] LogOutputStream:74 - [STDERR_REDIRECT] 
2026-08-07 23:53:33,349 [ERROR] LogOutputStream:74 - [STDERR_REDIRECT] [Fatal Error] :1:1: Premature end of file.
2026-08-07 23:53:33,349 [ERROR] LogOutputStream:74 - [STDERR_REDIRECT] 
2026-08-07 23:53:34,349 [ERROR] LogOutputStream:74 - [STDERR_REDIRECT] [Fatal Error] :1:1: Premature end of file.
2026-08-07 23:53:34,349 [ERROR] LogOutputStream:74 - [STDERR_REDIRECT] 
2026-08-07 23:53:35,344 [ERROR] LogOutputStream:74 - [STDERR_REDIRECT] [Fatal Error] :1:1: Premature end of file.
2026-08-07 23:53:35,344 [ERROR] LogOutputStream:74 - [STDERR_REDIRECT] 
2026-08-07 23:53:36,352 [ERROR] LogOutputStream:74 - [STDERR_REDIRECT] [Fatal Error] :1:1: Premature end of file.
2026-08-07 23:53:36,353 [ERROR] LogOutputStream:74 - [STDERR_REDIRECT] 
2026-08-07 23:53:37,354 [ERROR] LogOutputStream:74 - [STDERR_REDIRECT] [Fatal Error] :1:1: Premature end of file.
2026-08-07 23:53:37,354 [ERROR] LogOutputStream:74 - [STDERR_REDIRECT] 
2026-08-07 23:53:38,334 [ERROR] LogOutputStream:74 - [STDERR_REDIRECT] [Fatal Error] :1:1: Premature end of file.
2026-08-07 23:53:38,334 [ERROR] LogOutputStream:74 - [STDERR_REDIRECT] 
2026-08-07 23:53:39,340 [ERROR] LogOutputStream:74 - [STDERR_REDIRECT] [Fatal Error] :1:1: Premature end of file.
2026-08-07 23:53:39,340 [ERROR] LogOutputStream:74 - [STDERR_REDIRECT] 
2026-08-07 23:53:40,345 [ERROR] LogOutputStream:74 - [STDERR_REDIRECT] [Fatal Error] :1:1: Premature end of file.
2026-08-07 23:53:40,345 [ERROR] LogOutputStream:74 - [STDERR_REDIRECT] 
2026-08-07 23:53:41,345 [ERROR] LogOutputStream:74 - [STDERR_REDIRECT] [Fatal Error] :1:1: Premature end of file.
2026-08-07 23:53:41,345 [ERROR] LogOutputStream:74 - [STDERR_REDIRECT] 
2026-08-07 23:53:42,346 [ERROR] LogOutputStream:74 - [STDERR_REDIRECT] [Fatal Error] :1:1: Premature end of file.
2026-08-07 23:53:42,347 [ERROR] LogOutputStream:74 - [STDERR_REDIRECT] 
2026-08-07 23:53:43,345 [ERROR] LogOutputStream:74 - [STDERR_REDIRECT] [Fatal Error] :1:1: Premature end of file.
2026-08-07 23:53:43,345 [ERROR] LogOutputStream:74 - [STDERR_REDIRECT] 
2026-08-07 23:53:44,336 [ERROR] LogOutputStream:74 - [STDERR_REDIRECT] [Fatal Error] :1:1: Premature end of file.
2026-08-07 23:53:44,337 [ERROR] LogOutputStream:74 - [STDERR_REDIRECT] 
2026-08-07 23:53:45,331 [ERROR] LogOutputStream:74 - [STDERR_REDIRECT] [Fatal Error] :1:1: Premature end of file.
2026-08-07 23:53:45,331 [ERROR] LogOutputStream:74 - [STDERR_REDIRECT] 
2026-08-07 23:53:46,340 [ERROR] LogOutputStream:74 - [STDERR_REDIRECT] [Fatal Error] :1:1: Premature end of file.
2026-08-07 23:53:46,341 [ERROR] LogOutputStream:74 - [STDERR_REDIRECT] 
2026-08-07 23:53:47,328 [ERROR] LogOutputStream:74 - [STDERR_REDIRECT] [Fatal Error] :1:1: Premature end of file.
2026-08-07 23:53:47,329 [ERROR] LogOutputStream:74 - [STDERR_REDIRECT] 
2026-08-07 23:53:48,335 [ERROR] LogOutputStream:74 - [STDERR_REDIRECT] [Fatal Error] :1:1: Premature end of file.
2026-08-07 23:53:48,335 [ERROR] LogOutputStream:74 - [STDERR_REDIRECT] 
2026-08-07 23:53:49,348 [ERROR] LogOutputStream:74 - [STDERR_REDIRECT] [Fatal Error] :1:1: Premature end of file.
2026-08-07 23:53:49,348 [ERROR] LogOutputStream:74 - [STDERR_REDIRECT] 
2026-08-07 23:53:50,330 [ERROR] LogOutputStream:74 - [STDERR_REDIRECT] [Fatal Error] :1:1: Premature end of file.
2026-08-07 23:53:50,331 [ERROR] LogOutputStream:74 - [STDERR_REDIRECT] 
2026-08-07 23:53:51,356 [ERROR] LogOutputStream:74 - [STDERR_REDIRECT] [Fatal Error] :1:1: Premature end of file.
2026-08-07 23:53:51,357 [ERROR] LogOutputStream:74 - [STDERR_REDIRECT] 
2026-08-07 23:53:52,341 [ERROR] LogOutputStream:74 - [STDERR_REDIRECT] [Fatal Error] :1:1: Premature end of file.
2026-08-07 23:53:52,341 [ERROR] LogOutputStream:74 - [STDERR_REDIRECT] 
2026-08-07 23:53:53,345 [ERROR] LogOutputStream:74 - [STDERR_REDIRECT] [Fatal Error] :1:1: Premature end of file.
2026-08-07 23:53:53,346 [ERROR] LogOutputStream:74 - [STDERR_REDIRECT] 
2026-08-07 23:53:54,333 [ERROR] LogOutputStream:74 - [STDERR_REDIRECT] [Fatal Error] :1:1: Premature end of file.
2026-08-07 23:53:54,333 [ERROR] LogOutputStream:74 - [STDERR_REDIRECT] 
2026-08-07 23:53:55,331 [ERROR] LogOutputStream:74 - [STDERR_REDIRECT] [Fatal Error] :1:1: Premature end of file.
2026-08-07 23:53:55,331 [ERROR] LogOutputStream:74 - [STDERR_REDIRECT] 
2026-08-07 23:53:56,345 [ERROR] LogOutputStream:74 - [STDERR_REDIRECT] [Fatal Error] :1:1: Premature end of file.
2026-08-07 23:53:56,346 [ERROR] LogOutputStream:74 - [STDERR_REDIRECT] 
2026-08-07 23:53:57,349 [ERROR] LogOutputStream:74 - [STDERR_REDIRECT] [Fatal Error] :1:1: Premature end of file.
2026-08-07 23:53:57,349 [ERROR] LogOutputStream:74 - [STDERR_REDIRECT] 
2026-08-07 23:53:58,333 [ERROR] LogOutputStream:74 - [STDERR_REDIRECT] [Fatal Error] :1:1: Premature end of file.
2026-08-07 23:53:58,333 [ERROR] LogOutputStream:74 - [STDERR_REDIRECT] 
2026-08-07 23:53:59,334 [ERROR] LogOutputStream:74 - [STDERR_REDIRECT] [Fatal Error] :1:1: Premature end of file.
2026-08-07 23:53:59,335 [ERROR] LogOutputStream:74 - [STDERR_REDIRECT] 
2026-08-07 23:54:00,354 [ERROR] LogOutputStream:74 - [STDERR_REDIRECT] [Fatal Error] :1:1: Premature end of file.
2026-08-07 23:54:00,354 [ERROR] LogOutputStream:74 - [STDERR_REDIRECT] 
2026-08-07 23:54:01,324 [ERROR] LogOutputStream:74 - [STDERR_REDIRECT] [Fatal Error] :1:1: Premature end of file.
2026-08-07 23:54:01,325 [ERROR] LogOutputStream:74 - [STDERR_REDIRECT] 
2026-08-07 23:54:02,332 [ERROR] LogOutputStream:74 - [STDERR_REDIRECT] [Fatal Error] :1:1: Premature end of file.
2026-08-07 23:54:02,333 [ERROR] LogOutputStream:74 - [STDERR_REDIRECT] 
2026-08-07 23:54:03,364 [ERROR] LogOutputStream:74 - [STDERR_REDIRECT] [Fatal Error] :1:1: Premature end of file.
2026-08-07 23:54:03,365 [ERROR] LogOutputStream:74 - [STDERR_REDIRECT] 
2026-08-07 23:54:04,339 [ERROR] LogOutputStream:74 - [STDERR_REDIRECT] [Fatal Error] :1:1: Premature end of file.
2026-08-07 23:54:04,340 [ERROR] LogOutputStream:74 - [STDERR_REDIRECT] 
2026-08-07 23:54:05,341 [ERROR] LogOutputStream:74 - [STDERR_REDIRECT] [Fatal Error] :1:1: Premature end of file.
2026-08-07 23:54:05,341 [ERROR] LogOutputStream:74 - [STDERR_REDIRECT] 
2026-08-07 23:54:06,330 [ERROR] LogOutputStream:74 - [STDERR_REDIRECT] [Fatal Error] :1:1: Premature end of file.
2026-08-07 23:54:06,330 [ERROR] LogOutputStream:74 - [STDERR_REDIRECT] 
2026-08-07 23:54:07,338 [ERROR] LogOutputStream:74 - [STDERR_REDIRECT] [Fatal Error] :1:1: Premature end of file.
2026-08-07 23:54:07,339 [ERROR] LogOutputStream:74 - [STDERR_REDIRECT] 
2026-08-07 23:54:08,335 [ERROR] LogOutputStream:74 - [STDERR_REDIRECT] [Fatal Error] :1:1: Premature end of file.
2026-08-07 23:54:08,335 [ERROR] LogOutputStream:74 - [STDERR_REDIRECT] 
2026-08-07 23:54:09,328 [ERROR] LogOutputStream:74 - [STDERR_REDIRECT] [Fatal Error] :1:1: Premature end of file.
2026-08-07 23:54:09,328 [ERROR] LogOutputStream:74 - [STDERR_REDIRECT] 
2026-08-07 23:54:10,336 [ERROR] LogOutputStream:74 - [STDERR_REDIRECT] [Fatal Error] :1:1: Premature end of file.
2026-08-07 23:54:10,337 [ERROR] LogOutputStream:74 - [STDERR_REDIRECT] 
2026-08-07 23:54:11,341 [ERROR] LogOutputStream:74 - [STDERR_REDIRECT] [Fatal Error] :1:1: Premature end of file.
2026-08-07 23:54:11,341 [ERROR] LogOutputStream:74 - [STDERR_REDIRECT] 
2026-08-07 23:54:12,341 [ERROR] LogOutputStream:74 - [STDERR_REDIRECT] [Fatal Error] :1:1: Premature end of file.
2026-08-07 23:54:12,342 [ERROR] LogOutputStream:74 - [STDERR_REDIRECT] 
2026-08-07 23:54:13,330 [ERROR] LogOutputStream:74 - [STDERR_REDIRECT] [Fatal Error] :1:1: Premature end of file.
2026-08-07 23:54:13,330 [ERROR] LogOutputStream:74 - [STDERR_REDIRECT] 
2026-08-07 23:54:14,365 [ERROR] LogOutputStream:74 - [STDERR_REDIRECT] [Fatal Error] :1:1: Premature end of file.
2026-08-07 23:54:14,366 [ERROR] LogOutputStream:74 - [STDERR_REDIRECT] 
2026-08-07 23:54:15,339 [ERROR] LogOutputStream:74 - [STDERR_REDIRECT] [Fatal Error] :1:1: Premature end of file.
2026-08-07 23:54:15,340 [ERROR] LogOutputStream:74 - [STDERR_REDIRECT] 
2026-08-07 23:54:16,323 [ERROR] LogOutputStream:74 - [STDERR_REDIRECT] [Fatal Error] :1:1: Premature end of file.
2026-08-07 23:54:16,324 [ERROR] LogOutputStream:74 - [STDERR_REDIRECT] 
2026-08-07 23:54:17,342 [ERROR] LogOutputStream:74 - [STDERR_REDIRECT] [Fatal Error] :1:1: Premature end of file.
2026-08-07 23:54:17,343 [ERROR] LogOutputStream:74 - [STDERR_REDIRECT] 
2026-08-07 23:54:18,333 [ERROR] LogOutputStream:74 - [STDERR_REDIRECT] [Fatal Error] :1:1: Premature end of file.
2026-08-07 23:54:18,334 [ERROR] LogOutputStream:74 - [STDERR_REDIRECT] 
2026-08-07 23:54:19,333 [ERROR] LogOutputStream:74 - [STDERR_REDIRECT] [Fatal Error] :1:1: Premature end of file.
2026-08-07 23:54:19,333 [ERROR] LogOutputStream:74 - [STDERR_REDIRECT] 
2026-08-07 23:54:20,341 [ERROR] LogOutputStream:74 - [STDERR_REDIRECT] [Fatal Error] :1:1: Premature end of file.
2026-08-07 23:54:20,341 [ERROR] LogOutputStream:74 - [STDERR_REDIRECT] 
2026-08-07 23:54:21,365 [ERROR] LogOutputStream:74 - [STDERR_REDIRECT] [Fatal Error] :1:1: Premature end of file.
2026-08-07 23:54:21,365 [ERROR] LogOutputStream:74 - [STDERR_REDIRECT] 
2026-08-07 23:54:22,380 [ERROR] LogOutputStream:74 - [STDERR_REDIRECT] [Fatal Error] :1:1: Premature end of file.
2026-08-07 23:54:22,381 [ERROR] LogOutputStream:74 - [STDERR_REDIRECT] 
2026-08-07 23:54:23,372 [ERROR] LogOutputStream:74 - [STDERR_REDIRECT] [Fatal Error] :1:1: Premature end of file.
2026-08-07 23:54:23,372 [ERROR] LogOutputStream:74 - [STDERR_REDIRECT] 
2026-08-07 23:54:24,369 [ERROR] LogOutputStream:74 - [STDERR_REDIRECT] [Fatal Error] :1:1: Premature end of file.
2026-08-07 23:54:24,370 [ERROR] LogOutputStream:74 - [STDERR_REDIRECT] 
2026-08-07 23:54:25,411 [ERROR] LogOutputStream:74 - [STDERR_REDIRECT] [Fatal Error] :1:1: Premature end of file.
2026-08-07 23:54:25,411 [ERROR] LogOutputStream:74 - [STDERR_REDIRECT] 
2026-08-07 23:54:26,392 [ERROR] LogOutputStream:74 - [STDERR_REDIRECT] [Fatal Error] :1:1: Premature end of file.
2026-08-07 23:54:26,393 [ERROR] LogOutputStream:74 - [STDERR_REDIRECT] 
2026-08-07 23:54:27,366 [ERROR] LogOutputStream:74 - [STDERR_REDIRECT] [Fatal Error] :1:1: Premature end of file.
2026-08-07 23:54:27,367 [ERROR] LogOutputStream:74 - [STDERR_REDIRECT] 
2026-08-07 23:54:28,346 [ERROR] LogOutputStream:74 - [STDERR_REDIRECT] [Fatal Error] :1:1: Premature end of file.
2026-08-07 23:54:28,348 [ERROR] LogOutputStream:74 - [STDERR_REDIRECT] 
2026-08-07 23:54:29,359 [ERROR] LogOutputStream:74 - [STDERR_REDIRECT] [Fatal Error] :1:1: Premature end of file.
2026-08-07 23:54:29,359 [ERROR] LogOutputStream:74 - [STDERR_REDIRECT] 
2026-08-07 23:54:30,359 [ERROR] LogOutputStream:74 - [STDERR_REDIRECT] [Fatal Error] :1:1: Premature end of file.
2026-08-07 23:54:30,360 [ERROR] LogOutputStream:74 - [STDERR_REDIRECT] 
2026-08-07 23:54:31,344 [ERROR] LogOutputStream:74 - [STDERR_REDIRECT] [Fatal Error] :1:1: Premature end of file.
2026-08-07 23:54:31,344 [ERROR] LogOutputStream:74 - [STDERR_REDIRECT] 
2026-08-07 23:54:32,347 [ERROR] LogOutputStream:74 - [STDERR_REDIRECT] [Fatal Error] :1:1: Premature end of file.
2026-08-07 23:54:32,348 [ERROR] LogOutputStream:74 - [STDERR_REDIRECT] 
2026-08-07 23:54:33,365 [ERROR] LogOutputStream:74 - [STDERR_REDIRECT] [Fatal Error] :1:1: Premature end of file.
2026-08-07 23:54:33,366 [ERROR] LogOutputStream:74 - [STDERR_REDIRECT] 
2026-08-07 23:54:34,364 [ERROR] LogOutputStream:74 - [STDERR_REDIRECT] [Fatal Error] :1:1: Premature end of file.
2026-08-07 23:54:34,364 [ERROR] LogOutputStream:74 - [STDERR_REDIRECT] 
2026-08-07 23:54:35,372 [ERROR] LogOutputStream:74 - [STDERR_REDIRECT] [Fatal Error] :1:1: Premature end of file.
2026-08-07 23:54:35,372 [ERROR] LogOutputStream:74 - [STDERR_REDIRECT] 
2026-08-07 23:54:36,384 [ERROR] LogOutputStream:74 - [STDERR_REDIRECT] [Fatal Error] :1:1: Premature end of file.
2026-08-07 23:54:36,384 [ERROR] LogOutputStream:74 - [STDERR_REDIRECT] 
2026-08-07 23:54:37,383 [ERROR] LogOutputStream:74 - [STDERR_REDIRECT] [Fatal Error] :1:1: Premature end of file.
2026-08-07 23:54:37,384 [ERROR] LogOutputStream:74 - [STDERR_REDIRECT] 
2026-08-07 23:54:38,357 [ERROR] LogOutputStream:74 - [STDERR_REDIRECT] [Fatal Error] :1:1: Premature end of file.
2026-08-07 23:54:38,358 [ERROR] LogOutputStream:74 - [STDERR_REDIRECT] 
2026-08-07 23:54:39,365 [ERROR] LogOutputStream:74 - [STDERR_REDIRECT] [Fatal Error] :1:1: Premature end of file.
2026-08-07 23:54:39,365 [ERROR] LogOutputStream:74 - [STDERR_REDIRECT] 
2026-08-07 23:54:40,361 [ERROR] LogOutputStream:74 - [STDERR_REDIRECT] [Fatal Error] :1:1: Premature end of file.
2026-08-07 23:54:40,361 [ERROR] LogOutputStream:74 - [STDERR_REDIRECT] 
2026-08-07 23:54:41,352 [ERROR] LogOutputStream:74 - [STDERR_REDIRECT] [Fatal Error] :1:1: Premature end of file.
2026-08-07 23:54:41,352 [ERROR] LogOutputStream:74 - [STDERR_REDIRECT] 
2026-08-07 23:54:42,370 [ERROR] LogOutputStream:74 - [STDERR_REDIRECT] [Fatal Error] :1:1: Premature end of file.
2026-08-07 23:54:42,371 [ERROR] LogOutputStream:74 - [STDERR_REDIRECT] 
2026-08-07 23:54:43,361 [ERROR] LogOutputStream:74 - [STDERR_REDIRECT] [Fatal Error] :1:1: Premature end of file.
2026-08-07 23:54:43,361 [ERROR] LogOutputStream:74 - [STDERR_REDIRECT] 
2026-08-07 23:54:44,369 [ERROR] LogOutputStream:74 - [STDERR_REDIRECT] [Fatal Error] :1:1: Premature end of file.
2026-08-07 23:54:44,371 [ERROR] LogOutputStream:74 - [STDERR_REDIRECT] 
2026-08-07 23:54:45,355 [ERROR] LogOutputStream:74 - [STDERR_REDIRECT] [Fatal Error] :1:1: Premature end of file.
2026-08-07 23:54:45,355 [ERROR] LogOutputStream:74 - [STDERR_REDIRECT] 
2026-08-07 23:54:46,343 [ERROR] LogOutputStream:74 - [STDERR_REDIRECT] [Fatal Error] :1:1: Premature end of file.
2026-08-07 23:54:46,344 [ERROR] LogOutputStream:74 - [STDERR_REDIRECT] 
2026-08-07 23:54:47,486 [ERROR] LogOutputStream:74 - [STDERR_REDIRECT] [Fatal Error] :1:1: Premature end of file.
2026-08-07 23:54:47,487 [ERROR] LogOutputStream:74 - [STDERR_REDIRECT] 
2026-08-07 23:54:48,365 [ERROR] LogOutputStream:74 - [STDERR_REDIRECT] [Fatal Error] :1:1: Premature end of file.
2026-08-07 23:54:48,365 [ERROR] LogOutputStream:74 - [STDERR_REDIRECT] 
2026-08-07 23:54:49,358 [ERROR] LogOutputStream:74 - [STDERR_REDIRECT] [Fatal Error] :1:1: Premature end of file.
2026-08-07 23:54:49,358 [ERROR] LogOutputStream:74 - [STDERR_REDIRECT] 
2026-08-07 23:54:50,415 [ERROR] LogOutputStream:74 - [STDERR_REDIRECT] [Fatal Error] :1:1: Premature end of file.
2026-08-07 23:54:50,415 [ERROR] LogOutputStream:74 - [STDERR_REDIRECT] 
2026-08-07 23:54:51,370 [ERROR] LogOutputStream:74 - [STDERR_REDIRECT] [Fatal Error] :1:1: Premature end of file.
2026-08-07 23:54:51,370 [ERROR] LogOutputStream:74 - [STDERR_REDIRECT] 
2026-08-07 23:54:52,386 [ERROR] LogOutputStream:74 - [STDERR_REDIRECT] [Fatal Error] :1:1: Premature end of file.
2026-08-07 23:54:52,387 [ERROR] LogOutputStream:74 - [STDERR_REDIRECT] 
2026-08-07 23:54:53,349 [ERROR] LogOutputStream:74 - [STDERR_REDIRECT] [Fatal Error] :1:1: Premature end of file.
2026-08-07 23:54:53,350 [ERROR] LogOutputStream:74 - [STDERR_REDIRECT] 
2026-08-07 23:54:54,347 [ERROR] LogOutputStream:74 - [STDERR_REDIRECT] [Fatal Error] :1:1: Premature end of file.
2026-08-07 23:54:54,348 [ERROR] LogOutputStream:74 - [STDERR_REDIRECT] 
2026-08-07 23:54:55,415 [ERROR] LogOutputStream:74 - [STDERR_REDIRECT] [Fatal Error] :1:1: Premature end of file.
2026-08-07 23:54:55,415 [ERROR] LogOutputStream:74 - [STDERR_REDIRECT] 
2026-08-07 23:54:56,365 [ERROR] LogOutputStream:74 - [STDERR_REDIRECT] [Fatal Error] :1:1: Premature end of file.
2026-08-07 23:54:56,366 [ERROR] LogOutputStream:74 - [STDERR_REDIRECT] 
2026-08-07 23:54:57,344 [ERROR] LogOutputStream:74 - [STDERR_REDIRECT] [Fatal Error] :1:1: Premature end of file.
2026-08-07 23:54:57,345 [ERROR] LogOutputStream:74 - [STDERR_REDIRECT] 
2026-08-07 23:54:58,350 [ERROR] LogOutputStream:74 - [STDERR_REDIRECT] [Fatal Error] :1:1: Premature end of file.
2026-08-07 23:54:58,350 [ERROR] LogOutputStream:74 - [STDERR_REDIRECT] 
2026-08-07 23:54:59,436 [ERROR] LogOutputStream:74 - [STDERR_REDIRECT] [Fatal Error] :1:1: Premature end of file.
2026-08-07 23:54:59,436 [ERROR] LogOutputStream:74 - [STDERR_REDIRECT] 
2026-08-07 23:55:00,387 [ERROR] LogOutputStream:74 - [STDERR_REDIRECT] [Fatal Error] :1:1: Premature end of file.
2026-08-07 23:55:00,388 [ERROR] LogOutputStream:74 - [STDERR_REDIRECT] 
2026-08-07 23:55:01,371 [ERROR] LogOutputStream:74 - [STDERR_REDIRECT] [Fatal Error] :1:1: Premature end of file.
2026-08-07 23:55:01,371 [ERROR] LogOutputStream:74 - [STDERR_REDIRECT] 
2026-08-07 23:55:02,364 [ERROR] LogOutputStream:74 - [STDERR_REDIRECT] [Fatal Error] :1:1: Premature end of file.
2026-08-07 23:55:02,364 [ERROR] LogOutputStream:74 - [STDERR_REDIRECT] 
2026-08-07 23:55:03,389 [ERROR] LogOutputStream:74 - [STDERR_REDIRECT] [Fatal Error] :1:1: Premature end of file.
2026-08-07 23:55:03,390 [ERROR] LogOutputStream:74 - [STDERR_REDIRECT] 
2026-08-07 23:55:04,353 [ERROR] LogOutputStream:74 - [STDERR_REDIRECT] [Fatal Error] :1:1: Premature end of file.
2026-08-07 23:55:04,353 [ERROR] LogOutputStream:74 - [STDERR_REDIRECT] 
2026-08-07 23:55:05,344 [ERROR] LogOutputStream:74 - [STDERR_REDIRECT] [Fatal Error] :1:1: Premature end of file.
2026-08-07 23:55:05,344 [ERROR] LogOutputStream:74 - [STDERR_REDIRECT] 
2026-08-07 23:55:06,342 [ERROR] LogOutputStream:74 - [STDERR_REDIRECT] [Fatal Error] :1:1: Premature end of file.
2026-08-07 23:55:06,343 [ERROR] LogOutputStream:74 - [STDERR_REDIRECT] 
2026-08-07 23:55:07,377 [ERROR] LogOutputStream:74 - [STDERR_REDIRECT] [Fatal Error] :1:1: Premature end of file.
2026-08-07 23:55:07,378 [ERROR] LogOutputStream:74 - [STDERR_REDIRECT] 
2026-08-07 23:55:08,363 [ERROR] LogOutputStream:74 - [STDERR_REDIRECT] [Fatal Error] :1:1: Premature end of file.
2026-08-07 23:55:08,363 [ERROR] LogOutputStream:74 - [STDERR_REDIRECT] 
2026-08-07 23:55:09,348 [ERROR] LogOutputStream:74 - [STDERR_REDIRECT] [Fatal Error] :1:1: Premature end of file.
2026-08-07 23:55:09,349 [ERROR] LogOutputStream:74 - [STDERR_REDIRECT] 
2026-08-07 23:55:10,403 [ERROR] LogOutputStream:74 - [STDERR_REDIRECT] [Fatal Error] :1:1: Premature end of file.
2026-08-07 23:55:10,404 [ERROR] LogOutputStream:74 - [STDERR_REDIRECT] 
2026-08-07 23:55:11,415 [ERROR] LogOutputStream:74 - [STDERR_REDIRECT] [Fatal Error] :1:1: Premature end of file.
2026-08-07 23:55:11,416 [ERROR] LogOutputStream:74 - [STDERR_REDIRECT] 
2026-08-07 23:55:12,389 [ERROR] LogOutputStream:74 - [STDERR_REDIRECT] [Fatal Error] :1:1: Premature end of file.
2026-08-07 23:55:12,389 [ERROR] LogOutputStream:74 - [STDERR_REDIRECT] 
2026-08-07 23:55:13,390 [ERROR] LogOutputStream:74 - [STDERR_REDIRECT] [Fatal Error] :1:1: Premature end of file.
2026-08-07 23:55:13,391 [ERROR] LogOutputStream:74 - [STDERR_REDIRECT] 
2026-08-07 23:55:14,559 [ERROR] LogOutputStream:74 - [STDERR_REDIRECT] [Fatal Error] :1:1: Premature end of file.
2026-08-07 23:55:14,560 [ERROR] LogOutputStream:74 - [STDERR_REDIRECT] 
2026-08-07 23:55:15,421 [ERROR] LogOutputStream:74 - [STDERR_REDIRECT] [Fatal Error] :1:1: Premature end of file.
2026-08-07 23:55:15,422 [ERROR] LogOutputStream:74 - [STDERR_REDIRECT] 
2026-08-07 23:55:16,431 [ERROR] LogOutputStream:74 - [STDERR_REDIRECT] [Fatal Error] :1:1: Premature end of file.
2026-08-07 23:55:16,431 [ERROR] LogOutputStream:74 - [STDERR_REDIRECT] 
2026-08-07 23:55:17,430 [ERROR] LogOutputStream:74 - [STDERR_REDIRECT] [Fatal Error] :1:1: Premature end of file.
2026-08-07 23:55:17,431 [ERROR] LogOutputStream:74 - [STDERR_REDIRECT] 
2026-08-07 23:55:18,378 [ERROR] LogOutputStream:74 - [STDERR_REDIRECT] [Fatal Error] :1:1: Premature end of file.
2026-08-07 23:55:18,379 [ERROR] LogOutputStream:74 - [STDERR_REDIRECT] 
2026-08-07 23:55:19,452 [ERROR] LogOutputStream:74 - [STDERR_REDIRECT] [Fatal Error] :1:1: Premature end of file.
2026-08-07 23:55:19,454 [ERROR] LogOutputStream:74 - [STDERR_REDIRECT] 
2026-08-07 23:55:20,382 [ERROR] LogOutputStream:74 - [STDERR_REDIRECT] [Fatal Error] :1:1: Premature end of file.
2026-08-07 23:55:20,382 [ERROR] LogOutputStream:74 - [STDERR_REDIRECT] 
2026-08-07 23:55:21,433 [ERROR] LogOutputStream:74 - [STDERR_REDIRECT] [Fatal Error] :1:1: Premature end of file.
2026-08-07 23:55:21,436 [ERROR] LogOutputStream:74 - [STDERR_REDIRECT] 
2026-08-07 23:55:22,390 [ERROR] LogOutputStream:74 - [STDERR_REDIRECT] [Fatal Error] :1:1: Premature end of file.
2026-08-07 23:55:22,390 [ERROR] LogOutputStream:74 - [STDERR_REDIRECT] 
2026-08-07 23:55:23,355 [ERROR] LogOutputStream:74 - [STDERR_REDIRECT] [Fatal Error] :1:1: Premature end of file.
2026-08-07 23:55:23,356 [ERROR] LogOutputStream:74 - [STDERR_REDIRECT] 
2026-08-07 23:55:24,352 [ERROR] LogOutputStream:74 - [STDERR_REDIRECT] [Fatal Error] :1:1: Premature end of file.
2026-08-07 23:55:24,352 [ERROR] LogOutputStream:74 - [STDERR_REDIRECT] 
2026-08-07 23:55:25,345 [ERROR] LogOutputStream:74 - [STDERR_REDIRECT] [Fatal Error] :1:1: Premature end of file.
2026-08-07 23:55:25,345 [ERROR] LogOutputStream:74 - [STDERR_REDIRECT] 
2026-08-07 23:55:26,359 [ERROR] LogOutputStream:74 - [STDERR_REDIRECT] [Fatal Error] :1:1: Premature end of file.
2026-08-07 23:55:26,360 [ERROR] LogOutputStream:74 - [STDERR_REDIRECT] 
2026-08-07 23:55:27,348 [ERROR] LogOutputStream:74 - [STDERR_REDIRECT] [Fatal Error] :1:1: Premature end of file.
2026-08-07 23:55:27,349 [ERROR] LogOutputStream:74 - [STDERR_REDIRECT] 
2026-08-07 23:55:28,365 [ERROR] LogOutputStream:74 - [STDERR_REDIRECT] [Fatal Error] :1:1: Premature end of file.
2026-08-07 23:55:28,365 [ERROR] LogOutputStream:74 - [STDERR_REDIRECT] 
2026-08-07 23:55:29,372 [ERROR] LogOutputStream:74 - [STDERR_REDIRECT] [Fatal Error] :1:1: Premature end of file.
2026-08-07 23:55:29,373 [ERROR] LogOutputStream:74 - [STDERR_REDIRECT] 
2026-08-07 23:55:30,377 [ERROR] LogOutputStream:74 - [STDERR_REDIRECT] [Fatal Error] :1:1: Premature end of file.
2026-08-07 23:55:30,378 [ERROR] LogOutputStream:74 - [STDERR_REDIRECT] 
2026-08-07 23:55:31,359 [ERROR] LogOutputStream:74 - [STDERR_REDIRECT] [Fatal Error] :1:1: Premature end of file.
2026-08-07 23:55:31,359 [ERROR] LogOutputStream:74 - [STDERR_REDIRECT] 
2026-08-07 23:55:32,368 [ERROR] LogOutputStream:74 - [STDERR_REDIRECT] [Fatal Error] :1:1: Premature end of file.
2026-08-07 23:55:32,370 [ERROR] LogOutputStream:74 - [STDERR_REDIRECT] 
2026-08-07 23:55:33,445 [ERROR] LogOutputStream:74 - [STDERR_REDIRECT] [Fatal Error] :1:1: Premature end of file.
2026-08-07 23:55:33,446 [ERROR] LogOutputStream:74 - [STDERR_REDIRECT] 
2026-08-07 23:55:33,815 [ERROR] FileExtend:450 - File entry not found
2026-08-07 23:55:33,816 [INFO] FileExtend:235 - Unzip File : stm32cube_fw_h7_v190.zip
2026-08-07 23:55:33,816 [INFO] FileExtend:250 - Standard Zip Deflate
2026-08-07 23:55:34,716 [ERROR] LogOutputStream:74 - [STDERR_REDIRECT] [Fatal Error] :1:1: Premature end of file.
2026-08-07 23:55:34,717 [ERROR] LogOutputStream:74 - [STDERR_REDIRECT] 
2026-08-07 23:55:35,502 [ERROR] LogOutputStream:74 - [STDERR_REDIRECT] [Fatal Error] :1:1: Premature end of file.
2026-08-07 23:55:35,503 [ERROR] LogOutputStream:74 - [STDERR_REDIRECT] 
2026-08-07 23:55:36,450 [ERROR] LogOutputStream:74 - [STDERR_REDIRECT] [Fatal Error] :1:1: Premature end of file.
2026-08-07 23:55:36,451 [ERROR] LogOutputStream:74 - [STDERR_REDIRECT] 
2026-08-07 23:55:37,413 [ERROR] LogOutputStream:74 - [STDERR_REDIRECT] [Fatal Error] :1:1: Premature end of file.
2026-08-07 23:55:37,414 [ERROR] LogOutputStream:74 - [STDERR_REDIRECT] 
2026-08-07 23:55:38,379 [ERROR] LogOutputStream:74 - [STDERR_REDIRECT] [Fatal Error] :1:1: Premature end of file.
2026-08-07 23:55:38,380 [ERROR] LogOutputStream:74 - [STDERR_REDIRECT] 
2026-08-07 23:55:39,479 [ERROR] LogOutputStream:74 - [STDERR_REDIRECT] [Fatal Error] :1:1: Premature end of file.
2026-08-07 23:55:39,480 [ERROR] LogOutputStream:74 - [STDERR_REDIRECT] 
2026-08-07 23:55:40,497 [ERROR] LogOutputStream:74 - [STDERR_REDIRECT] [Fatal Error] :1:1: Premature end of file.
2026-08-07 23:55:40,498 [ERROR] LogOutputStream:74 - [STDERR_REDIRECT] 
2026-08-07 23:55:41,436 [ERROR] LogOutputStream:74 - [STDERR_REDIRECT] [Fatal Error] :1:1: Premature end of file.
2026-08-07 23:55:41,437 [ERROR] LogOutputStream:74 - [STDERR_REDIRECT] 
2026-08-07 23:55:42,468 [ERROR] LogOutputStream:74 - [STDERR_REDIRECT] [Fatal Error] :1:1: Premature end of file.
2026-08-07 23:55:42,468 [ERROR] LogOutputStream:74 - [STDERR_REDIRECT] 
2026-08-07 23:55:43,406 [ERROR] LogOutputStream:74 - [STDERR_REDIRECT] [Fatal Error] :1:1: Premature end of file.
2026-08-07 23:55:43,406 [ERROR] LogOutputStream:74 - [STDERR_REDIRECT] 
2026-08-07 23:55:44,401 [ERROR] LogOutputStream:74 - [STDERR_REDIRECT] [Fatal Error] :1:1: Premature end of file.
2026-08-07 23:55:44,402 [ERROR] LogOutputStream:74 - [STDERR_REDIRECT] 
2026-08-07 23:55:45,413 [ERROR] LogOutputStream:74 - [STDERR_REDIRECT] [Fatal Error] :1:1: Premature end of file.
2026-08-07 23:55:45,413 [ERROR] LogOutputStream:74 - [STDERR_REDIRECT] 
2026-08-07 23:55:46,397 [ERROR] LogOutputStream:74 - [STDERR_REDIRECT] [Fatal Error] :1:1: Premature end of file.
2026-08-07 23:55:46,397 [ERROR] LogOutputStream:74 - [STDERR_REDIRECT] 
2026-08-07 23:55:47,379 [ERROR] LogOutputStream:74 - [STDERR_REDIRECT] [Fatal Error] :1:1: Premature end of file.
2026-08-07 23:55:47,380 [ERROR] LogOutputStream:74 - [STDERR_REDIRECT] 
2026-08-07 23:55:48,360 [ERROR] LogOutputStream:74 - [STDERR_REDIRECT] [Fatal Error] :1:1: Premature end of file.
2026-08-07 23:55:48,360 [ERROR] LogOutputStream:74 - [STDERR_REDIRECT] 
2026-08-07 23:55:49,374 [ERROR] LogOutputStream:74 - [STDERR_REDIRECT] [Fatal Error] :1:1: Premature end of file.
2026-08-07 23:55:49,375 [ERROR] LogOutputStream:74 - [STDERR_REDIRECT] 
2026-08-07 23:55:50,407 [ERROR] LogOutputStream:74 - [STDERR_REDIRECT] [Fatal Error] :1:1: Premature end of file.
2026-08-07 23:55:50,408 [ERROR] LogOutputStream:74 - [STDERR_REDIRECT] 
2026-08-07 23:55:51,394 [ERROR] LogOutputStream:74 - [STDERR_REDIRECT] [Fatal Error] :1:1: Premature end of file.
2026-08-07 23:55:51,395 [ERROR] LogOutputStream:74 - [STDERR_REDIRECT] 
2026-08-07 23:55:52,388 [ERROR] LogOutputStream:74 - [STDERR_REDIRECT] [Fatal Error] :1:1: Premature end of file.
2026-08-07 23:55:52,390 [ERROR] LogOutputStream:74 - [STDERR_REDIRECT] 
2026-08-07 23:55:53,365 [ERROR] LogOutputStream:74 - [STDERR_REDIRECT] [Fatal Error] :1:1: Premature end of file.
2026-08-07 23:55:53,365 [ERROR] LogOutputStream:74 - [STDERR_REDIRECT] 
2026-08-07 23:55:54,367 [ERROR] LogOutputStream:74 - [STDERR_REDIRECT] [Fatal Error] :1:1: Premature end of file.
2026-08-07 23:55:54,367 [ERROR] LogOutputStream:74 - [STDERR_REDIRECT] 
2026-08-07 23:55:55,374 [ERROR] LogOutputStream:74 - [STDERR_REDIRECT] [Fatal Error] :1:1: Premature end of file.
2026-08-07 23:55:55,374 [ERROR] LogOutputStream:74 - [STDERR_REDIRECT] 
2026-08-07 23:55:56,375 [ERROR] LogOutputStream:74 - [STDERR_REDIRECT] [Fatal Error] :1:1: Premature end of file.
2026-08-07 23:55:56,375 [ERROR] LogOutputStream:74 - [STDERR_REDIRECT] 
2026-08-07 23:55:57,370 [ERROR] LogOutputStream:74 - [STDERR_REDIRECT] [Fatal Error] :1:1: Premature end of file.
2026-08-07 23:55:57,371 [ERROR] LogOutputStream:74 - [STDERR_REDIRECT] 
2026-08-07 23:55:58,398 [ERROR] LogOutputStream:74 - [STDERR_REDIRECT] [Fatal Error] :1:1: Premature end of file.
2026-08-07 23:55:58,399 [ERROR] LogOutputStream:74 - [STDERR_REDIRECT] 
2026-08-07 23:55:59,384 [ERROR] LogOutputStream:74 - [STDERR_REDIRECT] [Fatal Error] :1:1: Premature end of file.
2026-08-07 23:55:59,385 [ERROR] LogOutputStream:74 - [STDERR_REDIRECT] 
2026-08-07 23:56:00,373 [ERROR] LogOutputStream:74 - [STDERR_REDIRECT] [Fatal Error] :1:1: Premature end of file.
2026-08-07 23:56:00,374 [ERROR] LogOutputStream:74 - [STDERR_REDIRECT] 
2026-08-07 23:56:01,357 [ERROR] LogOutputStream:74 - [STDERR_REDIRECT] [Fatal Error] :1:1: Premature end of file.
2026-08-07 23:56:01,358 [ERROR] LogOutputStream:74 - [STDERR_REDIRECT] 
2026-08-07 23:56:02,385 [ERROR] LogOutputStream:74 - [STDERR_REDIRECT] [Fatal Error] :1:1: Premature end of file.
2026-08-07 23:56:02,386 [ERROR] LogOutputStream:74 - [STDERR_REDIRECT] 
2026-08-07 23:56:03,395 [ERROR] LogOutputStream:74 - [STDERR_REDIRECT] [Fatal Error] :1:1: Premature end of file.
2026-08-07 23:56:03,396 [ERROR] LogOutputStream:74 - [STDERR_REDIRECT] 
2026-08-07 23:56:04,403 [ERROR] LogOutputStream:74 - [STDERR_REDIRECT] [Fatal Error] :1:1: Premature end of file.
2026-08-07 23:56:04,404 [ERROR] LogOutputStream:74 - [STDERR_REDIRECT] 
2026-08-07 23:56:05,406 [ERROR] LogOutputStream:74 - [STDERR_REDIRECT] [Fatal Error] :1:1: Premature end of file.
2026-08-07 23:56:05,407 [ERROR] LogOutputStream:74 - [STDERR_REDIRECT] 
2026-08-07 23:56:06,372 [ERROR] LogOutputStream:74 - [STDERR_REDIRECT] [Fatal Error] :1:1: Premature end of file.
2026-08-07 23:56:06,372 [ERROR] LogOutputStream:74 - [STDERR_REDIRECT] 
2026-08-07 23:56:07,397 [ERROR] LogOutputStream:74 - [STDERR_REDIRECT] [Fatal Error] :1:1: Premature end of file.
2026-08-07 23:56:07,397 [ERROR] LogOutputStream:74 - [STDERR_REDIRECT] 
2026-08-07 23:56:08,400 [ERROR] LogOutputStream:74 - [STDERR_REDIRECT] [Fatal Error] :1:1: Premature end of file.
2026-08-07 23:56:08,400 [ERROR] LogOutputStream:74 - [STDERR_REDIRECT] 
2026-08-07 23:56:09,410 [ERROR] LogOutputStream:74 - [STDERR_REDIRECT] [Fatal Error] :1:1: Premature end of file.
2026-08-07 23:56:09,411 [ERROR] LogOutputStream:74 - [STDERR_REDIRECT] 
2026-08-07 23:56:10,421 [ERROR] LogOutputStream:74 - [STDERR_REDIRECT] [Fatal Error] :1:1: Premature end of file.
2026-08-07 23:56:10,421 [ERROR] LogOutputStream:74 - [STDERR_REDIRECT] 
2026-08-07 23:56:11,417 [ERROR] LogOutputStream:74 - [STDERR_REDIRECT] [Fatal Error] :1:1: Premature end of file.
2026-08-07 23:56:11,417 [ERROR] LogOutputStream:74 - [STDERR_REDIRECT] 
2026-08-07 23:56:12,399 [ERROR] LogOutputStream:74 - [STDERR_REDIRECT] [Fatal Error] :1:1: Premature end of file.
2026-08-07 23:56:12,400 [ERROR] LogOutputStream:74 - [STDERR_REDIRECT] 
2026-08-07 23:56:13,396 [ERROR] LogOutputStream:74 - [STDERR_REDIRECT] [Fatal Error] :1:1: Premature end of file.
2026-08-07 23:56:13,396 [ERROR] LogOutputStream:74 - [STDERR_REDIRECT] 
2026-08-07 23:56:14,370 [ERROR] LogOutputStream:74 - [STDERR_REDIRECT] [Fatal Error] :1:1: Premature end of file.
2026-08-07 23:56:14,371 [ERROR] LogOutputStream:74 - [STDERR_REDIRECT] 
2026-08-07 23:56:15,405 [ERROR] LogOutputStream:74 - [STDERR_REDIRECT] [Fatal Error] :1:1: Premature end of file.
2026-08-07 23:56:15,406 [ERROR] LogOutputStream:74 - [STDERR_REDIRECT] 
2026-08-07 23:56:16,383 [ERROR] LogOutputStream:74 - [STDERR_REDIRECT] [Fatal Error] :1:1: Premature end of file.
2026-08-07 23:56:16,383 [ERROR] LogOutputStream:74 - [STDERR_REDIRECT] 
2026-08-07 23:56:17,367 [ERROR] LogOutputStream:74 - [STDERR_REDIRECT] [Fatal Error] :1:1: Premature end of file.
2026-08-07 23:56:17,368 [ERROR] LogOutputStream:74 - [STDERR_REDIRECT] 
2026-08-07 23:56:18,395 [ERROR] LogOutputStream:74 - [STDERR_REDIRECT] [Fatal Error] :1:1: Premature end of file.
2026-08-07 23:56:18,395 [ERROR] LogOutputStream:74 - [STDERR_REDIRECT] 
2026-08-07 23:56:19,399 [ERROR] LogOutputStream:74 - [STDERR_REDIRECT] [Fatal Error] :1:1: Premature end of file.
2026-08-07 23:56:19,400 [ERROR] LogOutputStream:74 - [STDERR_REDIRECT] 
2026-08-07 23:56:20,418 [ERROR] LogOutputStream:74 - [STDERR_REDIRECT] [Fatal Error] :1:1: Premature end of file.
2026-08-07 23:56:20,418 [ERROR] LogOutputStream:74 - [STDERR_REDIRECT] 
2026-08-07 23:56:21,381 [ERROR] LogOutputStream:74 - [STDERR_REDIRECT] [Fatal Error] :1:1: Premature end of file.
2026-08-07 23:56:21,382 [ERROR] LogOutputStream:74 - [STDERR_REDIRECT] 
2026-08-07 23:56:22,398 [ERROR] LogOutputStream:74 - [STDERR_REDIRECT] [Fatal Error] :1:1: Premature end of file.
2026-08-07 23:56:22,398 [ERROR] LogOutputStream:74 - [STDERR_REDIRECT] 
2026-08-07 23:56:23,370 [ERROR] LogOutputStream:74 - [STDERR_REDIRECT] [Fatal Error] :1:1: Premature end of file.
2026-08-07 23:56:23,370 [ERROR] LogOutputStream:74 - [STDERR_REDIRECT] 
2026-08-07 23:56:24,384 [ERROR] LogOutputStream:74 - [STDERR_REDIRECT] [Fatal Error] :1:1: Premature end of file.
2026-08-07 23:56:24,384 [ERROR] LogOutputStream:74 - [STDERR_REDIRECT] 
2026-08-07 23:56:25,379 [ERROR] LogOutputStream:74 - [STDERR_REDIRECT] [Fatal Error] :1:1: Premature end of file.
2026-08-07 23:56:25,380 [ERROR] LogOutputStream:74 - [STDERR_REDIRECT] 
2026-08-07 23:56:26,406 [ERROR] LogOutputStream:74 - [STDERR_REDIRECT] [Fatal Error] :1:1: Premature end of file.
2026-08-07 23:56:26,406 [ERROR] LogOutputStream:74 - [STDERR_REDIRECT] 
2026-08-07 23:56:27,405 [ERROR] LogOutputStream:74 - [STDERR_REDIRECT] [Fatal Error] :1:1: Premature end of file.
2026-08-07 23:56:27,406 [ERROR] LogOutputStream:74 - [STDERR_REDIRECT] 
2026-08-07 23:56:28,411 [ERROR] LogOutputStream:74 - [STDERR_REDIRECT] [Fatal Error] :1:1: Premature end of file.
2026-08-07 23:56:28,411 [ERROR] LogOutputStream:74 - [STDERR_REDIRECT] 
2026-08-07 23:56:29,404 [ERROR] LogOutputStream:74 - [STDERR_REDIRECT] [Fatal Error] :1:1: Premature end of file.
2026-08-07 23:56:29,404 [ERROR] LogOutputStream:74 - [STDERR_REDIRECT] 
2026-08-07 23:56:30,418 [ERROR] LogOutputStream:74 - [STDERR_REDIRECT] [Fatal Error] :1:1: Premature end of file.
2026-08-07 23:56:30,419 [ERROR] LogOutputStream:74 - [STDERR_REDIRECT] 
2026-08-07 23:56:31,395 [ERROR] LogOutputStream:74 - [STDERR_REDIRECT] [Fatal Error] :1:1: Premature end of file.
2026-08-07 23:56:31,395 [ERROR] LogOutputStream:74 - [STDERR_REDIRECT] 
2026-08-07 23:56:32,425 [ERROR] LogOutputStream:74 - [STDERR_REDIRECT] [Fatal Error] :1:1: Premature end of file.
2026-08-07 23:56:32,426 [ERROR] LogOutputStream:74 - [STDERR_REDIRECT] 
2026-08-07 23:56:33,439 [ERROR] LogOutputStream:74 - [STDERR_REDIRECT] [Fatal Error] :1:1: Premature end of file.
2026-08-07 23:56:33,440 [ERROR] LogOutputStream:74 - [STDERR_REDIRECT] 
2026-08-07 23:56:34,435 [ERROR] LogOutputStream:74 - [STDERR_REDIRECT] [Fatal Error] :1:1: Premature end of file.
2026-08-07 23:56:34,436 [ERROR] LogOutputStream:74 - [STDERR_REDIRECT] 
2026-08-07 23:56:35,453 [ERROR] LogOutputStream:74 - [STDERR_REDIRECT] [Fatal Error] :1:1: Premature end of file.
2026-08-07 23:56:35,454 [ERROR] LogOutputStream:74 - [STDERR_REDIRECT] 
2026-08-07 23:56:36,411 [ERROR] LogOutputStream:74 - [STDERR_REDIRECT] [Fatal Error] :1:1: Premature end of file.
2026-08-07 23:56:36,411 [ERROR] LogOutputStream:74 - [STDERR_REDIRECT] 
2026-08-07 23:56:37,418 [ERROR] LogOutputStream:74 - [STDERR_REDIRECT] [Fatal Error] :1:1: Premature end of file.
2026-08-07 23:56:37,419 [ERROR] LogOutputStream:74 - [STDERR_REDIRECT] 
2026-08-07 23:56:38,384 [ERROR] LogOutputStream:74 - [STDERR_REDIRECT] [Fatal Error] :1:1: Premature end of file.
2026-08-07 23:56:38,385 [ERROR] LogOutputStream:74 - [STDERR_REDIRECT] 
2026-08-07 23:56:39,418 [ERROR] LogOutputStream:74 - [STDERR_REDIRECT] [Fatal Error] :1:1: Premature end of file.
2026-08-07 23:56:39,418 [ERROR] LogOutputStream:74 - [STDERR_REDIRECT] 
2026-08-07 23:56:40,401 [ERROR] LogOutputStream:74 - [STDERR_REDIRECT] [Fatal Error] :1:1: Premature end of file.
2026-08-07 23:56:40,401 [ERROR] LogOutputStream:74 - [STDERR_REDIRECT] 
2026-08-07 23:56:41,416 [ERROR] LogOutputStream:74 - [STDERR_REDIRECT] [Fatal Error] :1:1: Premature end of file.
2026-08-07 23:56:41,418 [ERROR] LogOutputStream:74 - [STDERR_REDIRECT] 
2026-08-07 23:56:42,632 [ERROR] LogOutputStream:74 - [STDERR_REDIRECT] [Fatal Error] :1:1: Premature end of file.
2026-08-07 23:56:42,632 [ERROR] LogOutputStream:74 - [STDERR_REDIRECT] 
2026-08-07 23:56:43,399 [ERROR] LogOutputStream:74 - [STDERR_REDIRECT] [Fatal Error] :1:1: Premature end of file.
2026-08-07 23:56:43,400 [ERROR] LogOutputStream:74 - [STDERR_REDIRECT] 
2026-08-07 23:56:44,424 [ERROR] LogOutputStream:74 - [STDERR_REDIRECT] [Fatal Error] :1:1: Premature end of file.
2026-08-07 23:56:44,425 [ERROR] LogOutputStream:74 - [STDERR_REDIRECT] 
2026-08-07 23:56:45,403 [ERROR] LogOutputStream:74 - [STDERR_REDIRECT] [Fatal Error] :1:1: Premature end of file.
2026-08-07 23:56:45,404 [ERROR] LogOutputStream:74 - [STDERR_REDIRECT] 
2026-08-07 23:56:46,422 [ERROR] LogOutputStream:74 - [STDERR_REDIRECT] [Fatal Error] :1:1: Premature end of file.
2026-08-07 23:56:46,423 [ERROR] LogOutputStream:74 - [STDERR_REDIRECT] 
2026-08-07 23:56:47,415 [ERROR] LogOutputStream:74 - [STDERR_REDIRECT] [Fatal Error] :1:1: Premature end of file.
2026-08-07 23:56:47,415 [ERROR] LogOutputStream:74 - [STDERR_REDIRECT] 
2026-08-07 23:56:48,395 [ERROR] LogOutputStream:74 - [STDERR_REDIRECT] [Fatal Error] :1:1: Premature end of file.
2026-08-07 23:56:48,395 [ERROR] LogOutputStream:74 - [STDERR_REDIRECT] 
2026-08-07 23:56:49,371 [ERROR] LogOutputStream:74 - [STDERR_REDIRECT] [Fatal Error] :1:1: Premature end of file.
2026-08-07 23:56:49,372 [ERROR] LogOutputStream:74 - [STDERR_REDIRECT] 
2026-08-07 23:56:50,383 [ERROR] LogOutputStream:74 - [STDERR_REDIRECT] [Fatal Error] :1:1: Premature end of file.
2026-08-07 23:56:50,384 [ERROR] LogOutputStream:74 - [STDERR_REDIRECT] 
2026-08-07 23:56:51,437 [ERROR] LogOutputStream:74 - [STDERR_REDIRECT] [Fatal Error] :1:1: Premature end of file.
2026-08-07 23:56:51,438 [ERROR] LogOutputStream:74 - [STDERR_REDIRECT] 
2026-08-07 23:56:52,375 [ERROR] LogOutputStream:74 - [STDERR_REDIRECT] [Fatal Error] :1:1: Premature end of file.
2026-08-07 23:56:52,376 [ERROR] LogOutputStream:74 - [STDERR_REDIRECT] 
2026-08-07 23:56:53,388 [ERROR] LogOutputStream:74 - [STDERR_REDIRECT] [Fatal Error] :1:1: Premature end of file.
2026-08-07 23:56:53,388 [ERROR] LogOutputStream:74 - [STDERR_REDIRECT] 
2026-08-07 23:56:54,382 [ERROR] LogOutputStream:74 - [STDERR_REDIRECT] [Fatal Error] :1:1: Premature end of file.
2026-08-07 23:56:54,382 [ERROR] LogOutputStream:74 - [STDERR_REDIRECT] 
2026-08-07 23:56:55,384 [ERROR] LogOutputStream:74 - [STDERR_REDIRECT] [Fatal Error] :1:1: Premature end of file.
2026-08-07 23:56:55,385 [ERROR] LogOutputStream:74 - [STDERR_REDIRECT] 
2026-08-07 23:56:56,395 [ERROR] LogOutputStream:74 - [STDERR_REDIRECT] [Fatal Error] :1:1: Premature end of file.
2026-08-07 23:56:56,396 [ERROR] LogOutputStream:74 - [STDERR_REDIRECT] 
2026-08-07 23:56:57,438 [ERROR] LogOutputStream:74 - [STDERR_REDIRECT] [Fatal Error] :1:1: Premature end of file.
2026-08-07 23:56:57,439 [ERROR] LogOutputStream:74 - [STDERR_REDIRECT] 
2026-08-07 23:56:58,400 [ERROR] LogOutputStream:74 - [STDERR_REDIRECT] [Fatal Error] :1:1: Premature end of file.
2026-08-07 23:56:58,401 [ERROR] LogOutputStream:74 - [STDERR_REDIRECT] 
2026-08-07 23:56:59,388 [ERROR] LogOutputStream:74 - [STDERR_REDIRECT] [Fatal Error] :1:1: Premature end of file.
2026-08-07 23:56:59,389 [ERROR] LogOutputStream:74 - [STDERR_REDIRECT] 
2026-08-07 23:57:00,396 [ERROR] LogOutputStream:74 - [STDERR_REDIRECT] [Fatal Error] :1:1: Premature end of file.
2026-08-07 23:57:00,396 [ERROR] LogOutputStream:74 - [STDERR_REDIRECT] 
2026-08-07 23:57:01,368 [ERROR] LogOutputStream:74 - [STDERR_REDIRECT] [Fatal Error] :1:1: Premature end of file.
2026-08-07 23:57:01,369 [ERROR] LogOutputStream:74 - [STDERR_REDIRECT] 
2026-08-07 23:57:02,479 [ERROR] LogOutputStream:74 - [STDERR_REDIRECT] [Fatal Error] :1:1: Premature end of file.
2026-08-07 23:57:02,480 [ERROR] LogOutputStream:74 - [STDERR_REDIRECT] 
2026-08-07 23:57:03,469 [ERROR] LogOutputStream:74 - [STDERR_REDIRECT] [Fatal Error] :1:1: Premature end of file.
2026-08-07 23:57:03,469 [ERROR] LogOutputStream:74 - [STDERR_REDIRECT] 
2026-08-07 23:57:04,393 [ERROR] LogOutputStream:74 - [STDERR_REDIRECT] [Fatal Error] :1:1: Premature end of file.
2026-08-07 23:57:04,394 [ERROR] LogOutputStream:74 - [STDERR_REDIRECT] 
2026-08-07 23:57:05,444 [ERROR] LogOutputStream:74 - [STDERR_REDIRECT] [Fatal Error] :1:1: Premature end of file.
2026-08-07 23:57:05,445 [ERROR] LogOutputStream:74 - [STDERR_REDIRECT] 
2026-08-07 23:57:06,420 [ERROR] LogOutputStream:74 - [STDERR_REDIRECT] [Fatal Error] :1:1: Premature end of file.
2026-08-07 23:57:06,420 [ERROR] LogOutputStream:74 - [STDERR_REDIRECT] 
2026-08-07 23:57:07,423 [ERROR] LogOutputStream:74 - [STDERR_REDIRECT] [Fatal Error] :1:1: Premature end of file.
2026-08-07 23:57:07,423 [ERROR] LogOutputStream:74 - [STDERR_REDIRECT] 
2026-08-07 23:57:08,394 [ERROR] LogOutputStream:74 - [STDERR_REDIRECT] [Fatal Error] :1:1: Premature end of file.
2026-08-07 23:57:08,394 [ERROR] LogOutputStream:74 - [STDERR_REDIRECT] 
2026-08-07 23:57:09,405 [ERROR] LogOutputStream:74 - [STDERR_REDIRECT] [Fatal Error] :1:1: Premature end of file.
2026-08-07 23:57:09,405 [ERROR] LogOutputStream:74 - [STDERR_REDIRECT] 
2026-08-07 23:57:10,398 [ERROR] LogOutputStream:74 - [STDERR_REDIRECT] [Fatal Error] :1:1: Premature end of file.
2026-08-07 23:57:10,399 [ERROR] LogOutputStream:74 - [STDERR_REDIRECT] 
2026-08-07 23:57:11,392 [ERROR] LogOutputStream:74 - [STDERR_REDIRECT] [Fatal Error] :1:1: Premature end of file.
2026-08-07 23:57:11,393 [ERROR] LogOutputStream:74 - [STDERR_REDIRECT] 
2026-08-07 23:57:12,391 [ERROR] LogOutputStream:74 - [STDERR_REDIRECT] [Fatal Error] :1:1: Premature end of file.
2026-08-07 23:57:12,391 [ERROR] LogOutputStream:74 - [STDERR_REDIRECT] 
2026-08-07 23:57:13,418 [ERROR] LogOutputStream:74 - [STDERR_REDIRECT] [Fatal Error] :1:1: Premature end of file.
2026-08-07 23:57:13,419 [ERROR] LogOutputStream:74 - [STDERR_REDIRECT] 
2026-08-07 23:57:14,414 [ERROR] LogOutputStream:74 - [STDERR_REDIRECT] [Fatal Error] :1:1: Premature end of file.
2026-08-07 23:57:14,415 [ERROR] LogOutputStream:74 - [STDERR_REDIRECT] 
2026-08-07 23:57:15,453 [ERROR] LogOutputStream:74 - [STDERR_REDIRECT] [Fatal Error] :1:1: Premature end of file.
2026-08-07 23:57:15,454 [ERROR] LogOutputStream:74 - [STDERR_REDIRECT] 
2026-08-07 23:57:16,424 [ERROR] LogOutputStream:74 - [STDERR_REDIRECT] [Fatal Error] :1:1: Premature end of file.
2026-08-07 23:57:16,425 [ERROR] LogOutputStream:74 - [STDERR_REDIRECT] 
2026-08-07 23:57:17,383 [ERROR] LogOutputStream:74 - [STDERR_REDIRECT] [Fatal Error] :1:1: Premature end of file.
2026-08-07 23:57:17,384 [ERROR] LogOutputStream:74 - [STDERR_REDIRECT] 
2026-08-07 23:57:18,412 [ERROR] LogOutputStream:74 - [STDERR_REDIRECT] [Fatal Error] :1:1: Premature end of file.
2026-08-07 23:57:18,413 [ERROR] LogOutputStream:74 - [STDERR_REDIRECT] 
2026-08-07 23:57:19,441 [ERROR] LogOutputStream:74 - [STDERR_REDIRECT] [Fatal Error] :1:1: Premature end of file.
2026-08-07 23:57:19,442 [ERROR] LogOutputStream:74 - [STDERR_REDIRECT] 
2026-08-07 23:57:20,373 [ERROR] LogOutputStream:74 - [STDERR_REDIRECT] [Fatal Error] :1:1: Premature end of file.
2026-08-07 23:57:20,374 [ERROR] LogOutputStream:74 - [STDERR_REDIRECT] 
2026-08-07 23:57:21,380 [ERROR] LogOutputStream:74 - [STDERR_REDIRECT] [Fatal Error] :1:1: Premature end of file.
2026-08-07 23:57:21,381 [ERROR] LogOutputStream:74 - [STDERR_REDIRECT] 
2026-08-07 23:57:22,391 [ERROR] LogOutputStream:74 - [STDERR_REDIRECT] [Fatal Error] :1:1: Premature end of file.
2026-08-07 23:57:22,392 [ERROR] LogOutputStream:74 - [STDERR_REDIRECT] 
2026-08-07 23:57:23,400 [ERROR] LogOutputStream:74 - [STDERR_REDIRECT] [Fatal Error] :1:1: Premature end of file.
2026-08-07 23:57:23,401 [ERROR] LogOutputStream:74 - [STDERR_REDIRECT] 
2026-08-07 23:57:24,419 [ERROR] LogOutputStream:74 - [STDERR_REDIRECT] [Fatal Error] :1:1: Premature end of file.
2026-08-07 23:57:24,419 [ERROR] LogOutputStream:74 - [STDERR_REDIRECT] 
2026-08-07 23:57:25,382 [ERROR] LogOutputStream:74 - [STDERR_REDIRECT] [Fatal Error] :1:1: Premature end of file.
2026-08-07 23:57:25,383 [ERROR] LogOutputStream:74 - [STDERR_REDIRECT] 
2026-08-07 23:57:26,403 [ERROR] LogOutputStream:74 - [STDERR_REDIRECT] [Fatal Error] :1:1: Premature end of file.
2026-08-07 23:57:26,403 [ERROR] LogOutputStream:74 - [STDERR_REDIRECT] 
2026-08-07 23:57:27,395 [ERROR] LogOutputStream:74 - [STDERR_REDIRECT] [Fatal Error] :1:1: Premature end of file.
2026-08-07 23:57:27,396 [ERROR] LogOutputStream:74 - [STDERR_REDIRECT] 
2026-08-07 23:57:28,434 [ERROR] LogOutputStream:74 - [STDERR_REDIRECT] [Fatal Error] :1:1: Premature end of file.
2026-08-07 23:57:28,434 [ERROR] LogOutputStream:74 - [STDERR_REDIRECT] 
2026-08-07 23:57:29,397 [ERROR] LogOutputStream:74 - [STDERR_REDIRECT] [Fatal Error] :1:1: Premature end of file.
2026-08-07 23:57:29,398 [ERROR] LogOutputStream:74 - [STDERR_REDIRECT] 
2026-08-07 23:57:30,431 [ERROR] LogOutputStream:74 - [STDERR_REDIRECT] [Fatal Error] :1:1: Premature end of file.
2026-08-07 23:57:30,432 [ERROR] LogOutputStream:74 - [STDERR_REDIRECT] 
2026-08-07 23:57:31,446 [ERROR] LogOutputStream:74 - [STDERR_REDIRECT] [Fatal Error] :1:1: Premature end of file.
2026-08-07 23:57:31,447 [ERROR] LogOutputStream:74 - [STDERR_REDIRECT] 
2026-08-07 23:57:32,396 [ERROR] LogOutputStream:74 - [STDERR_REDIRECT] [Fatal Error] :1:1: Premature end of file.
2026-08-07 23:57:32,396 [ERROR] LogOutputStream:74 - [STDERR_REDIRECT] 
2026-08-07 23:57:33,416 [ERROR] LogOutputStream:74 - [STDERR_REDIRECT] [Fatal Error] :1:1: Premature end of file.
2026-08-07 23:57:33,417 [ERROR] LogOutputStream:74 - [STDERR_REDIRECT] 
2026-08-07 23:57:34,379 [ERROR] LogOutputStream:74 - [STDERR_REDIRECT] [Fatal Error] :1:1: Premature end of file.
2026-08-07 23:57:34,380 [ERROR] LogOutputStream:74 - [STDERR_REDIRECT] 
2026-08-07 23:57:35,385 [ERROR] LogOutputStream:74 - [STDERR_REDIRECT] [Fatal Error] :1:1: Premature end of file.
2026-08-07 23:57:35,385 [ERROR] LogOutputStream:74 - [STDERR_REDIRECT] 
2026-08-07 23:57:36,465 [ERROR] LogOutputStream:74 - [STDERR_REDIRECT] [Fatal Error] :1:1: Premature end of file.
2026-08-07 23:57:36,466 [ERROR] LogOutputStream:74 - [STDERR_REDIRECT] 
2026-08-07 23:57:37,444 [ERROR] LogOutputStream:74 - [STDERR_REDIRECT] [Fatal Error] :1:1: Premature end of file.
2026-08-07 23:57:37,444 [ERROR] LogOutputStream:74 - [STDERR_REDIRECT] 
2026-08-07 23:57:38,390 [ERROR] LogOutputStream:74 - [STDERR_REDIRECT] [Fatal Error] :1:1: Premature end of file.
2026-08-07 23:57:38,390 [ERROR] LogOutputStream:74 - [STDERR_REDIRECT] 
2026-08-07 23:57:39,406 [ERROR] LogOutputStream:74 - [STDERR_REDIRECT] [Fatal Error] :1:1: Premature end of file.
2026-08-07 23:57:39,406 [ERROR] LogOutputStream:74 - [STDERR_REDIRECT] 
2026-08-07 23:57:40,379 [ERROR] LogOutputStream:74 - [STDERR_REDIRECT] [Fatal Error] :1:1: Premature end of file.
2026-08-07 23:57:40,379 [ERROR] LogOutputStream:74 - [STDERR_REDIRECT] 
2026-08-07 23:57:41,424 [ERROR] LogOutputStream:74 - [STDERR_REDIRECT] [Fatal Error] :1:1: Premature end of file.
2026-08-07 23:57:41,424 [ERROR] LogOutputStream:74 - [STDERR_REDIRECT] 
2026-08-07 23:57:42,405 [ERROR] LogOutputStream:74 - [STDERR_REDIRECT] [Fatal Error] :1:1: Premature end of file.
2026-08-07 23:57:42,406 [ERROR] LogOutputStream:74 - [STDERR_REDIRECT] 
2026-08-07 23:57:43,429 [ERROR] LogOutputStream:74 - [STDERR_REDIRECT] [Fatal Error] :1:1: Premature end of file.
2026-08-07 23:57:43,430 [ERROR] LogOutputStream:74 - [STDERR_REDIRECT] 
2026-08-07 23:57:44,467 [ERROR] LogOutputStream:74 - [STDERR_REDIRECT] [Fatal Error] :1:1: Premature end of file.
2026-08-07 23:57:44,468 [ERROR] LogOutputStream:74 - [STDERR_REDIRECT] 
2026-08-07 23:57:45,444 [ERROR] LogOutputStream:74 - [STDERR_REDIRECT] [Fatal Error] :1:1: Premature end of file.
2026-08-07 23:57:45,444 [ERROR] LogOutputStream:74 - [STDERR_REDIRECT] 
2026-08-07 23:57:46,450 [ERROR] LogOutputStream:74 - [STDERR_REDIRECT] [Fatal Error] :1:1: Premature end of file.
2026-08-07 23:57:46,451 [ERROR] LogOutputStream:74 - [STDERR_REDIRECT] 
2026-08-07 23:57:47,391 [ERROR] LogOutputStream:74 - [STDERR_REDIRECT] [Fatal Error] :1:1: Premature end of file.
2026-08-07 23:57:47,391 [ERROR] LogOutputStream:74 - [STDERR_REDIRECT] 
2026-08-07 23:57:48,421 [ERROR] LogOutputStream:74 - [STDERR_REDIRECT] [Fatal Error] :1:1: Premature end of file.
2026-08-07 23:57:48,422 [ERROR] LogOutputStream:74 - [STDERR_REDIRECT] 
2026-08-07 23:57:49,368 [ERROR] LogOutputStream:74 - [STDERR_REDIRECT] [Fatal Error] :1:1: Premature end of file.
2026-08-07 23:57:49,369 [ERROR] LogOutputStream:74 - [STDERR_REDIRECT] 
2026-08-07 23:57:50,375 [ERROR] LogOutputStream:74 - [STDERR_REDIRECT] [Fatal Error] :1:1: Premature end of file.
2026-08-07 23:57:50,375 [ERROR] LogOutputStream:74 - [STDERR_REDIRECT] 
2026-08-07 23:57:51,397 [ERROR] LogOutputStream:74 - [STDERR_REDIRECT] [Fatal Error] :1:1: Premature end of file.
2026-08-07 23:57:51,397 [ERROR] LogOutputStream:74 - [STDERR_REDIRECT] 
2026-08-07 23:57:52,372 [ERROR] LogOutputStream:74 - [STDERR_REDIRECT] [Fatal Error] :1:1: Premature end of file.
2026-08-07 23:57:52,372 [ERROR] LogOutputStream:74 - [STDERR_REDIRECT] 
2026-08-07 23:57:53,362 [ERROR] LogOutputStream:74 - [STDERR_REDIRECT] [Fatal Error] :1:1: Premature end of file.
2026-08-07 23:57:53,362 [ERROR] LogOutputStream:74 - [STDERR_REDIRECT] 
2026-08-07 23:57:54,363 [ERROR] LogOutputStream:74 - [STDERR_REDIRECT] [Fatal Error] :1:1: Premature end of file.
2026-08-07 23:57:54,363 [ERROR] LogOutputStream:74 - [STDERR_REDIRECT] 
2026-08-07 23:57:55,366 [ERROR] LogOutputStream:74 - [STDERR_REDIRECT] [Fatal Error] :1:1: Premature end of file.
2026-08-07 23:57:55,366 [ERROR] LogOutputStream:74 - [STDERR_REDIRECT] 
2026-08-07 23:57:56,364 [ERROR] LogOutputStream:74 - [STDERR_REDIRECT] [Fatal Error] :1:1: Premature end of file.
2026-08-07 23:57:56,364 [ERROR] LogOutputStream:74 - [STDERR_REDIRECT] 
2026-08-07 23:57:57,366 [ERROR] LogOutputStream:74 - [STDERR_REDIRECT] [Fatal Error] :1:1: Premature end of file.
2026-08-07 23:57:57,366 [ERROR] LogOutputStream:74 - [STDERR_REDIRECT] 
2026-08-07 23:57:58,361 [ERROR] LogOutputStream:74 - [STDERR_REDIRECT] [Fatal Error] :1:1: Premature end of file.
2026-08-07 23:57:58,361 [ERROR] LogOutputStream:74 - [STDERR_REDIRECT] 
2026-08-07 23:57:59,366 [ERROR] LogOutputStream:74 - [STDERR_REDIRECT] [Fatal Error] :1:1: Premature end of file.
2026-08-07 23:57:59,367 [ERROR] LogOutputStream:74 - [STDERR_REDIRECT] 
2026-08-07 23:58:00,389 [ERROR] LogOutputStream:74 - [STDERR_REDIRECT] [Fatal Error] :1:1: Premature end of file.
2026-08-07 23:58:00,390 [ERROR] LogOutputStream:74 - [STDERR_REDIRECT] 
2026-08-07 23:58:01,358 [ERROR] LogOutputStream:74 - [STDERR_REDIRECT] [Fatal Error] :1:1: Premature end of file.
2026-08-07 23:58:01,359 [ERROR] LogOutputStream:74 - [STDERR_REDIRECT] 
2026-08-07 23:58:02,159 [INFO] ServerAccessManage:362 - Download File stm32cube_fw_h7_v191.zip
2026-08-07 23:58:02,388 [ERROR] LogOutputStream:74 - [STDERR_REDIRECT] [Fatal Error] :1:1: Premature end of file.
2026-08-07 23:58:02,388 [ERROR] LogOutputStream:74 - [STDERR_REDIRECT] 
2026-08-07 23:58:03,361 [ERROR] LogOutputStream:74 - [STDERR_REDIRECT] [Fatal Error] :1:1: Premature end of file.
2026-08-07 23:58:03,362 [ERROR] LogOutputStream:74 - [STDERR_REDIRECT] 
2026-08-07 23:58:04,373 [ERROR] LogOutputStream:74 - [STDERR_REDIRECT] [Fatal Error] :1:1: Premature end of file.
2026-08-07 23:58:04,373 [ERROR] LogOutputStream:74 - [STDERR_REDIRECT] 
2026-08-07 23:58:05,353 [ERROR] LogOutputStream:74 - [STDERR_REDIRECT] [Fatal Error] :1:1: Premature end of file.
2026-08-07 23:58:05,354 [ERROR] LogOutputStream:74 - [STDERR_REDIRECT] 
2026-08-07 23:58:06,354 [ERROR] LogOutputStream:74 - [STDERR_REDIRECT] [Fatal Error] :1:1: Premature end of file.
2026-08-07 23:58:06,354 [ERROR] LogOutputStream:74 - [STDERR_REDIRECT] 
2026-08-07 23:58:07,384 [ERROR] LogOutputStream:74 - [STDERR_REDIRECT] [Fatal Error] :1:1: Premature end of file.
2026-08-07 23:58:07,385 [ERROR] LogOutputStream:74 - [STDERR_REDIRECT] 
2026-08-07 23:58:08,400 [ERROR] LogOutputStream:74 - [STDERR_REDIRECT] [Fatal Error] :1:1: Premature end of file.
2026-08-07 23:58:08,401 [ERROR] LogOutputStream:74 - [STDERR_REDIRECT] 
2026-08-07 23:58:09,360 [ERROR] LogOutputStream:74 - [STDERR_REDIRECT] [Fatal Error] :1:1: Premature end of file.
2026-08-07 23:58:09,361 [ERROR] LogOutputStream:74 - [STDERR_REDIRECT] 
2026-08-07 23:58:10,411 [ERROR] LogOutputStream:74 - [STDERR_REDIRECT] [Fatal Error] :1:1: Premature end of file.
2026-08-07 23:58:10,411 [ERROR] LogOutputStream:74 - [STDERR_REDIRECT] 
2026-08-07 23:58:11,403 [ERROR] LogOutputStream:74 - [STDERR_REDIRECT] [Fatal Error] :1:1: Premature end of file.
2026-08-07 23:58:11,404 [ERROR] LogOutputStream:74 - [STDERR_REDIRECT] 
2026-08-07 23:58:12,423 [ERROR] LogOutputStream:74 - [STDERR_REDIRECT] [Fatal Error] :1:1: Premature end of file.
2026-08-07 23:58:12,424 [ERROR] LogOutputStream:74 - [STDERR_REDIRECT] 
2026-08-07 23:58:13,346 [ERROR] LogOutputStream:74 - [STDERR_REDIRECT] [Fatal Error] :1:1: Premature end of file.
2026-08-07 23:58:13,346 [ERROR] LogOutputStream:74 - [STDERR_REDIRECT] 
2026-08-07 23:58:14,343 [ERROR] LogOutputStream:74 - [STDERR_REDIRECT] [Fatal Error] :1:1: Premature end of file.
2026-08-07 23:58:14,344 [ERROR] LogOutputStream:74 - [STDERR_REDIRECT] 
2026-08-07 23:58:15,338 [ERROR] LogOutputStream:74 - [STDERR_REDIRECT] [Fatal Error] :1:1: Premature end of file.
2026-08-07 23:58:15,339 [ERROR] LogOutputStream:74 - [STDERR_REDIRECT] 
2026-08-07 23:58:16,376 [ERROR] LogOutputStream:74 - [STDERR_REDIRECT] [Fatal Error] :1:1: Premature end of file.
2026-08-07 23:58:16,376 [ERROR] LogOutputStream:74 - [STDERR_REDIRECT] 
2026-08-07 23:58:17,337 [ERROR] LogOutputStream:74 - [STDERR_REDIRECT] [Fatal Error] :1:1: Premature end of file.
2026-08-07 23:58:17,337 [ERROR] LogOutputStream:74 - [STDERR_REDIRECT] 
2026-08-07 23:58:18,338 [ERROR] LogOutputStream:74 - [STDERR_REDIRECT] [Fatal Error] :1:1: Premature end of file.
2026-08-07 23:58:18,338 [ERROR] LogOutputStream:74 - [STDERR_REDIRECT] 
2026-08-07 23:58:19,341 [ERROR] LogOutputStream:74 - [STDERR_REDIRECT] [Fatal Error] :1:1: Premature end of file.
2026-08-07 23:58:19,341 [ERROR] LogOutputStream:74 - [STDERR_REDIRECT] 
2026-08-07 23:58:20,326 [ERROR] LogOutputStream:74 - [STDERR_REDIRECT] [Fatal Error] :1:1: Premature end of file.
2026-08-07 23:58:20,327 [ERROR] LogOutputStream:74 - [STDERR_REDIRECT] 
2026-08-07 23:58:21,339 [ERROR] LogOutputStream:74 - [STDERR_REDIRECT] [Fatal Error] :1:1: Premature end of file.
2026-08-07 23:58:21,339 [ERROR] LogOutputStream:74 - [STDERR_REDIRECT] 
2026-08-07 23:58:22,329 [ERROR] LogOutputStream:74 - [STDERR_REDIRECT] [Fatal Error] :1:1: Premature end of file.
2026-08-07 23:58:22,329 [ERROR] LogOutputStream:74 - [STDERR_REDIRECT] 
2026-08-07 23:58:23,346 [ERROR] LogOutputStream:74 - [STDERR_REDIRECT] [Fatal Error] :1:1: Premature end of file.
2026-08-07 23:58:23,346 [ERROR] LogOutputStream:74 - [STDERR_REDIRECT] 
2026-08-07 23:58:24,337 [ERROR] LogOutputStream:74 - [STDERR_REDIRECT] [Fatal Error] :1:1: Premature end of file.
2026-08-07 23:58:24,337 [ERROR] LogOutputStream:74 - [STDERR_REDIRECT] 
2026-08-07 23:58:25,339 [ERROR] LogOutputStream:74 - [STDERR_REDIRECT] [Fatal Error] :1:1: Premature end of file.
2026-08-07 23:58:25,339 [ERROR] LogOutputStream:74 - [STDERR_REDIRECT] 
2026-08-07 23:58:26,347 [ERROR] LogOutputStream:74 - [STDERR_REDIRECT] [Fatal Error] :1:1: Premature end of file.
2026-08-07 23:58:26,348 [ERROR] LogOutputStream:74 - [STDERR_REDIRECT] 
2026-08-07 23:58:27,344 [ERROR] LogOutputStream:74 - [STDERR_REDIRECT] [Fatal Error] :1:1: Premature end of file.
2026-08-07 23:58:27,345 [ERROR] LogOutputStream:74 - [STDERR_REDIRECT] 
2026-08-07 23:58:28,337 [ERROR] LogOutputStream:74 - [STDERR_REDIRECT] [Fatal Error] :1:1: Premature end of file.
2026-08-07 23:58:28,337 [ERROR] LogOutputStream:74 - [STDERR_REDIRECT] 
2026-08-07 23:58:29,378 [ERROR] LogOutputStream:74 - [STDERR_REDIRECT] [Fatal Error] :1:1: Premature end of file.
2026-08-07 23:58:29,378 [ERROR] LogOutputStream:74 - [STDERR_REDIRECT] 
2026-08-07 23:58:30,355 [ERROR] LogOutputStream:74 - [STDERR_REDIRECT] [Fatal Error] :1:1: Premature end of file.
2026-08-07 23:58:30,355 [ERROR] LogOutputStream:74 - [STDERR_REDIRECT] 
2026-08-07 23:58:31,359 [ERROR] LogOutputStream:74 - [STDERR_REDIRECT] [Fatal Error] :1:1: Premature end of file.
2026-08-07 23:58:31,359 [ERROR] LogOutputStream:74 - [STDERR_REDIRECT] 
2026-08-07 23:58:32,352 [ERROR] LogOutputStream:74 - [STDERR_REDIRECT] [Fatal Error] :1:1: Premature end of file.
2026-08-07 23:58:32,352 [ERROR] LogOutputStream:74 - [STDERR_REDIRECT] 
2026-08-07 23:58:33,360 [ERROR] LogOutputStream:74 - [STDERR_REDIRECT] [Fatal Error] :1:1: Premature end of file.
2026-08-07 23:58:33,361 [ERROR] LogOutputStream:74 - [STDERR_REDIRECT] 
2026-08-07 23:58:34,365 [ERROR] LogOutputStream:74 - [STDERR_REDIRECT] [Fatal Error] :1:1: Premature end of file.
2026-08-07 23:58:34,365 [ERROR] LogOutputStream:74 - [STDERR_REDIRECT] 
2026-08-07 23:58:35,336 [ERROR] LogOutputStream:74 - [STDERR_REDIRECT] [Fatal Error] :1:1: Premature end of file.
2026-08-07 23:58:35,337 [ERROR] LogOutputStream:74 - [STDERR_REDIRECT] 
2026-08-07 23:58:36,339 [ERROR] LogOutputStream:74 - [STDERR_REDIRECT] [Fatal Error] :1:1: Premature end of file.
2026-08-07 23:58:36,339 [ERROR] LogOutputStream:74 - [STDERR_REDIRECT] 
2026-08-07 23:58:37,378 [ERROR] LogOutputStream:74 - [STDERR_REDIRECT] [Fatal Error] :1:1: Premature end of file.
2026-08-07 23:58:37,378 [ERROR] LogOutputStream:74 - [STDERR_REDIRECT] 
2026-08-07 23:58:38,333 [ERROR] LogOutputStream:74 - [STDERR_REDIRECT] [Fatal Error] :1:1: Premature end of file.
2026-08-07 23:58:38,334 [ERROR] LogOutputStream:74 - [STDERR_REDIRECT] 
2026-08-07 23:58:39,370 [ERROR] LogOutputStream:74 - [STDERR_REDIRECT] [Fatal Error] :1:1: Premature end of file.
2026-08-07 23:58:39,370 [ERROR] LogOutputStream:74 - [STDERR_REDIRECT] 
2026-08-07 23:58:40,372 [ERROR] LogOutputStream:74 - [STDERR_REDIRECT] [Fatal Error] :1:1: Premature end of file.
2026-08-07 23:58:40,373 [ERROR] LogOutputStream:74 - [STDERR_REDIRECT] 
2026-08-07 23:58:41,352 [ERROR] LogOutputStream:74 - [STDERR_REDIRECT] [Fatal Error] :1:1: Premature end of file.
2026-08-07 23:58:41,352 [ERROR] LogOutputStream:74 - [STDERR_REDIRECT] 
2026-08-07 23:58:42,358 [ERROR] LogOutputStream:74 - [STDERR_REDIRECT] [Fatal Error] :1:1: Premature end of file.
2026-08-07 23:58:42,358 [ERROR] LogOutputStream:74 - [STDERR_REDIRECT] 
2026-08-07 23:58:43,353 [ERROR] LogOutputStream:74 - [STDERR_REDIRECT] [Fatal Error] :1:1: Premature end of file.
2026-08-07 23:58:43,354 [ERROR] LogOutputStream:74 - [STDERR_REDIRECT] 
2026-08-07 23:58:44,342 [ERROR] LogOutputStream:74 - [STDERR_REDIRECT] [Fatal Error] :1:1: Premature end of file.
2026-08-07 23:58:44,343 [ERROR] LogOutputStream:74 - [STDERR_REDIRECT] 
2026-08-07 23:58:45,352 [ERROR] LogOutputStream:74 - [STDERR_REDIRECT] [Fatal Error] :1:1: Premature end of file.
2026-08-07 23:58:45,353 [ERROR] LogOutputStream:74 - [STDERR_REDIRECT] 
2026-08-07 23:58:46,344 [ERROR] LogOutputStream:74 - [STDERR_REDIRECT] [Fatal Error] :1:1: Premature end of file.
2026-08-07 23:58:46,345 [ERROR] LogOutputStream:74 - [STDERR_REDIRECT] 
2026-08-07 23:58:47,352 [ERROR] LogOutputStream:74 - [STDERR_REDIRECT] [Fatal Error] :1:1: Premature end of file.
2026-08-07 23:58:47,352 [ERROR] LogOutputStream:74 - [STDERR_REDIRECT] 
2026-08-07 23:58:48,371 [ERROR] LogOutputStream:74 - [STDERR_REDIRECT] [Fatal Error] :1:1: Premature end of file.
2026-08-07 23:58:48,371 [ERROR] LogOutputStream:74 - [STDERR_REDIRECT] 
2026-08-07 23:58:49,376 [ERROR] LogOutputStream:74 - [STDERR_REDIRECT] [Fatal Error] :1:1: Premature end of file.
2026-08-07 23:58:49,377 [ERROR] LogOutputStream:74 - [STDERR_REDIRECT] 
2026-08-07 23:58:50,341 [ERROR] LogOutputStream:74 - [STDERR_REDIRECT] [Fatal Error] :1:1: Premature end of file.
2026-08-07 23:58:50,341 [ERROR] LogOutputStream:74 - [STDERR_REDIRECT] 
2026-08-07 23:58:51,330 [ERROR] LogOutputStream:74 - [STDERR_REDIRECT] [Fatal Error] :1:1: Premature end of file.
2026-08-07 23:58:51,330 [ERROR] LogOutputStream:74 - [STDERR_REDIRECT] 
2026-08-07 23:58:52,329 [ERROR] LogOutputStream:74 - [STDERR_REDIRECT] [Fatal Error] :1:1: Premature end of file.
2026-08-07 23:58:52,329 [ERROR] LogOutputStream:74 - [STDERR_REDIRECT] 
2026-08-07 23:58:53,332 [ERROR] LogOutputStream:74 - [STDERR_REDIRECT] [Fatal Error] :1:1: Premature end of file.
2026-08-07 23:58:53,332 [ERROR] LogOutputStream:74 - [STDERR_REDIRECT] 
2026-08-07 23:58:54,346 [ERROR] LogOutputStream:74 - [STDERR_REDIRECT] [Fatal Error] :1:1: Premature end of file.
2026-08-07 23:58:54,346 [ERROR] LogOutputStream:74 - [STDERR_REDIRECT] 
2026-08-07 23:58:55,340 [ERROR] LogOutputStream:74 - [STDERR_REDIRECT] [Fatal Error] :1:1: Premature end of file.
2026-08-07 23:58:55,340 [ERROR] LogOutputStream:74 - [STDERR_REDIRECT] 
2026-08-07 23:58:56,344 [ERROR] LogOutputStream:74 - [STDERR_REDIRECT] [Fatal Error] :1:1: Premature end of file.
2026-08-07 23:58:56,345 [ERROR] LogOutputStream:74 - [STDERR_REDIRECT] 
2026-08-07 23:58:57,330 [ERROR] LogOutputStream:74 - [STDERR_REDIRECT] [Fatal Error] :1:1: Premature end of file.
2026-08-07 23:58:57,330 [ERROR] LogOutputStream:74 - [STDERR_REDIRECT] 
2026-08-07 23:58:58,368 [ERROR] LogOutputStream:74 - [STDERR_REDIRECT] [Fatal Error] :1:1: Premature end of file.
2026-08-07 23:58:58,369 [ERROR] LogOutputStream:74 - [STDERR_REDIRECT] 
2026-08-07 23:58:59,379 [ERROR] LogOutputStream:74 - [STDERR_REDIRECT] [Fatal Error] :1:1: Premature end of file.
2026-08-07 23:58:59,380 [ERROR] LogOutputStream:74 - [STDERR_REDIRECT] 
2026-08-07 23:59:00,377 [ERROR] LogOutputStream:74 - [STDERR_REDIRECT] [Fatal Error] :1:1: Premature end of file.
2026-08-07 23:59:00,377 [ERROR] LogOutputStream:74 - [STDERR_REDIRECT] 
2026-08-07 23:59:01,380 [ERROR] LogOutputStream:74 - [STDERR_REDIRECT] [Fatal Error] :1:1: Premature end of file.
2026-08-07 23:59:01,381 [ERROR] LogOutputStream:74 - [STDERR_REDIRECT] 
2026-08-07 23:59:02,335 [ERROR] LogOutputStream:74 - [STDERR_REDIRECT] [Fatal Error] :1:1: Premature end of file.
2026-08-07 23:59:02,335 [ERROR] LogOutputStream:74 - [STDERR_REDIRECT] 
2026-08-07 23:59:03,345 [ERROR] LogOutputStream:74 - [STDERR_REDIRECT] [Fatal Error] :1:1: Premature end of file.
2026-08-07 23:59:03,345 [ERROR] LogOutputStream:74 - [STDERR_REDIRECT] 
2026-08-07 23:59:04,365 [ERROR] LogOutputStream:74 - [STDERR_REDIRECT] [Fatal Error] :1:1: Premature end of file.
2026-08-07 23:59:04,365 [ERROR] LogOutputStream:74 - [STDERR_REDIRECT] 
2026-08-07 23:59:05,343 [ERROR] LogOutputStream:74 - [STDERR_REDIRECT] [Fatal Error] :1:1: Premature end of file.
2026-08-07 23:59:05,343 [ERROR] LogOutputStream:74 - [STDERR_REDIRECT] 
2026-08-07 23:59:06,367 [ERROR] LogOutputStream:74 - [STDERR_REDIRECT] [Fatal Error] :1:1: Premature end of file.
2026-08-07 23:59:06,367 [ERROR] LogOutputStream:74 - [STDERR_REDIRECT] 
2026-08-07 23:59:07,344 [ERROR] LogOutputStream:74 - [STDERR_REDIRECT] [Fatal Error] :1:1: Premature end of file.
2026-08-07 23:59:07,344 [ERROR] LogOutputStream:74 - [STDERR_REDIRECT] 
2026-08-07 23:59:08,345 [ERROR] LogOutputStream:74 - [STDERR_REDIRECT] [Fatal Error] :1:1: Premature end of file.
2026-08-07 23:59:08,346 [ERROR] LogOutputStream:74 - [STDERR_REDIRECT] 
2026-08-07 23:59:09,336 [ERROR] LogOutputStream:74 - [STDERR_REDIRECT] [Fatal Error] :1:1: Premature end of file.
2026-08-07 23:59:09,336 [ERROR] LogOutputStream:74 - [STDERR_REDIRECT] 
2026-08-07 23:59:10,334 [ERROR] LogOutputStream:74 - [STDERR_REDIRECT] [Fatal Error] :1:1: Premature end of file.
2026-08-07 23:59:10,334 [ERROR] LogOutputStream:74 - [STDERR_REDIRECT] 
2026-08-07 23:59:11,347 [ERROR] LogOutputStream:74 - [STDERR_REDIRECT] [Fatal Error] :1:1: Premature end of file.
2026-08-07 23:59:11,347 [ERROR] LogOutputStream:74 - [STDERR_REDIRECT] 
2026-08-07 23:59:12,355 [ERROR] LogOutputStream:74 - [STDERR_REDIRECT] [Fatal Error] :1:1: Premature end of file.
2026-08-07 23:59:12,357 [ERROR] LogOutputStream:74 - [STDERR_REDIRECT] 
2026-08-07 23:59:13,333 [ERROR] LogOutputStream:74 - [STDERR_REDIRECT] [Fatal Error] :1:1: Premature end of file.
2026-08-07 23:59:13,333 [ERROR] LogOutputStream:74 - [STDERR_REDIRECT] 
2026-08-07 23:59:14,345 [ERROR] LogOutputStream:74 - [STDERR_REDIRECT] [Fatal Error] :1:1: Premature end of file.
2026-08-07 23:59:14,345 [ERROR] LogOutputStream:74 - [STDERR_REDIRECT] 
2026-08-07 23:59:15,356 [ERROR] LogOutputStream:74 - [STDERR_REDIRECT] [Fatal Error] :1:1: Premature end of file.
2026-08-07 23:59:15,356 [ERROR] LogOutputStream:74 - [STDERR_REDIRECT] 
2026-08-07 23:59:16,343 [ERROR] LogOutputStream:74 - [STDERR_REDIRECT] [Fatal Error] :1:1: Premature end of file.
2026-08-07 23:59:16,343 [ERROR] LogOutputStream:74 - [STDERR_REDIRECT] 
2026-08-07 23:59:17,413 [ERROR] LogOutputStream:74 - [STDERR_REDIRECT] [Fatal Error] :1:1: Premature end of file.
2026-08-07 23:59:17,414 [ERROR] LogOutputStream:74 - [STDERR_REDIRECT] 
2026-08-07 23:59:18,347 [ERROR] LogOutputStream:74 - [STDERR_REDIRECT] [Fatal Error] :1:1: Premature end of file.
2026-08-07 23:59:18,347 [ERROR] LogOutputStream:74 - [STDERR_REDIRECT] 
2026-08-07 23:59:19,398 [ERROR] LogOutputStream:74 - [STDERR_REDIRECT] [Fatal Error] :1:1: Premature end of file.
2026-08-07 23:59:19,398 [ERROR] LogOutputStream:74 - [STDERR_REDIRECT] 
2026-08-07 23:59:20,375 [ERROR] LogOutputStream:74 - [STDERR_REDIRECT] [Fatal Error] :1:1: Premature end of file.
2026-08-07 23:59:20,375 [ERROR] LogOutputStream:74 - [STDERR_REDIRECT] 
2026-08-07 23:59:21,338 [ERROR] LogOutputStream:74 - [STDERR_REDIRECT] [Fatal Error] :1:1: Premature end of file.
2026-08-07 23:59:21,339 [ERROR] LogOutputStream:74 - [STDERR_REDIRECT] 
2026-08-07 23:59:22,345 [ERROR] LogOutputStream:74 - [STDERR_REDIRECT] [Fatal Error] :1:1: Premature end of file.
2026-08-07 23:59:22,346 [ERROR] LogOutputStream:74 - [STDERR_REDIRECT] 
2026-08-07 23:59:23,347 [ERROR] LogOutputStream:74 - [STDERR_REDIRECT] [Fatal Error] :1:1: Premature end of file.
2026-08-07 23:59:23,348 [ERROR] LogOutputStream:74 - [STDERR_REDIRECT] 
2026-08-07 23:59:24,373 [ERROR] LogOutputStream:74 - [STDERR_REDIRECT] [Fatal Error] :1:1: Premature end of file.
2026-08-07 23:59:24,373 [ERROR] LogOutputStream:74 - [STDERR_REDIRECT] 
2026-08-07 23:59:25,347 [ERROR] LogOutputStream:74 - [STDERR_REDIRECT] [Fatal Error] :1:1: Premature end of file.
2026-08-07 23:59:25,347 [ERROR] LogOutputStream:74 - [STDERR_REDIRECT] 
2026-08-07 23:59:26,341 [ERROR] LogOutputStream:74 - [STDERR_REDIRECT] [Fatal Error] :1:1: Premature end of file.
2026-08-07 23:59:26,342 [ERROR] LogOutputStream:74 - [STDERR_REDIRECT] 
2026-08-07 23:59:27,355 [ERROR] LogOutputStream:74 - [STDERR_REDIRECT] [Fatal Error] :1:1: Premature end of file.
2026-08-07 23:59:27,355 [ERROR] LogOutputStream:74 - [STDERR_REDIRECT] 
2026-08-07 23:59:28,356 [ERROR] LogOutputStream:74 - [STDERR_REDIRECT] [Fatal Error] :1:1: Premature end of file.
2026-08-07 23:59:28,356 [ERROR] LogOutputStream:74 - [STDERR_REDIRECT] 
2026-08-07 23:59:29,347 [ERROR] LogOutputStream:74 - [STDERR_REDIRECT] [Fatal Error] :1:1: Premature end of file.
2026-08-07 23:59:29,347 [ERROR] LogOutputStream:74 - [STDERR_REDIRECT] 
2026-08-07 23:59:30,337 [ERROR] LogOutputStream:74 - [STDERR_REDIRECT] [Fatal Error] :1:1: Premature end of file.
2026-08-07 23:59:30,338 [ERROR] LogOutputStream:74 - [STDERR_REDIRECT] 
2026-08-07 23:59:31,418 [ERROR] LogOutputStream:74 - [STDERR_REDIRECT] [Fatal Error] :1:1: Premature end of file.
2026-08-07 23:59:31,419 [ERROR] LogOutputStream:74 - [STDERR_REDIRECT] 
2026-08-07 23:59:32,341 [ERROR] LogOutputStream:74 - [STDERR_REDIRECT] [Fatal Error] :1:1: Premature end of file.
2026-08-07 23:59:32,342 [ERROR] LogOutputStream:74 - [STDERR_REDIRECT] 
2026-08-07 23:59:33,343 [ERROR] LogOutputStream:74 - [STDERR_REDIRECT] [Fatal Error] :1:1: Premature end of file.
2026-08-07 23:59:33,344 [ERROR] LogOutputStream:74 - [STDERR_REDIRECT] 
2026-08-07 23:59:34,360 [ERROR] LogOutputStream:74 - [STDERR_REDIRECT] [Fatal Error] :1:1: Premature end of file.
2026-08-07 23:59:34,361 [ERROR] LogOutputStream:74 - [STDERR_REDIRECT] 
2026-08-07 23:59:35,333 [ERROR] LogOutputStream:74 - [STDERR_REDIRECT] [Fatal Error] :1:1: Premature end of file.
2026-08-07 23:59:35,333 [ERROR] LogOutputStream:74 - [STDERR_REDIRECT] 
2026-08-07 23:59:36,343 [ERROR] LogOutputStream:74 - [STDERR_REDIRECT] [Fatal Error] :1:1: Premature end of file.
2026-08-07 23:59:36,343 [ERROR] LogOutputStream:74 - [STDERR_REDIRECT] 
2026-08-07 23:59:37,340 [ERROR] LogOutputStream:74 - [STDERR_REDIRECT] [Fatal Error] :1:1: Premature end of file.
2026-08-07 23:59:37,341 [ERROR] LogOutputStream:74 - [STDERR_REDIRECT] 
2026-08-07 23:59:38,338 [ERROR] LogOutputStream:74 - [STDERR_REDIRECT] [Fatal Error] :1:1: Premature end of file.
2026-08-07 23:59:38,338 [ERROR] LogOutputStream:74 - [STDERR_REDIRECT] 
2026-08-07 23:59:39,342 [ERROR] LogOutputStream:74 - [STDERR_REDIRECT] [Fatal Error] :1:1: Premature end of file.
2026-08-07 23:59:39,343 [ERROR] LogOutputStream:74 - [STDERR_REDIRECT] 
2026-08-07 23:59:40,397 [ERROR] LogOutputStream:74 - [STDERR_REDIRECT] [Fatal Error] :1:1: Premature end of file.
2026-08-07 23:59:40,398 [ERROR] LogOutputStream:74 - [STDERR_REDIRECT] 
2026-08-07 23:59:41,340 [ERROR] LogOutputStream:74 - [STDERR_REDIRECT] [Fatal Error] :1:1: Premature end of file.
2026-08-07 23:59:41,341 [ERROR] LogOutputStream:74 - [STDERR_REDIRECT] 
2026-08-07 23:59:42,337 [ERROR] LogOutputStream:74 - [STDERR_REDIRECT] [Fatal Error] :1:1: Premature end of file.
2026-08-07 23:59:42,338 [ERROR] LogOutputStream:74 - [STDERR_REDIRECT] 
2026-08-07 23:59:43,376 [ERROR] LogOutputStream:74 - [STDERR_REDIRECT] [Fatal Error] :1:1: Premature end of file.
2026-08-07 23:59:43,378 [ERROR] LogOutputStream:74 - [STDERR_REDIRECT] 
2026-08-07 23:59:44,350 [ERROR] LogOutputStream:74 - [STDERR_REDIRECT] [Fatal Error] :1:1: Premature end of file.
2026-08-07 23:59:44,351 [ERROR] LogOutputStream:74 - [STDERR_REDIRECT] 
2026-08-07 23:59:45,341 [ERROR] LogOutputStream:74 - [STDERR_REDIRECT] [Fatal Error] :1:1: Premature end of file.
2026-08-07 23:59:45,341 [ERROR] LogOutputStream:74 - [STDERR_REDIRECT] 
2026-08-07 23:59:46,346 [ERROR] LogOutputStream:74 - [STDERR_REDIRECT] [Fatal Error] :1:1: Premature end of file.
2026-08-07 23:59:46,346 [ERROR] LogOutputStream:74 - [STDERR_REDIRECT] 
2026-08-07 23:59:47,331 [ERROR] LogOutputStream:74 - [STDERR_REDIRECT] [Fatal Error] :1:1: Premature end of file.
2026-08-07 23:59:47,331 [ERROR] LogOutputStream:74 - [STDERR_REDIRECT] 
2026-08-07 23:59:48,336 [ERROR] LogOutputStream:74 - [STDERR_REDIRECT] [Fatal Error] :1:1: Premature end of file.
2026-08-07 23:59:48,336 [ERROR] LogOutputStream:74 - [STDERR_REDIRECT] 
2026-08-07 23:59:49,337 [ERROR] LogOutputStream:74 - [STDERR_REDIRECT] [Fatal Error] :1:1: Premature end of file.
2026-08-07 23:59:49,337 [ERROR] LogOutputStream:74 - [STDERR_REDIRECT] 
2026-08-07 23:59:50,346 [ERROR] LogOutputStream:74 - [STDERR_REDIRECT] [Fatal Error] :1:1: Premature end of file.
2026-08-07 23:59:50,346 [ERROR] LogOutputStream:74 - [STDERR_REDIRECT] 
2026-08-07 23:59:51,340 [ERROR] LogOutputStream:74 - [STDERR_REDIRECT] [Fatal Error] :1:1: Premature end of file.
2026-08-07 23:59:51,340 [ERROR] LogOutputStream:74 - [STDERR_REDIRECT] 
2026-08-07 23:59:52,376 [ERROR] LogOutputStream:74 - [STDERR_REDIRECT] [Fatal Error] :1:1: Premature end of file.
2026-08-07 23:59:52,377 [ERROR] LogOutputStream:74 - [STDERR_REDIRECT] 
2026-08-07 23:59:53,336 [ERROR] LogOutputStream:74 - [STDERR_REDIRECT] [Fatal Error] :1:1: Premature end of file.
2026-08-07 23:59:53,337 [ERROR] LogOutputStream:74 - [STDERR_REDIRECT] 
2026-08-07 23:59:54,329 [ERROR] LogOutputStream:74 - [STDERR_REDIRECT] [Fatal Error] :1:1: Premature end of file.
2026-08-07 23:59:54,331 [ERROR] LogOutputStream:74 - [STDERR_REDIRECT] 
2026-08-07 23:59:55,324 [ERROR] LogOutputStream:74 - [STDERR_REDIRECT] [Fatal Error] :1:1: Premature end of file.
2026-08-07 23:59:55,324 [ERROR] LogOutputStream:74 - [STDERR_REDIRECT] 
2026-08-07 23:59:56,327 [ERROR] LogOutputStream:74 - [STDERR_REDIRECT] [Fatal Error] :1:1: Premature end of file.
2026-08-07 23:59:56,329 [ERROR] LogOutputStream:74 - [STDERR_REDIRECT] 
2026-08-07 23:59:57,351 [ERROR] LogOutputStream:74 - [STDERR_REDIRECT] [Fatal Error] :1:1: Premature end of file.
2026-08-07 23:59:57,352 [ERROR] LogOutputStream:74 - [STDERR_REDIRECT] 
2026-08-07 23:59:58,343 [ERROR] LogOutputStream:74 - [STDERR_REDIRECT] [Fatal Error] :1:1: Premature end of file.
2026-08-07 23:59:58,343 [ERROR] LogOutputStream:74 - [STDERR_REDIRECT] 
2026-08-07 23:59:59,366 [ERROR] LogOutputStream:74 - [STDERR_REDIRECT] [Fatal Error] :1:1: Premature end of file.
2026-08-07 23:59:59,366 [ERROR] LogOutputStream:74 - [STDERR_REDIRECT] 
2026-08-08 00:00:00,330 [ERROR] LogOutputStream:74 - [STDERR_REDIRECT] [Fatal Error] :1:1: Premature end of file.
2026-08-08 00:00:00,331 [ERROR] LogOutputStream:74 - [STDERR_REDIRECT] 
2026-08-08 00:00:01,328 [ERROR] LogOutputStream:74 - [STDERR_REDIRECT] [Fatal Error] :1:1: Premature end of file.
2026-08-08 00:00:01,328 [ERROR] LogOutputStream:74 - [STDERR_REDIRECT] 
2026-08-08 00:00:02,340 [ERROR] LogOutputStream:74 - [STDERR_REDIRECT] [Fatal Error] :1:1: Premature end of file.
2026-08-08 00:00:02,340 [ERROR] LogOutputStream:74 - [STDERR_REDIRECT] 
2026-08-08 00:00:03,343 [ERROR] LogOutputStream:74 - [STDERR_REDIRECT] [Fatal Error] :1:1: Premature end of file.
2026-08-08 00:00:03,343 [ERROR] LogOutputStream:74 - [STDERR_REDIRECT] 
2026-08-08 00:00:04,355 [ERROR] LogOutputStream:74 - [STDERR_REDIRECT] [Fatal Error] :1:1: Premature end of file.
2026-08-08 00:00:04,355 [ERROR] LogOutputStream:74 - [STDERR_REDIRECT] 
2026-08-08 00:00:05,353 [ERROR] LogOutputStream:74 - [STDERR_REDIRECT] [Fatal Error] :1:1: Premature end of file.
2026-08-08 00:00:05,353 [ERROR] LogOutputStream:74 - [STDERR_REDIRECT] 
2026-08-08 00:00:06,340 [ERROR] LogOutputStream:74 - [STDERR_REDIRECT] [Fatal Error] :1:1: Premature end of file.
2026-08-08 00:00:06,340 [ERROR] LogOutputStream:74 - [STDERR_REDIRECT] 
2026-08-08 00:00:07,338 [ERROR] LogOutputStream:74 - [STDERR_REDIRECT] [Fatal Error] :1:1: Premature end of file.
2026-08-08 00:00:07,339 [ERROR] LogOutputStream:74 - [STDERR_REDIRECT] 
2026-08-08 00:00:08,358 [ERROR] LogOutputStream:74 - [STDERR_REDIRECT] [Fatal Error] :1:1: Premature end of file.
2026-08-08 00:00:08,359 [ERROR] LogOutputStream:74 - [STDERR_REDIRECT] 
2026-08-08 00:00:09,344 [ERROR] LogOutputStream:74 - [STDERR_REDIRECT] [Fatal Error] :1:1: Premature end of file.
2026-08-08 00:00:09,344 [ERROR] LogOutputStream:74 - [STDERR_REDIRECT] 
2026-08-08 00:00:10,326 [ERROR] LogOutputStream:74 - [STDERR_REDIRECT] [Fatal Error] :1:1: Premature end of file.
2026-08-08 00:00:10,327 [ERROR] LogOutputStream:74 - [STDERR_REDIRECT] 
2026-08-08 00:00:11,348 [ERROR] LogOutputStream:74 - [STDERR_REDIRECT] [Fatal Error] :1:1: Premature end of file.
2026-08-08 00:00:11,349 [ERROR] LogOutputStream:74 - [STDERR_REDIRECT] 
2026-08-08 00:00:12,361 [ERROR] LogOutputStream:74 - [STDERR_REDIRECT] [Fatal Error] :1:1: Premature end of file.
2026-08-08 00:00:12,361 [ERROR] LogOutputStream:74 - [STDERR_REDIRECT] 
2026-08-08 00:00:13,357 [ERROR] LogOutputStream:74 - [STDERR_REDIRECT] [Fatal Error] :1:1: Premature end of file.
2026-08-08 00:00:13,357 [ERROR] LogOutputStream:74 - [STDERR_REDIRECT] 
2026-08-08 00:00:14,345 [ERROR] LogOutputStream:74 - [STDERR_REDIRECT] [Fatal Error] :1:1: Premature end of file.
2026-08-08 00:00:14,345 [ERROR] LogOutputStream:74 - [STDERR_REDIRECT] 
2026-08-08 00:00:15,343 [ERROR] LogOutputStream:74 - [STDERR_REDIRECT] [Fatal Error] :1:1: Premature end of file.
2026-08-08 00:00:15,343 [ERROR] LogOutputStream:74 - [STDERR_REDIRECT] 
2026-08-08 00:00:16,338 [ERROR] LogOutputStream:74 - [STDERR_REDIRECT] [Fatal Error] :1:1: Premature end of file.
2026-08-08 00:00:16,338 [ERROR] LogOutputStream:74 - [STDERR_REDIRECT] 
2026-08-08 00:00:17,329 [ERROR] LogOutputStream:74 - [STDERR_REDIRECT] [Fatal Error] :1:1: Premature end of file.
2026-08-08 00:00:17,329 [ERROR] LogOutputStream:74 - [STDERR_REDIRECT] 
2026-08-08 00:00:18,334 [ERROR] LogOutputStream:74 - [STDERR_REDIRECT] [Fatal Error] :1:1: Premature end of file.
2026-08-08 00:00:18,334 [ERROR] LogOutputStream:74 - [STDERR_REDIRECT] 
2026-08-08 00:00:19,334 [ERROR] LogOutputStream:74 - [STDERR_REDIRECT] [Fatal Error] :1:1: Premature end of file.
2026-08-08 00:00:19,334 [ERROR] LogOutputStream:74 - [STDERR_REDIRECT] 
2026-08-08 00:00:20,336 [ERROR] LogOutputStream:74 - [STDERR_REDIRECT] [Fatal Error] :1:1: Premature end of file.
2026-08-08 00:00:20,337 [ERROR] LogOutputStream:74 - [STDERR_REDIRECT] 
2026-08-08 00:00:21,337 [ERROR] LogOutputStream:74 - [STDERR_REDIRECT] [Fatal Error] :1:1: Premature end of file.
2026-08-08 00:00:21,338 [ERROR] LogOutputStream:74 - [STDERR_REDIRECT] 
2026-08-08 00:00:22,381 [ERROR] LogOutputStream:74 - [STDERR_REDIRECT] [Fatal Error] :1:1: Premature end of file.
2026-08-08 00:00:22,382 [ERROR] LogOutputStream:74 - [STDERR_REDIRECT] 
2026-08-08 00:00:23,342 [ERROR] LogOutputStream:74 - [STDERR_REDIRECT] [Fatal Error] :1:1: Premature end of file.
2026-08-08 00:00:23,342 [ERROR] LogOutputStream:74 - [STDERR_REDIRECT] 
2026-08-08 00:00:24,378 [ERROR] LogOutputStream:74 - [STDERR_REDIRECT] [Fatal Error] :1:1: Premature end of file.
2026-08-08 00:00:24,379 [ERROR] LogOutputStream:74 - [STDERR_REDIRECT] 
2026-08-08 00:00:25,340 [ERROR] LogOutputStream:74 - [STDERR_REDIRECT] [Fatal Error] :1:1: Premature end of file.
2026-08-08 00:00:25,341 [ERROR] LogOutputStream:74 - [STDERR_REDIRECT] 
2026-08-08 00:00:26,344 [ERROR] LogOutputStream:74 - [STDERR_REDIRECT] [Fatal Error] :1:1: Premature end of file.
2026-08-08 00:00:26,346 [ERROR] LogOutputStream:74 - [STDERR_REDIRECT] 
2026-08-08 00:00:27,342 [ERROR] LogOutputStream:74 - [STDERR_REDIRECT] [Fatal Error] :1:1: Premature end of file.
2026-08-08 00:00:27,342 [ERROR] LogOutputStream:74 - [STDERR_REDIRECT] 
2026-08-08 00:00:28,348 [ERROR] LogOutputStream:74 - [STDERR_REDIRECT] [Fatal Error] :1:1: Premature end of file.
2026-08-08 00:00:28,349 [ERROR] LogOutputStream:74 - [STDERR_REDIRECT] 
2026-08-08 00:00:29,337 [ERROR] LogOutputStream:74 - [STDERR_REDIRECT] [Fatal Error] :1:1: Premature end of file.
2026-08-08 00:00:29,337 [ERROR] LogOutputStream:74 - [STDERR_REDIRECT] 
2026-08-08 00:00:30,352 [ERROR] LogOutputStream:74 - [STDERR_REDIRECT] [Fatal Error] :1:1: Premature end of file.
2026-08-08 00:00:30,352 [ERROR] LogOutputStream:74 - [STDERR_REDIRECT] 
2026-08-08 00:00:31,347 [ERROR] LogOutputStream:74 - [STDERR_REDIRECT] [Fatal Error] :1:1: Premature end of file.
2026-08-08 00:00:31,348 [ERROR] LogOutputStream:74 - [STDERR_REDIRECT] 
2026-08-08 00:00:32,341 [ERROR] LogOutputStream:74 - [STDERR_REDIRECT] [Fatal Error] :1:1: Premature end of file.
2026-08-08 00:00:32,341 [ERROR] LogOutputStream:74 - [STDERR_REDIRECT] 
2026-08-08 00:00:33,357 [ERROR] LogOutputStream:74 - [STDERR_REDIRECT] [Fatal Error] :1:1: Premature end of file.
2026-08-08 00:00:33,357 [ERROR] LogOutputStream:74 - [STDERR_REDIRECT] 
2026-08-08 00:00:34,337 [ERROR] LogOutputStream:74 - [STDERR_REDIRECT] [Fatal Error] :1:1: Premature end of file.
2026-08-08 00:00:34,337 [ERROR] LogOutputStream:74 - [STDERR_REDIRECT] 
2026-08-08 00:00:35,335 [ERROR] LogOutputStream:74 - [STDERR_REDIRECT] [Fatal Error] :1:1: Premature end of file.
2026-08-08 00:00:35,335 [ERROR] LogOutputStream:74 - [STDERR_REDIRECT] 
2026-08-08 00:00:36,336 [ERROR] LogOutputStream:74 - [STDERR_REDIRECT] [Fatal Error] :1:1: Premature end of file.
2026-08-08 00:00:36,337 [ERROR] LogOutputStream:74 - [STDERR_REDIRECT] 
2026-08-08 00:00:37,339 [ERROR] LogOutputStream:74 - [STDERR_REDIRECT] [Fatal Error] :1:1: Premature end of file.
2026-08-08 00:00:37,339 [ERROR] LogOutputStream:74 - [STDERR_REDIRECT] 
2026-08-08 00:00:38,337 [ERROR] LogOutputStream:74 - [STDERR_REDIRECT] [Fatal Error] :1:1: Premature end of file.
2026-08-08 00:00:38,337 [ERROR] LogOutputStream:74 - [STDERR_REDIRECT] 
2026-08-08 00:00:39,338 [ERROR] LogOutputStream:74 - [STDERR_REDIRECT] [Fatal Error] :1:1: Premature end of file.
2026-08-08 00:00:39,339 [ERROR] LogOutputStream:74 - [STDERR_REDIRECT] 
2026-08-08 00:00:40,352 [ERROR] LogOutputStream:74 - [STDERR_REDIRECT] [Fatal Error] :1:1: Premature end of file.
2026-08-08 00:00:40,353 [ERROR] LogOutputStream:74 - [STDERR_REDIRECT] 
2026-08-08 00:00:41,367 [ERROR] LogOutputStream:74 - [STDERR_REDIRECT] [Fatal Error] :1:1: Premature end of file.
2026-08-08 00:00:41,368 [ERROR] LogOutputStream:74 - [STDERR_REDIRECT] 
2026-08-08 00:00:42,357 [ERROR] LogOutputStream:74 - [STDERR_REDIRECT] [Fatal Error] :1:1: Premature end of file.
2026-08-08 00:00:42,357 [ERROR] LogOutputStream:74 - [STDERR_REDIRECT] 
2026-08-08 00:00:43,361 [ERROR] LogOutputStream:74 - [STDERR_REDIRECT] [Fatal Error] :1:1: Premature end of file.
2026-08-08 00:00:43,361 [ERROR] LogOutputStream:74 - [STDERR_REDIRECT] 
2026-08-08 00:00:44,366 [ERROR] LogOutputStream:74 - [STDERR_REDIRECT] [Fatal Error] :1:1: Premature end of file.
2026-08-08 00:00:44,367 [ERROR] LogOutputStream:74 - [STDERR_REDIRECT] 
2026-08-08 00:00:45,360 [ERROR] LogOutputStream:74 - [STDERR_REDIRECT] [Fatal Error] :1:1: Premature end of file.
2026-08-08 00:00:45,361 [ERROR] LogOutputStream:74 - [STDERR_REDIRECT] 
2026-08-08 00:00:46,350 [ERROR] LogOutputStream:74 - [STDERR_REDIRECT] [Fatal Error] :1:1: Premature end of file.
2026-08-08 00:00:46,350 [ERROR] LogOutputStream:74 - [STDERR_REDIRECT] 
2026-08-08 00:00:47,346 [ERROR] LogOutputStream:74 - [STDERR_REDIRECT] [Fatal Error] :1:1: Premature end of file.
2026-08-08 00:00:47,347 [ERROR] LogOutputStream:74 - [STDERR_REDIRECT] 
2026-08-08 00:00:48,328 [ERROR] LogOutputStream:74 - [STDERR_REDIRECT] [Fatal Error] :1:1: Premature end of file.
2026-08-08 00:00:48,328 [ERROR] LogOutputStream:74 - [STDERR_REDIRECT] 
2026-08-08 00:00:49,330 [ERROR] LogOutputStream:74 - [STDERR_REDIRECT] [Fatal Error] :1:1: Premature end of file.
2026-08-08 00:00:49,331 [ERROR] LogOutputStream:74 - [STDERR_REDIRECT] 
2026-08-08 00:00:50,338 [ERROR] LogOutputStream:74 - [STDERR_REDIRECT] [Fatal Error] :1:1: Premature end of file.
2026-08-08 00:00:50,339 [ERROR] LogOutputStream:74 - [STDERR_REDIRECT] 
2026-08-08 00:00:51,344 [ERROR] LogOutputStream:74 - [STDERR_REDIRECT] [Fatal Error] :1:1: Premature end of file.
2026-08-08 00:00:51,344 [ERROR] LogOutputStream:74 - [STDERR_REDIRECT] 
2026-08-08 00:00:52,348 [ERROR] LogOutputStream:74 - [STDERR_REDIRECT] [Fatal Error] :1:1: Premature end of file.
2026-08-08 00:00:52,348 [ERROR] LogOutputStream:74 - [STDERR_REDIRECT] 
2026-08-08 00:00:53,345 [ERROR] LogOutputStream:74 - [STDERR_REDIRECT] [Fatal Error] :1:1: Premature end of file.
2026-08-08 00:00:53,346 [ERROR] LogOutputStream:74 - [STDERR_REDIRECT] 
2026-08-08 00:00:54,347 [ERROR] LogOutputStream:74 - [STDERR_REDIRECT] [Fatal Error] :1:1: Premature end of file.
2026-08-08 00:00:54,347 [ERROR] LogOutputStream:74 - [STDERR_REDIRECT] 
2026-08-08 00:00:55,345 [ERROR] LogOutputStream:74 - [STDERR_REDIRECT] [Fatal Error] :1:1: Premature end of file.
2026-08-08 00:00:55,346 [ERROR] LogOutputStream:74 - [STDERR_REDIRECT] 
2026-08-08 00:00:56,358 [ERROR] LogOutputStream:74 - [STDERR_REDIRECT] [Fatal Error] :1:1: Premature end of file.
2026-08-08 00:00:56,358 [ERROR] LogOutputStream:74 - [STDERR_REDIRECT] 
2026-08-08 00:00:57,378 [ERROR] LogOutputStream:74 - [STDERR_REDIRECT] [Fatal Error] :1:1: Premature end of file.
2026-08-08 00:00:57,378 [ERROR] LogOutputStream:74 - [STDERR_REDIRECT] 
2026-08-08 00:00:58,346 [ERROR] LogOutputStream:74 - [STDERR_REDIRECT] [Fatal Error] :1:1: Premature end of file.
2026-08-08 00:00:58,346 [ERROR] LogOutputStream:74 - [STDERR_REDIRECT] 
2026-08-08 00:00:59,364 [ERROR] LogOutputStream:74 - [STDERR_REDIRECT] [Fatal Error] :1:1: Premature end of file.
2026-08-08 00:00:59,364 [ERROR] LogOutputStream:74 - [STDERR_REDIRECT] 
2026-08-08 00:01:00,387 [ERROR] LogOutputStream:74 - [STDERR_REDIRECT] [Fatal Error] :1:1: Premature end of file.
2026-08-08 00:01:00,387 [ERROR] LogOutputStream:74 - [STDERR_REDIRECT] 
2026-08-08 00:01:01,352 [ERROR] LogOutputStream:74 - [STDERR_REDIRECT] [Fatal Error] :1:1: Premature end of file.
2026-08-08 00:01:01,352 [ERROR] LogOutputStream:74 - [STDERR_REDIRECT] 
2026-08-08 00:01:02,372 [ERROR] LogOutputStream:74 - [STDERR_REDIRECT] [Fatal Error] :1:1: Premature end of file.
2026-08-08 00:01:02,372 [ERROR] LogOutputStream:74 - [STDERR_REDIRECT] 
2026-08-08 00:01:03,391 [ERROR] LogOutputStream:74 - [STDERR_REDIRECT] [Fatal Error] :1:1: Premature end of file.
2026-08-08 00:01:03,392 [ERROR] LogOutputStream:74 - [STDERR_REDIRECT] 
2026-08-08 00:01:04,353 [ERROR] LogOutputStream:74 - [STDERR_REDIRECT] [Fatal Error] :1:1: Premature end of file.
2026-08-08 00:01:04,355 [ERROR] LogOutputStream:74 - [STDERR_REDIRECT] 
2026-08-08 00:01:05,344 [ERROR] LogOutputStream:74 - [STDERR_REDIRECT] [Fatal Error] :1:1: Premature end of file.
2026-08-08 00:01:05,344 [ERROR] LogOutputStream:74 - [STDERR_REDIRECT] 
2026-08-08 00:01:06,364 [ERROR] LogOutputStream:74 - [STDERR_REDIRECT] [Fatal Error] :1:1: Premature end of file.
2026-08-08 00:01:06,364 [ERROR] LogOutputStream:74 - [STDERR_REDIRECT] 
2026-08-08 00:01:07,357 [ERROR] LogOutputStream:74 - [STDERR_REDIRECT] [Fatal Error] :1:1: Premature end of file.
2026-08-08 00:01:07,358 [ERROR] LogOutputStream:74 - [STDERR_REDIRECT] 
2026-08-08 00:01:08,386 [ERROR] LogOutputStream:74 - [STDERR_REDIRECT] [Fatal Error] :1:1: Premature end of file.
2026-08-08 00:01:08,386 [ERROR] LogOutputStream:74 - [STDERR_REDIRECT] 
2026-08-08 00:01:09,349 [ERROR] LogOutputStream:74 - [STDERR_REDIRECT] [Fatal Error] :1:1: Premature end of file.
2026-08-08 00:01:09,349 [ERROR] LogOutputStream:74 - [STDERR_REDIRECT] 
2026-08-08 00:01:10,346 [ERROR] LogOutputStream:74 - [STDERR_REDIRECT] [Fatal Error] :1:1: Premature end of file.
2026-08-08 00:01:10,346 [ERROR] LogOutputStream:74 - [STDERR_REDIRECT] 
2026-08-08 00:01:11,345 [ERROR] LogOutputStream:74 - [STDERR_REDIRECT] [Fatal Error] :1:1: Premature end of file.
2026-08-08 00:01:11,346 [ERROR] LogOutputStream:74 - [STDERR_REDIRECT] 
2026-08-08 00:01:12,334 [ERROR] LogOutputStream:74 - [STDERR_REDIRECT] [Fatal Error] :1:1: Premature end of file.
2026-08-08 00:01:12,336 [ERROR] LogOutputStream:74 - [STDERR_REDIRECT] 
2026-08-08 00:01:13,354 [ERROR] LogOutputStream:74 - [STDERR_REDIRECT] [Fatal Error] :1:1: Premature end of file.
2026-08-08 00:01:13,354 [ERROR] LogOutputStream:74 - [STDERR_REDIRECT] 
2026-08-08 00:01:14,368 [ERROR] LogOutputStream:74 - [STDERR_REDIRECT] [Fatal Error] :1:1: Premature end of file.
2026-08-08 00:01:14,368 [ERROR] LogOutputStream:74 - [STDERR_REDIRECT] 
2026-08-08 00:01:15,364 [ERROR] LogOutputStream:74 - [STDERR_REDIRECT] [Fatal Error] :1:1: Premature end of file.
2026-08-08 00:01:15,365 [ERROR] LogOutputStream:74 - [STDERR_REDIRECT] 
2026-08-08 00:01:16,355 [ERROR] LogOutputStream:74 - [STDERR_REDIRECT] [Fatal Error] :1:1: Premature end of file.
2026-08-08 00:01:16,355 [ERROR] LogOutputStream:74 - [STDERR_REDIRECT] 
2026-08-08 00:01:17,335 [ERROR] LogOutputStream:74 - [STDERR_REDIRECT] [Fatal Error] :1:1: Premature end of file.
2026-08-08 00:01:17,335 [ERROR] LogOutputStream:74 - [STDERR_REDIRECT] 
2026-08-08 00:01:18,352 [ERROR] LogOutputStream:74 - [STDERR_REDIRECT] [Fatal Error] :1:1: Premature end of file.
2026-08-08 00:01:18,352 [ERROR] LogOutputStream:74 - [STDERR_REDIRECT] 
2026-08-08 00:01:19,339 [ERROR] LogOutputStream:74 - [STDERR_REDIRECT] [Fatal Error] :1:1: Premature end of file.
2026-08-08 00:01:19,339 [ERROR] LogOutputStream:74 - [STDERR_REDIRECT] 
2026-08-08 00:01:20,345 [ERROR] LogOutputStream:74 - [STDERR_REDIRECT] [Fatal Error] :1:1: Premature end of file.
2026-08-08 00:01:20,345 [ERROR] LogOutputStream:74 - [STDERR_REDIRECT] 
2026-08-08 00:01:21,331 [ERROR] LogOutputStream:74 - [STDERR_REDIRECT] [Fatal Error] :1:1: Premature end of file.
2026-08-08 00:01:21,332 [ERROR] LogOutputStream:74 - [STDERR_REDIRECT] 
2026-08-08 00:01:22,341 [ERROR] LogOutputStream:74 - [STDERR_REDIRECT] [Fatal Error] :1:1: Premature end of file.
2026-08-08 00:01:22,341 [ERROR] LogOutputStream:74 - [STDERR_REDIRECT] 
2026-08-08 00:01:23,353 [ERROR] LogOutputStream:74 - [STDERR_REDIRECT] [Fatal Error] :1:1: Premature end of file.
2026-08-08 00:01:23,353 [ERROR] LogOutputStream:74 - [STDERR_REDIRECT] 
2026-08-08 00:01:24,354 [ERROR] LogOutputStream:74 - [STDERR_REDIRECT] [Fatal Error] :1:1: Premature end of file.
2026-08-08 00:01:24,354 [ERROR] LogOutputStream:74 - [STDERR_REDIRECT] 
2026-08-08 00:01:25,353 [ERROR] LogOutputStream:74 - [STDERR_REDIRECT] [Fatal Error] :1:1: Premature end of file.
2026-08-08 00:01:25,354 [ERROR] LogOutputStream:74 - [STDERR_REDIRECT] 
2026-08-08 00:01:26,340 [ERROR] LogOutputStream:74 - [STDERR_REDIRECT] [Fatal Error] :1:1: Premature end of file.
2026-08-08 00:01:26,340 [ERROR] LogOutputStream:74 - [STDERR_REDIRECT] 
2026-08-08 00:01:27,333 [ERROR] LogOutputStream:74 - [STDERR_REDIRECT] [Fatal Error] :1:1: Premature end of file.
2026-08-08 00:01:27,333 [ERROR] LogOutputStream:74 - [STDERR_REDIRECT] 
2026-08-08 00:01:28,329 [ERROR] LogOutputStream:74 - [STDERR_REDIRECT] [Fatal Error] :1:1: Premature end of file.
2026-08-08 00:01:28,330 [ERROR] LogOutputStream:74 - [STDERR_REDIRECT] 
2026-08-08 00:01:29,332 [ERROR] LogOutputStream:74 - [STDERR_REDIRECT] [Fatal Error] :1:1: Premature end of file.
2026-08-08 00:01:29,332 [ERROR] LogOutputStream:74 - [STDERR_REDIRECT] 
2026-08-08 00:01:30,348 [ERROR] LogOutputStream:74 - [STDERR_REDIRECT] [Fatal Error] :1:1: Premature end of file.
2026-08-08 00:01:30,348 [ERROR] LogOutputStream:74 - [STDERR_REDIRECT] 
2026-08-08 00:01:31,328 [INFO] FileExtend:235 - Unzip File : stm32cube_fw_h7_v191.zip
2026-08-08 00:01:31,329 [INFO] FileExtend:250 - Standard Zip Deflate
2026-08-08 00:01:31,333 [ERROR] LogOutputStream:74 - [STDERR_REDIRECT] [Fatal Error] :1:1: Premature end of file.
2026-08-08 00:01:31,338 [ERROR] LogOutputStream:74 - [STDERR_REDIRECT] 
2026-08-08 00:01:32,374 [ERROR] LogOutputStream:74 - [STDERR_REDIRECT] [Fatal Error] :1:1: Premature end of file.
2026-08-08 00:01:32,374 [ERROR] LogOutputStream:74 - [STDERR_REDIRECT] 
2026-08-08 00:01:33,353 [ERROR] LogOutputStream:74 - [STDERR_REDIRECT] [Fatal Error] :1:1: Premature end of file.
2026-08-08 00:01:33,358 [ERROR] LogOutputStream:74 - [STDERR_REDIRECT] 
2026-08-08 00:01:34,364 [ERROR] LogOutputStream:74 - [STDERR_REDIRECT] [Fatal Error] :1:1: Premature end of file.
2026-08-08 00:01:34,365 [ERROR] LogOutputStream:74 - [STDERR_REDIRECT] 
2026-08-08 00:01:35,365 [ERROR] LogOutputStream:74 - [STDERR_REDIRECT] [Fatal Error] :1:1: Premature end of file.
2026-08-08 00:01:35,365 [ERROR] LogOutputStream:74 - [STDERR_REDIRECT] 
2026-08-08 00:01:36,370 [ERROR] LogOutputStream:74 - [STDERR_REDIRECT] [Fatal Error] :1:1: Premature end of file.
2026-08-08 00:01:36,370 [ERROR] LogOutputStream:74 - [STDERR_REDIRECT] 
2026-08-08 00:01:37,728 [ERROR] LogOutputStream:74 - [STDERR_REDIRECT] [Fatal Error] :1:1: Premature end of file.
2026-08-08 00:01:37,728 [ERROR] LogOutputStream:74 - [STDERR_REDIRECT] 
2026-08-08 00:01:38,359 [ERROR] LogOutputStream:74 - [STDERR_REDIRECT] [Fatal Error] :1:1: Premature end of file.
2026-08-08 00:01:38,359 [ERROR] LogOutputStream:74 - [STDERR_REDIRECT] 
2026-08-08 00:01:39,367 [ERROR] LogOutputStream:74 - [STDERR_REDIRECT] [Fatal Error] :1:1: Premature end of file.
2026-08-08 00:01:39,371 [ERROR] LogOutputStream:74 - [STDERR_REDIRECT] 
2026-08-08 00:01:40,364 [ERROR] LogOutputStream:74 - [STDERR_REDIRECT] [Fatal Error] :1:1: Premature end of file.
2026-08-08 00:01:40,364 [ERROR] LogOutputStream:74 - [STDERR_REDIRECT] 
2026-08-08 00:01:41,356 [ERROR] LogOutputStream:74 - [STDERR_REDIRECT] [Fatal Error] :1:1: Premature end of file.
2026-08-08 00:01:41,357 [ERROR] LogOutputStream:74 - [STDERR_REDIRECT] 
2026-08-08 00:01:42,363 [ERROR] LogOutputStream:74 - [STDERR_REDIRECT] [Fatal Error] :1:1: Premature end of file.
2026-08-08 00:01:42,364 [ERROR] LogOutputStream:74 - [STDERR_REDIRECT] 
2026-08-08 00:01:43,365 [ERROR] LogOutputStream:74 - [STDERR_REDIRECT] [Fatal Error] :1:1: Premature end of file.
2026-08-08 00:01:43,366 [ERROR] LogOutputStream:74 - [STDERR_REDIRECT] 
2026-08-08 00:01:44,365 [ERROR] LogOutputStream:74 - [STDERR_REDIRECT] [Fatal Error] :1:1: Premature end of file.
2026-08-08 00:01:44,365 [ERROR] LogOutputStream:74 - [STDERR_REDIRECT] 
2026-08-08 00:01:45,359 [ERROR] LogOutputStream:74 - [STDERR_REDIRECT] [Fatal Error] :1:1: Premature end of file.
2026-08-08 00:01:45,359 [ERROR] LogOutputStream:74 - [STDERR_REDIRECT] 
2026-08-08 00:01:46,361 [ERROR] LogOutputStream:74 - [STDERR_REDIRECT] [Fatal Error] :1:1: Premature end of file.
2026-08-08 00:01:46,362 [ERROR] LogOutputStream:74 - [STDERR_REDIRECT] 
2026-08-08 00:01:47,368 [ERROR] LogOutputStream:74 - [STDERR_REDIRECT] [Fatal Error] :1:1: Premature end of file.
2026-08-08 00:01:47,369 [ERROR] LogOutputStream:74 - [STDERR_REDIRECT] 
2026-08-08 00:01:48,360 [ERROR] LogOutputStream:74 - [STDERR_REDIRECT] [Fatal Error] :1:1: Premature end of file.
2026-08-08 00:01:48,360 [ERROR] LogOutputStream:74 - [STDERR_REDIRECT] 
2026-08-08 00:01:49,356 [ERROR] LogOutputStream:74 - [STDERR_REDIRECT] [Fatal Error] :1:1: Premature end of file.
2026-08-08 00:01:49,357 [ERROR] LogOutputStream:74 - [STDERR_REDIRECT] 
2026-08-08 00:01:50,355 [ERROR] LogOutputStream:74 - [STDERR_REDIRECT] [Fatal Error] :1:1: Premature end of file.
2026-08-08 00:01:50,356 [ERROR] LogOutputStream:74 - [STDERR_REDIRECT] 
2026-08-08 00:01:51,361 [ERROR] LogOutputStream:74 - [STDERR_REDIRECT] [Fatal Error] :1:1: Premature end of file.
2026-08-08 00:01:51,361 [ERROR] LogOutputStream:74 - [STDERR_REDIRECT] 
2026-08-08 00:01:52,362 [ERROR] LogOutputStream:74 - [STDERR_REDIRECT] [Fatal Error] :1:1: Premature end of file.
2026-08-08 00:01:52,362 [ERROR] LogOutputStream:74 - [STDERR_REDIRECT] 
2026-08-08 00:01:53,382 [ERROR] LogOutputStream:74 - [STDERR_REDIRECT] [Fatal Error] :1:1: Premature end of file.
2026-08-08 00:01:53,383 [ERROR] LogOutputStream:74 - [STDERR_REDIRECT] 
2026-08-08 00:01:54,394 [ERROR] LogOutputStream:74 - [STDERR_REDIRECT] [Fatal Error] :1:1: Premature end of file.
2026-08-08 00:01:54,394 [ERROR] LogOutputStream:74 - [STDERR_REDIRECT] 
2026-08-08 00:01:55,372 [ERROR] LogOutputStream:74 - [STDERR_REDIRECT] [Fatal Error] :1:1: Premature end of file.
2026-08-08 00:01:55,373 [ERROR] LogOutputStream:74 - [STDERR_REDIRECT] 
2026-08-08 00:01:56,367 [ERROR] LogOutputStream:74 - [STDERR_REDIRECT] [Fatal Error] :1:1: Premature end of file.
2026-08-08 00:01:56,367 [ERROR] LogOutputStream:74 - [STDERR_REDIRECT] 
2026-08-08 00:01:57,370 [ERROR] LogOutputStream:74 - [STDERR_REDIRECT] [Fatal Error] :1:1: Premature end of file.
2026-08-08 00:01:57,370 [ERROR] LogOutputStream:74 - [STDERR_REDIRECT] 
2026-08-08 00:01:58,375 [ERROR] LogOutputStream:74 - [STDERR_REDIRECT] [Fatal Error] :1:1: Premature end of file.
2026-08-08 00:01:58,375 [ERROR] LogOutputStream:74 - [STDERR_REDIRECT] 
2026-08-08 00:01:59,369 [ERROR] LogOutputStream:74 - [STDERR_REDIRECT] [Fatal Error] :1:1: Premature end of file.
2026-08-08 00:01:59,369 [ERROR] LogOutputStream:74 - [STDERR_REDIRECT] 
2026-08-08 00:02:00,380 [ERROR] LogOutputStream:74 - [STDERR_REDIRECT] [Fatal Error] :1:1: Premature end of file.
2026-08-08 00:02:00,381 [ERROR] LogOutputStream:74 - [STDERR_REDIRECT] 
2026-08-08 00:02:01,385 [ERROR] LogOutputStream:74 - [STDERR_REDIRECT] [Fatal Error] :1:1: Premature end of file.
2026-08-08 00:02:01,386 [ERROR] LogOutputStream:74 - [STDERR_REDIRECT] 
2026-08-08 00:02:02,371 [ERROR] LogOutputStream:74 - [STDERR_REDIRECT] [Fatal Error] :1:1: Premature end of file.
2026-08-08 00:02:02,373 [ERROR] LogOutputStream:74 - [STDERR_REDIRECT] 
2026-08-08 00:02:03,349 [ERROR] LogOutputStream:74 - [STDERR_REDIRECT] [Fatal Error] :1:1: Premature end of file.
2026-08-08 00:02:03,349 [ERROR] LogOutputStream:74 - [STDERR_REDIRECT] 
2026-08-08 00:02:04,360 [ERROR] LogOutputStream:74 - [STDERR_REDIRECT] [Fatal Error] :1:1: Premature end of file.
2026-08-08 00:02:04,361 [ERROR] LogOutputStream:74 - [STDERR_REDIRECT] 
2026-08-08 00:02:05,363 [ERROR] LogOutputStream:74 - [STDERR_REDIRECT] [Fatal Error] :1:1: Premature end of file.
2026-08-08 00:02:05,364 [ERROR] LogOutputStream:74 - [STDERR_REDIRECT] 
2026-08-08 00:02:06,371 [ERROR] LogOutputStream:74 - [STDERR_REDIRECT] [Fatal Error] :1:1: Premature end of file.
2026-08-08 00:02:06,372 [ERROR] LogOutputStream:74 - [STDERR_REDIRECT] 
2026-08-08 00:02:07,366 [ERROR] LogOutputStream:74 - [STDERR_REDIRECT] [Fatal Error] :1:1: Premature end of file.
2026-08-08 00:02:07,366 [ERROR] LogOutputStream:74 - [STDERR_REDIRECT] 
2026-08-08 00:02:08,365 [ERROR] LogOutputStream:74 - [STDERR_REDIRECT] [Fatal Error] :1:1: Premature end of file.
2026-08-08 00:02:08,365 [ERROR] LogOutputStream:74 - [STDERR_REDIRECT] 
2026-08-08 00:02:09,382 [ERROR] LogOutputStream:74 - [STDERR_REDIRECT] [Fatal Error] :1:1: Premature end of file.
2026-08-08 00:02:09,382 [ERROR] LogOutputStream:74 - [STDERR_REDIRECT] 
2026-08-08 00:02:10,373 [ERROR] LogOutputStream:74 - [STDERR_REDIRECT] [Fatal Error] :1:1: Premature end of file.
2026-08-08 00:02:10,373 [ERROR] LogOutputStream:74 - [STDERR_REDIRECT] 
2026-08-08 00:02:11,348 [ERROR] LogOutputStream:74 - [STDERR_REDIRECT] [Fatal Error] :1:1: Premature end of file.
2026-08-08 00:02:11,348 [ERROR] LogOutputStream:74 - [STDERR_REDIRECT] 
2026-08-08 00:02:12,372 [ERROR] LogOutputStream:74 - [STDERR_REDIRECT] [Fatal Error] :1:1: Premature end of file.
2026-08-08 00:02:12,372 [ERROR] LogOutputStream:74 - [STDERR_REDIRECT] 
2026-08-08 00:02:13,361 [ERROR] LogOutputStream:74 - [STDERR_REDIRECT] [Fatal Error] :1:1: Premature end of file.
2026-08-08 00:02:13,361 [ERROR] LogOutputStream:74 - [STDERR_REDIRECT] 
2026-08-08 00:02:14,372 [ERROR] LogOutputStream:74 - [STDERR_REDIRECT] [Fatal Error] :1:1: Premature end of file.
2026-08-08 00:02:14,372 [ERROR] LogOutputStream:74 - [STDERR_REDIRECT] 
2026-08-08 00:02:15,393 [ERROR] LogOutputStream:74 - [STDERR_REDIRECT] [Fatal Error] :1:1: Premature end of file.
2026-08-08 00:02:15,393 [ERROR] LogOutputStream:74 - [STDERR_REDIRECT] 
2026-08-08 00:02:16,372 [ERROR] LogOutputStream:74 - [STDERR_REDIRECT] [Fatal Error] :1:1: Premature end of file.
2026-08-08 00:02:16,372 [ERROR] LogOutputStream:74 - [STDERR_REDIRECT] 
2026-08-08 00:02:17,349 [ERROR] LogOutputStream:74 - [STDERR_REDIRECT] [Fatal Error] :1:1: Premature end of file.
2026-08-08 00:02:17,349 [ERROR] LogOutputStream:74 - [STDERR_REDIRECT] 
2026-08-08 00:02:18,347 [ERROR] LogOutputStream:74 - [STDERR_REDIRECT] [Fatal Error] :1:1: Premature end of file.
2026-08-08 00:02:18,348 [ERROR] LogOutputStream:74 - [STDERR_REDIRECT] 
2026-08-08 00:02:19,345 [ERROR] LogOutputStream:74 - [STDERR_REDIRECT] [Fatal Error] :1:1: Premature end of file.
2026-08-08 00:02:19,345 [ERROR] LogOutputStream:74 - [STDERR_REDIRECT] 
2026-08-08 00:02:20,361 [ERROR] LogOutputStream:74 - [STDERR_REDIRECT] [Fatal Error] :1:1: Premature end of file.
2026-08-08 00:02:20,362 [ERROR] LogOutputStream:74 - [STDERR_REDIRECT] 
2026-08-08 00:02:21,371 [ERROR] LogOutputStream:74 - [STDERR_REDIRECT] [Fatal Error] :1:1: Premature end of file.
2026-08-08 00:02:21,372 [ERROR] LogOutputStream:74 - [STDERR_REDIRECT] 
2026-08-08 00:02:22,364 [ERROR] LogOutputStream:74 - [STDERR_REDIRECT] [Fatal Error] :1:1: Premature end of file.
2026-08-08 00:02:22,364 [ERROR] LogOutputStream:74 - [STDERR_REDIRECT] 
2026-08-08 00:02:23,377 [ERROR] LogOutputStream:74 - [STDERR_REDIRECT] [Fatal Error] :1:1: Premature end of file.
2026-08-08 00:02:23,378 [ERROR] LogOutputStream:74 - [STDERR_REDIRECT] 
2026-08-08 00:02:24,363 [ERROR] LogOutputStream:74 - [STDERR_REDIRECT] [Fatal Error] :1:1: Premature end of file.
2026-08-08 00:02:24,364 [ERROR] LogOutputStream:74 - [STDERR_REDIRECT] 
2026-08-08 00:02:25,357 [ERROR] LogOutputStream:74 - [STDERR_REDIRECT] [Fatal Error] :1:1: Premature end of file.
2026-08-08 00:02:25,358 [ERROR] LogOutputStream:74 - [STDERR_REDIRECT] 
2026-08-08 00:02:26,365 [ERROR] LogOutputStream:74 - [STDERR_REDIRECT] [Fatal Error] :1:1: Premature end of file.
2026-08-08 00:02:26,366 [ERROR] LogOutputStream:74 - [STDERR_REDIRECT] 
2026-08-08 00:02:27,368 [ERROR] LogOutputStream:74 - [STDERR_REDIRECT] [Fatal Error] :1:1: Premature end of file.
2026-08-08 00:02:27,369 [ERROR] LogOutputStream:74 - [STDERR_REDIRECT] 
2026-08-08 00:02:28,355 [ERROR] LogOutputStream:74 - [STDERR_REDIRECT] [Fatal Error] :1:1: Premature end of file.
2026-08-08 00:02:28,356 [ERROR] LogOutputStream:74 - [STDERR_REDIRECT] 
2026-08-08 00:02:29,356 [ERROR] LogOutputStream:74 - [STDERR_REDIRECT] [Fatal Error] :1:1: Premature end of file.
2026-08-08 00:02:29,357 [ERROR] LogOutputStream:74 - [STDERR_REDIRECT] 
2026-08-08 00:02:30,367 [ERROR] LogOutputStream:74 - [STDERR_REDIRECT] [Fatal Error] :1:1: Premature end of file.
2026-08-08 00:02:30,367 [ERROR] LogOutputStream:74 - [STDERR_REDIRECT] 
2026-08-08 00:02:31,354 [ERROR] LogOutputStream:74 - [STDERR_REDIRECT] [Fatal Error] :1:1: Premature end of file.
2026-08-08 00:02:31,354 [ERROR] LogOutputStream:74 - [STDERR_REDIRECT] 
2026-08-08 00:02:32,325 [ERROR] LogOutputStream:74 - [STDERR_REDIRECT] [Fatal Error] :1:1: Premature end of file.
2026-08-08 00:02:32,325 [ERROR] LogOutputStream:74 - [STDERR_REDIRECT] 
2026-08-08 00:02:32,351 [INFO] LoadServerPackagesThread:180 - End of LoadServerPackages Thread
2026-08-08 00:02:32,536 [INFO] UtilMem:74 - End SaveConfig() Used Memory: 1022499360 Bytes (1073741824)
2026-08-08 00:02:33,419 [INFO] BlockDiagram:2740 - set Specific Code input for plugin: SYS
2026-08-08 00:02:33,419 [INFO] BlockDiagram:2740 - set Specific Code input for plugin: RCC
2026-08-08 00:02:33,419 [INFO] BlockDiagram:2740 - set Specific Code input for plugin: NVIC
2026-08-08 00:02:33,424 [INFO] CodeGenerator:663 - code generatio: config db path: C:\ST\STM32CubeIDE_1.7.0\STM32CubeIDE\plugins\com.st.stm32cube.common.mx_6.3.0.202107141111\\db\
2026-08-08 00:02:33,443 [ERROR] LogOutputStream:74 - [STDERR_REDIRECT] [Fatal Error] :1:1: Premature end of file.
2026-08-08 00:02:33,444 [ERROR] LogOutputStream:74 - [STDERR_REDIRECT] 
2026-08-08 00:02:34,363 [ERROR] LogOutputStream:74 - [STDERR_REDIRECT] [Fatal Error] :1:1: Premature end of file.
2026-08-08 00:02:34,363 [ERROR] LogOutputStream:74 - [STDERR_REDIRECT] 
2026-08-08 00:02:34,373 [INFO] CheckServerUpdateThread:112 - End of CheckServer Thread
2026-08-08 00:02:34,388 [INFO] CodeEngine:239 - oldGeneratedFile, D:\study\personal_project\template\template\MXTmpFiles\license.tmp_save
2026-08-08 00:02:34,842 [INFO] CodeEngine:257 - Generated code: D:\study\personal_project\template\template\MXTmpFiles\license.tmp
2026-08-08 00:02:34,993 [INFO] CodeEngine:239 - oldGeneratedFile, D:\study\personal_project\template\template\MXTmpFiles\cortex.tmp_save
2026-08-08 00:02:35,089 [INFO] CodeEngine:257 - Generated code: D:\study\personal_project\template\template\MXTmpFiles\cortex.tmp
2026-08-08 00:02:35,109 [INFO] CodeEngine:239 - oldGeneratedFile, D:\study\personal_project\template\template\Core\Src\stm32h7xx_it.c_save
2026-08-08 00:02:35,197 [INFO] CodeEngine:257 - Generated code: D:\study\personal_project\template\template\Core\Src\stm32h7xx_it.c
2026-08-08 00:02:35,203 [INFO] CodeEngine:239 - oldGeneratedFile, D:\study\personal_project\template\template\Core\Inc\stm32h7xx_it.h_save
2026-08-08 00:02:35,255 [INFO] CodeEngine:257 - Generated code: D:\study\personal_project\template\template\Core\Inc\stm32h7xx_it.h
2026-08-08 00:02:35,320 [INFO] CodeEngine:239 - oldGeneratedFile, D:\study\personal_project\template\template\Core\Src\stm32h7xx_hal_msp.c_save
2026-08-08 00:02:35,345 [ERROR] LogOutputStream:74 - [STDERR_REDIRECT] [Fatal Error] :1:1: Premature end of file.
2026-08-08 00:02:35,346 [ERROR] LogOutputStream:74 - [STDERR_REDIRECT] 
2026-08-08 00:02:35,401 [INFO] CodeEngine:257 - Generated code: D:\study\personal_project\template\template\Core\Src\stm32h7xx_hal_msp.c
2026-08-08 00:02:35,407 [INFO] CodeEngine:239 - oldGeneratedFile, D:\study\personal_project\template\template\MXTmpFiles\system.tmp_save
2026-08-08 00:02:35,488 [INFO] CodeEngine:257 - Generated code: D:\study\personal_project\template\template\MXTmpFiles\system.tmp
2026-08-08 00:02:35,503 [INFO] CodeEngine:239 - oldGeneratedFile, D:\study\personal_project\template\template\Core\Inc\stm32h7xx_hal_conf.h_save
2026-08-08 00:02:35,581 [INFO] CodeEngine:257 - Generated code: D:\study\personal_project\template\template\Core\Inc\stm32h7xx_hal_conf.h
2026-08-08 00:02:35,676 [INFO] CodeEngine:239 - oldGeneratedFile, D:\study\personal_project\template\template\Core\Inc\main.h_save
2026-08-08 00:02:35,767 [INFO] CodeEngine:257 - Generated code: D:\study\personal_project\template\template\Core\Inc\main.h
2026-08-08 00:02:35,773 [INFO] CodeEngine:239 - oldGeneratedFile, D:\study\personal_project\template\template\Core\Src\main.c_save
2026-08-08 00:02:35,883 [INFO] CodeEngine:257 - Generated code: D:\study\personal_project\template\template\Core\Src\main.c
2026-08-08 00:02:36,576 [ERROR] LogOutputStream:74 - [STDERR_REDIRECT] [Fatal Error] :1:1: Premature end of file.
2026-08-08 00:02:36,576 [ERROR] LogOutputStream:74 - [STDERR_REDIRECT] 
2026-08-08 00:02:37,669 [ERROR] LogOutputStream:74 - [STDERR_REDIRECT] [Fatal Error] :1:1: Premature end of file.
2026-08-08 00:02:37,669 [ERROR] LogOutputStream:74 - [STDERR_REDIRECT] 
2026-08-08 00:02:37,988 [INFO] ProjectBuilder:2578 - Time for Copy HAL[1] : 263mS.
2026-08-08 00:02:37,996 [INFO] ProjectBuilder:3622 - Project Generator version: 3.14.1
2026-08-08 00:02:38,646 [ERROR] LogOutputStream:74 - [STDERR_REDIRECT] [Fatal Error] :1:1: Premature end of file.
2026-08-08 00:02:38,647 [ERROR] LogOutputStream:74 - [STDERR_REDIRECT] 
2026-08-08 00:02:39,120 [INFO] ConfigFileManager:1271 - The Die is : DIE450
2026-08-08 00:02:39,137 [INFO] ApiDbMcu:468 - Load IP Config File for FATFS
2026-08-08 00:02:39,162 [INFO] ApiDbMcu:468 - Load IP Config File for FREERTOS
2026-08-08 00:02:39,168 [INFO] ApiDbMcu:468 - Load IP Config File for LIBJPEG
2026-08-08 00:02:39,228 [INFO] ApiDbMcu:468 - Load IP Config File for LWIP
2026-08-08 00:02:39,264 [INFO] ApiDbMcu:468 - Load IP Config File for MBEDTLS
2026-08-08 00:02:39,300 [INFO] ApiDbMcu:468 - Load IP Config File for USB_DEVICE
2026-08-08 00:02:39,312 [INFO] ApiDbMcu:468 - Load IP Config File for USB_HOST
2026-08-08 00:02:39,337 [ERROR] LogOutputStream:74 - [STDERR_REDIRECT] [Fatal Error] :1:1: Premature end of file.
2026-08-08 00:02:39,338 [ERROR] LogOutputStream:74 - [STDERR_REDIRECT] 
2026-08-08 00:02:40,384 [ERROR] LogOutputStream:74 - [STDERR_REDIRECT] [Fatal Error] :1:1: Premature end of file.
2026-08-08 00:02:40,384 [ERROR] LogOutputStream:74 - [STDERR_REDIRECT] 
2026-08-08 00:02:41,395 [ERROR] LogOutputStream:74 - [STDERR_REDIRECT] [Fatal Error] :1:1: Premature end of file.
2026-08-08 00:02:41,396 [ERROR] LogOutputStream:74 - [STDERR_REDIRECT] 
2026-08-08 00:02:42,351 [ERROR] LogOutputStream:74 - [STDERR_REDIRECT] [Fatal Error] :1:1: Premature end of file.
2026-08-08 00:02:42,351 [ERROR] LogOutputStream:74 - [STDERR_REDIRECT] 
2026-08-08 00:02:43,331 [ERROR] LogOutputStream:74 - [STDERR_REDIRECT] [Fatal Error] :1:1: Premature end of file.
2026-08-08 00:02:43,332 [ERROR] LogOutputStream:74 - [STDERR_REDIRECT] 
2026-08-08 00:02:44,327 [ERROR] LogOutputStream:74 - [STDERR_REDIRECT] [Fatal Error] :1:1: Premature end of file.
2026-08-08 00:02:44,327 [ERROR] LogOutputStream:74 - [STDERR_REDIRECT] 
2026-08-08 00:02:45,346 [ERROR] LogOutputStream:74 - [STDERR_REDIRECT] [Fatal Error] :1:1: Premature end of file.
2026-08-08 00:02:45,346 [ERROR] LogOutputStream:74 - [STDERR_REDIRECT] 
2026-08-08 00:02:46,348 [ERROR] LogOutputStream:74 - [STDERR_REDIRECT] [Fatal Error] :1:1: Premature end of file.
2026-08-08 00:02:46,348 [ERROR] LogOutputStream:74 - [STDERR_REDIRECT] 
2026-08-08 00:02:46,495 [INFO] ProjectBuilder:3789 - Time for Generating toolchain IDE Files: 8499mS.
2026-08-08 00:02:46,524 [INFO] ProjectBuilder:2457 - Time for Copy CMSIS : 28mS.
2026-08-08 00:02:46,526 [INFO] ProjectBuilder:2457 - Time for Copy CMSIS : 0mS.
2026-08-08 00:02:47,576 [ERROR] LogOutputStream:74 - [STDERR_REDIRECT] [Fatal Error] :1:1: Premature end of file.
2026-08-08 00:02:47,576 [ERROR] LogOutputStream:74 - [STDERR_REDIRECT] 
2026-08-08 00:02:47,773 [INFO] McuFinderGlobals:52 - Set McuFinderConnectedMode to true
2026-08-08 00:02:47,776 [INFO] ApiDb:276 - Save user favorites file C:\Users\yubi2/.stm32cubeide/favorites.mcus.txt: 0 item(s)
2026-08-08 00:02:47,779 [INFO] ApiDb:280 - User favorites MCUs=[]
2026-08-08 00:02:48,843 [ERROR] LogOutputStream:74 - [STDERR_REDIRECT] [Fatal Error] :1:1: Premature end of file.
2026-08-08 00:02:48,844 [ERROR] LogOutputStream:74 - [STDERR_REDIRECT] 
2026-08-08 00:02:49,537 [ERROR] LogOutputStream:74 - [STDERR_REDIRECT] [Fatal Error] :1:1: Premature end of file.
2026-08-08 00:02:49,538 [ERROR] LogOutputStream:74 - [STDERR_REDIRECT] 
2026-08-08 00:02:50,803 [ERROR] LogOutputStream:74 - [STDERR_REDIRECT] [Fatal Error] :1:1: Premature end of file.
2026-08-08 00:02:50,803 [ERROR] LogOutputStream:74 - [STDERR_REDIRECT] 
2026-08-08 00:02:51,957 [ERROR] LogOutputStream:74 - [STDERR_REDIRECT] [Fatal Error] :1:1: Premature end of file.
2026-08-08 00:02:51,958 [ERROR] LogOutputStream:74 - [STDERR_REDIRECT] 
2026-08-08 00:02:52,695 [ERROR] LogOutputStream:74 - [STDERR_REDIRECT] [Fatal Error] :1:1: Premature end of file.
2026-08-08 00:02:52,696 [ERROR] LogOutputStream:74 - [STDERR_REDIRECT] 
2026-08-08 00:02:53,983 [ERROR] LogOutputStream:74 - [STDERR_REDIRECT] [Fatal Error] :1:1: Premature end of file.
2026-08-08 00:02:53,983 [ERROR] LogOutputStream:74 - [STDERR_REDIRECT] 
2026-08-08 00:02:54,626 [ERROR] LogOutputStream:74 - [STDERR_REDIRECT] [Fatal Error] :1:1: Premature end of file.
2026-08-08 00:02:54,626 [ERROR] LogOutputStream:74 - [STDERR_REDIRECT] 
2026-08-08 00:02:55,350 [ERROR] LogOutputStream:74 - [STDERR_REDIRECT] [Fatal Error] :1:1: Premature end of file.
2026-08-08 00:02:55,350 [ERROR] LogOutputStream:74 - [STDERR_REDIRECT] 
2026-08-08 00:02:56,788 [ERROR] LogOutputStream:74 - [STDERR_REDIRECT] [Fatal Error] :1:1: Premature end of file.
2026-08-08 00:02:56,789 [ERROR] LogOutputStream:74 - [STDERR_REDIRECT] 
2026-08-08 00:02:57,340 [ERROR] LogOutputStream:74 - [STDERR_REDIRECT] [Fatal Error] :1:1: Premature end of file.
2026-08-08 00:02:57,341 [ERROR] LogOutputStream:74 - [STDERR_REDIRECT] 
2026-08-08 00:02:58,814 [ERROR] LogOutputStream:74 - [STDERR_REDIRECT] [Fatal Error] :1:1: Premature end of file.
2026-08-08 00:02:58,814 [ERROR] LogOutputStream:74 - [STDERR_REDIRECT] 
2026-08-08 00:02:59,845 [ERROR] LogOutputStream:74 - [STDERR_REDIRECT] [Fatal Error] :1:1: Premature end of file.
2026-08-08 00:02:59,845 [ERROR] LogOutputStream:74 - [STDERR_REDIRECT] 
2026-08-08 00:03:00,672 [ERROR] LogOutputStream:74 - [STDERR_REDIRECT] [Fatal Error] :1:1: Premature end of file.
2026-08-08 00:03:00,672 [ERROR] LogOutputStream:74 - [STDERR_REDIRECT] 
2026-08-08 00:03:01,482 [ERROR] LogOutputStream:74 - [STDERR_REDIRECT] [Fatal Error] :1:1: Premature end of file.
2026-08-08 00:03:01,482 [ERROR] LogOutputStream:74 - [STDERR_REDIRECT] 
2026-08-08 00:03:02,361 [ERROR] LogOutputStream:74 - [STDERR_REDIRECT] [Fatal Error] :1:1: Premature end of file.
2026-08-08 00:03:02,361 [ERROR] LogOutputStream:74 - [STDERR_REDIRECT] 
2026-08-08 00:03:03,328 [ERROR] LogOutputStream:74 - [STDERR_REDIRECT] [Fatal Error] :1:1: Premature end of file.
2026-08-08 00:03:03,328 [ERROR] LogOutputStream:74 - [STDERR_REDIRECT] 
2026-08-08 00:03:04,335 [ERROR] LogOutputStream:74 - [STDERR_REDIRECT] [Fatal Error] :1:1: Premature end of file.
2026-08-08 00:03:04,335 [ERROR] LogOutputStream:74 - [STDERR_REDIRECT] 
2026-08-08 00:03:05,323 [ERROR] LogOutputStream:74 - [STDERR_REDIRECT] [Fatal Error] :1:1: Premature end of file.
2026-08-08 00:03:05,324 [ERROR] LogOutputStream:74 - [STDERR_REDIRECT] 
2026-08-08 00:03:06,329 [ERROR] LogOutputStream:74 - [STDERR_REDIRECT] [Fatal Error] :1:1: Premature end of file.
2026-08-08 00:03:06,329 [ERROR] LogOutputStream:74 - [STDERR_REDIRECT] 
2026-08-08 00:03:07,332 [ERROR] LogOutputStream:74 - [STDERR_REDIRECT] [Fatal Error] :1:1: Premature end of file.
2026-08-08 00:03:07,332 [ERROR] LogOutputStream:74 - [STDERR_REDIRECT] 
2026-08-08 00:03:08,323 [ERROR] LogOutputStream:74 - [STDERR_REDIRECT] [Fatal Error] :1:1: Premature end of file.
2026-08-08 00:03:08,323 [ERROR] LogOutputStream:74 - [STDERR_REDIRECT] 
2026-08-08 00:03:09,327 [ERROR] LogOutputStream:74 - [STDERR_REDIRECT] [Fatal Error] :1:1: Premature end of file.
2026-08-08 00:03:09,328 [ERROR] LogOutputStream:74 - [STDERR_REDIRECT] 
2026-08-08 00:03:10,336 [ERROR] LogOutputStream:74 - [STDERR_REDIRECT] [Fatal Error] :1:1: Premature end of file.
2026-08-08 00:03:10,336 [ERROR] LogOutputStream:74 - [STDERR_REDIRECT] 
2026-08-08 00:03:11,335 [ERROR] LogOutputStream:74 - [STDERR_REDIRECT] [Fatal Error] :1:1: Premature end of file.
2026-08-08 00:03:11,335 [ERROR] LogOutputStream:74 - [STDERR_REDIRECT] 
2026-08-08 00:03:12,329 [ERROR] LogOutputStream:74 - [STDERR_REDIRECT] [Fatal Error] :1:1: Premature end of file.
2026-08-08 00:03:12,330 [ERROR] LogOutputStream:74 - [STDERR_REDIRECT] 
2026-08-08 00:03:13,336 [ERROR] LogOutputStream:74 - [STDERR_REDIRECT] [Fatal Error] :1:1: Premature end of file.
2026-08-08 00:03:13,338 [ERROR] LogOutputStream:74 - [STDERR_REDIRECT] 
2026-08-08 00:03:14,350 [ERROR] LogOutputStream:74 - [STDERR_REDIRECT] [Fatal Error] :1:1: Premature end of file.
2026-08-08 00:03:14,350 [ERROR] LogOutputStream:74 - [STDERR_REDIRECT] 
2026-08-08 00:03:15,327 [ERROR] LogOutputStream:74 - [STDERR_REDIRECT] [Fatal Error] :1:1: Premature end of file.
2026-08-08 00:03:15,328 [ERROR] LogOutputStream:74 - [STDERR_REDIRECT] 
2026-08-08 00:03:16,327 [ERROR] LogOutputStream:74 - [STDERR_REDIRECT] [Fatal Error] :1:1: Premature end of file.
2026-08-08 00:03:16,327 [ERROR] LogOutputStream:74 - [STDERR_REDIRECT] 
2026-08-08 00:03:17,320 [ERROR] LogOutputStream:74 - [STDERR_REDIRECT] [Fatal Error] :1:1: Premature end of file.
2026-08-08 00:03:17,320 [ERROR] LogOutputStream:74 - [STDERR_REDIRECT] 
2026-08-08 00:03:18,329 [ERROR] LogOutputStream:74 - [STDERR_REDIRECT] [Fatal Error] :1:1: Premature end of file.
2026-08-08 00:03:18,329 [ERROR] LogOutputStream:74 - [STDERR_REDIRECT] 
2026-08-08 00:03:19,321 [ERROR] LogOutputStream:74 - [STDERR_REDIRECT] [Fatal Error] :1:1: Premature end of file.
2026-08-08 00:03:19,321 [ERROR] LogOutputStream:74 - [STDERR_REDIRECT] 
2026-08-08 00:03:20,327 [ERROR] LogOutputStream:74 - [STDERR_REDIRECT] [Fatal Error] :1:1: Premature end of file.
2026-08-08 00:03:20,327 [ERROR] LogOutputStream:74 - [STDERR_REDIRECT] 
2026-08-08 00:03:21,335 [ERROR] LogOutputStream:74 - [STDERR_REDIRECT] [Fatal Error] :1:1: Premature end of file.
2026-08-08 00:03:21,335 [ERROR] LogOutputStream:74 - [STDERR_REDIRECT] 
2026-08-08 00:03:22,324 [ERROR] LogOutputStream:74 - [STDERR_REDIRECT] [Fatal Error] :1:1: Premature end of file.
2026-08-08 00:03:22,324 [ERROR] LogOutputStream:74 - [STDERR_REDIRECT] 
2026-08-08 00:03:23,330 [ERROR] LogOutputStream:74 - [STDERR_REDIRECT] [Fatal Error] :1:1: Premature end of file.
2026-08-08 00:03:23,331 [ERROR] LogOutputStream:74 - [STDERR_REDIRECT] 
2026-08-08 00:03:24,325 [ERROR] LogOutputStream:74 - [STDERR_REDIRECT] [Fatal Error] :1:1: Premature end of file.
2026-08-08 00:03:24,326 [ERROR] LogOutputStream:74 - [STDERR_REDIRECT] 
2026-08-08 00:03:25,326 [ERROR] LogOutputStream:74 - [STDERR_REDIRECT] [Fatal Error] :1:1: Premature end of file.
2026-08-08 00:03:25,327 [ERROR] LogOutputStream:74 - [STDERR_REDIRECT] 
2026-08-08 00:03:26,327 [ERROR] LogOutputStream:74 - [STDERR_REDIRECT] [Fatal Error] :1:1: Premature end of file.
2026-08-08 00:03:26,327 [ERROR] LogOutputStream:74 - [STDERR_REDIRECT] 
2026-08-08 00:03:27,339 [ERROR] LogOutputStream:74 - [STDERR_REDIRECT] [Fatal Error] :1:1: Premature end of file.
2026-08-08 00:03:27,339 [ERROR] LogOutputStream:74 - [STDERR_REDIRECT] 
2026-08-08 00:03:28,332 [ERROR] LogOutputStream:74 - [STDERR_REDIRECT] [Fatal Error] :1:1: Premature end of file.
2026-08-08 00:03:28,332 [ERROR] LogOutputStream:74 - [STDERR_REDIRECT] 
2026-08-08 00:03:29,330 [ERROR] LogOutputStream:74 - [STDERR_REDIRECT] [Fatal Error] :1:1: Premature end of file.
2026-08-08 00:03:29,330 [ERROR] LogOutputStream:74 - [STDERR_REDIRECT] 
2026-08-08 00:03:30,331 [ERROR] LogOutputStream:74 - [STDERR_REDIRECT] [Fatal Error] :1:1: Premature end of file.
2026-08-08 00:03:30,332 [ERROR] LogOutputStream:74 - [STDERR_REDIRECT] 
2026-08-08 00:03:31,324 [ERROR] LogOutputStream:74 - [STDERR_REDIRECT] [Fatal Error] :1:1: Premature end of file.
2026-08-08 00:03:31,623 [ERROR] LogOutputStream:74 - [STDERR_REDIRECT] 
2026-08-08 00:03:32,327 [ERROR] LogOutputStream:74 - [STDERR_REDIRECT] [Fatal Error] :1:1: Premature end of file.
2026-08-08 00:03:32,327 [ERROR] LogOutputStream:74 - [STDERR_REDIRECT] 
2026-08-08 00:03:33,319 [ERROR] LogOutputStream:74 - [STDERR_REDIRECT] [Fatal Error] :1:1: Premature end of file.
2026-08-08 00:03:33,319 [ERROR] LogOutputStream:74 - [STDERR_REDIRECT] 
2026-08-08 00:03:34,332 [ERROR] LogOutputStream:74 - [STDERR_REDIRECT] [Fatal Error] :1:1: Premature end of file.
2026-08-08 00:03:34,332 [ERROR] LogOutputStream:74 - [STDERR_REDIRECT] 
2026-08-08 00:03:35,325 [ERROR] LogOutputStream:74 - [STDERR_REDIRECT] [Fatal Error] :1:1: Premature end of file.
2026-08-08 00:03:35,325 [ERROR] LogOutputStream:74 - [STDERR_REDIRECT] 
2026-08-08 00:03:36,330 [ERROR] LogOutputStream:74 - [STDERR_REDIRECT] [Fatal Error] :1:1: Premature end of file.
2026-08-08 00:03:36,330 [ERROR] LogOutputStream:74 - [STDERR_REDIRECT] 
2026-08-08 00:03:37,325 [ERROR] LogOutputStream:74 - [STDERR_REDIRECT] [Fatal Error] :1:1: Premature end of file.
2026-08-08 00:03:37,325 [ERROR] LogOutputStream:74 - [STDERR_REDIRECT] 
2026-08-08 00:03:38,333 [ERROR] LogOutputStream:74 - [STDERR_REDIRECT] [Fatal Error] :1:1: Premature end of file.
2026-08-08 00:03:38,333 [ERROR] LogOutputStream:74 - [STDERR_REDIRECT] 
2026-08-08 00:03:39,334 [ERROR] LogOutputStream:74 - [STDERR_REDIRECT] [Fatal Error] :1:1: Premature end of file.
2026-08-08 00:03:39,336 [ERROR] LogOutputStream:74 - [STDERR_REDIRECT] 
2026-08-08 00:03:40,328 [ERROR] LogOutputStream:74 - [STDERR_REDIRECT] [Fatal Error] :1:1: Premature end of file.
2026-08-08 00:03:40,329 [ERROR] LogOutputStream:74 - [STDERR_REDIRECT] 
2026-08-08 00:03:41,333 [ERROR] LogOutputStream:74 - [STDERR_REDIRECT] [Fatal Error] :1:1: Premature end of file.
2026-08-08 00:03:41,334 [ERROR] LogOutputStream:74 - [STDERR_REDIRECT] 
2026-08-08 00:03:42,323 [ERROR] LogOutputStream:74 - [STDERR_REDIRECT] [Fatal Error] :1:1: Premature end of file.
2026-08-08 00:03:42,323 [ERROR] LogOutputStream:74 - [STDERR_REDIRECT] 
2026-08-08 00:03:43,331 [ERROR] LogOutputStream:74 - [STDERR_REDIRECT] [Fatal Error] :1:1: Premature end of file.
2026-08-08 00:03:43,331 [ERROR] LogOutputStream:74 - [STDERR_REDIRECT] 
2026-08-08 00:03:44,337 [ERROR] LogOutputStream:74 - [STDERR_REDIRECT] [Fatal Error] :1:1: Premature end of file.
2026-08-08 00:03:44,337 [ERROR] LogOutputStream:74 - [STDERR_REDIRECT] 
2026-08-08 00:03:45,326 [ERROR] LogOutputStream:74 - [STDERR_REDIRECT] [Fatal Error] :1:1: Premature end of file.
2026-08-08 00:03:45,326 [ERROR] LogOutputStream:74 - [STDERR_REDIRECT] 
2026-08-08 00:03:46,331 [ERROR] LogOutputStream:74 - [STDERR_REDIRECT] [Fatal Error] :1:1: Premature end of file.
2026-08-08 00:03:46,331 [ERROR] LogOutputStream:74 - [STDERR_REDIRECT] 
2026-08-08 00:03:47,321 [ERROR] LogOutputStream:74 - [STDERR_REDIRECT] [Fatal Error] :1:1: Premature end of file.
2026-08-08 00:03:47,321 [ERROR] LogOutputStream:74 - [STDERR_REDIRECT] 
2026-08-08 00:03:48,345 [ERROR] LogOutputStream:74 - [STDERR_REDIRECT] [Fatal Error] :1:1: Premature end of file.
2026-08-08 00:03:48,345 [ERROR] LogOutputStream:74 - [STDERR_REDIRECT] 
2026-08-08 00:03:49,344 [ERROR] LogOutputStream:74 - [STDERR_REDIRECT] [Fatal Error] :1:1: Premature end of file.
2026-08-08 00:03:49,345 [ERROR] LogOutputStream:74 - [STDERR_REDIRECT] 
2026-08-08 00:03:50,326 [ERROR] LogOutputStream:74 - [STDERR_REDIRECT] [Fatal Error] :1:1: Premature end of file.
2026-08-08 00:03:50,326 [ERROR] LogOutputStream:74 - [STDERR_REDIRECT] 
2026-08-08 00:03:51,330 [ERROR] LogOutputStream:74 - [STDERR_REDIRECT] [Fatal Error] :1:1: Premature end of file.
2026-08-08 00:03:51,330 [ERROR] LogOutputStream:74 - [STDERR_REDIRECT] 
2026-08-08 00:03:52,351 [ERROR] LogOutputStream:74 - [STDERR_REDIRECT] [Fatal Error] :1:1: Premature end of file.
2026-08-08 00:03:52,352 [ERROR] LogOutputStream:74 - [STDERR_REDIRECT] 
2026-08-08 00:03:53,321 [ERROR] LogOutputStream:74 - [STDERR_REDIRECT] [Fatal Error] :1:1: Premature end of file.
2026-08-08 00:03:53,322 [ERROR] LogOutputStream:74 - [STDERR_REDIRECT] 
2026-08-08 00:03:54,331 [ERROR] LogOutputStream:74 - [STDERR_REDIRECT] [Fatal Error] :1:1: Premature end of file.
2026-08-08 00:03:54,331 [ERROR] LogOutputStream:74 - [STDERR_REDIRECT] 
2026-08-08 00:03:55,324 [ERROR] LogOutputStream:74 - [STDERR_REDIRECT] [Fatal Error] :1:1: Premature end of file.
2026-08-08 00:03:55,324 [ERROR] LogOutputStream:74 - [STDERR_REDIRECT] 
2026-08-08 00:03:56,334 [ERROR] LogOutputStream:74 - [STDERR_REDIRECT] [Fatal Error] :1:1: Premature end of file.
2026-08-08 00:03:56,335 [ERROR] LogOutputStream:74 - [STDERR_REDIRECT] 
2026-08-08 00:03:57,332 [ERROR] LogOutputStream:74 - [STDERR_REDIRECT] [Fatal Error] :1:1: Premature end of file.
2026-08-08 00:03:57,332 [ERROR] LogOutputStream:74 - [STDERR_REDIRECT] 
2026-08-08 00:03:58,346 [ERROR] LogOutputStream:74 - [STDERR_REDIRECT] [Fatal Error] :1:1: Premature end of file.
2026-08-08 00:03:58,346 [ERROR] LogOutputStream:74 - [STDERR_REDIRECT] 
2026-08-08 00:03:59,321 [ERROR] LogOutputStream:74 - [STDERR_REDIRECT] [Fatal Error] :1:1: Premature end of file.
2026-08-08 00:03:59,321 [ERROR] LogOutputStream:74 - [STDERR_REDIRECT] 
2026-08-08 00:04:00,337 [ERROR] LogOutputStream:74 - [STDERR_REDIRECT] [Fatal Error] :1:1: Premature end of file.
2026-08-08 00:04:00,337 [ERROR] LogOutputStream:74 - [STDERR_REDIRECT] 
2026-08-08 00:04:01,329 [ERROR] LogOutputStream:74 - [STDERR_REDIRECT] [Fatal Error] :1:1: Premature end of file.
2026-08-08 00:04:01,330 [ERROR] LogOutputStream:74 - [STDERR_REDIRECT] 
2026-08-08 00:04:02,333 [ERROR] LogOutputStream:74 - [STDERR_REDIRECT] [Fatal Error] :1:1: Premature end of file.
2026-08-08 00:04:02,334 [ERROR] LogOutputStream:74 - [STDERR_REDIRECT] 
2026-08-08 00:04:03,333 [ERROR] LogOutputStream:74 - [STDERR_REDIRECT] [Fatal Error] :1:1: Premature end of file.
2026-08-08 00:04:03,333 [ERROR] LogOutputStream:74 - [STDERR_REDIRECT] 
2026-08-08 00:04:04,339 [ERROR] LogOutputStream:74 - [STDERR_REDIRECT] [Fatal Error] :1:1: Premature end of file.
2026-08-08 00:04:04,339 [ERROR] LogOutputStream:74 - [STDERR_REDIRECT] 
2026-08-08 00:04:05,339 [ERROR] LogOutputStream:74 - [STDERR_REDIRECT] [Fatal Error] :1:1: Premature end of file.
2026-08-08 00:04:05,340 [ERROR] LogOutputStream:74 - [STDERR_REDIRECT] 
2026-08-08 00:04:06,326 [ERROR] LogOutputStream:74 - [STDERR_REDIRECT] [Fatal Error] :1:1: Premature end of file.
2026-08-08 00:04:06,326 [ERROR] LogOutputStream:74 - [STDERR_REDIRECT] 
2026-08-08 00:04:07,333 [ERROR] LogOutputStream:74 - [STDERR_REDIRECT] [Fatal Error] :1:1: Premature end of file.
2026-08-08 00:04:07,333 [ERROR] LogOutputStream:74 - [STDERR_REDIRECT] 
2026-08-08 00:04:08,334 [ERROR] LogOutputStream:74 - [STDERR_REDIRECT] [Fatal Error] :1:1: Premature end of file.
2026-08-08 00:04:08,335 [ERROR] LogOutputStream:74 - [STDERR_REDIRECT] 
2026-08-08 00:04:09,335 [ERROR] LogOutputStream:74 - [STDERR_REDIRECT] [Fatal Error] :1:1: Premature end of file.
2026-08-08 00:04:09,336 [ERROR] LogOutputStream:74 - [STDERR_REDIRECT] 
2026-08-08 00:04:10,346 [ERROR] LogOutputStream:74 - [STDERR_REDIRECT] [Fatal Error] :1:1: Premature end of file.
2026-08-08 00:04:10,346 [ERROR] LogOutputStream:74 - [STDERR_REDIRECT] 
2026-08-08 00:04:11,426 [ERROR] LogOutputStream:74 - [STDERR_REDIRECT] [Fatal Error] :1:1: Premature end of file.
2026-08-08 00:04:11,427 [ERROR] LogOutputStream:74 - [STDERR_REDIRECT] 
2026-08-08 00:04:12,709 [ERROR] LogOutputStream:74 - [STDERR_REDIRECT] [Fatal Error] :1:1: Premature end of file.
2026-08-08 00:04:12,709 [ERROR] LogOutputStream:74 - [STDERR_REDIRECT] 
2026-08-08 00:04:13,357 [ERROR] LogOutputStream:74 - [STDERR_REDIRECT] [Fatal Error] :1:1: Premature end of file.
2026-08-08 00:04:13,357 [ERROR] LogOutputStream:74 - [STDERR_REDIRECT] 
2026-08-08 00:04:14,460 [ERROR] LogOutputStream:74 - [STDERR_REDIRECT] [Fatal Error] :1:1: Premature end of file.
2026-08-08 00:04:14,461 [ERROR] LogOutputStream:74 - [STDERR_REDIRECT] 
2026-08-08 00:04:15,332 [ERROR] LogOutputStream:74 - [STDERR_REDIRECT] [Fatal Error] :1:1: Premature end of file.
2026-08-08 00:04:15,332 [ERROR] LogOutputStream:74 - [STDERR_REDIRECT] 
2026-08-08 00:04:16,366 [ERROR] LogOutputStream:74 - [STDERR_REDIRECT] [Fatal Error] :1:1: Premature end of file.
2026-08-08 00:04:16,367 [ERROR] LogOutputStream:74 - [STDERR_REDIRECT] 
2026-08-08 00:04:17,348 [ERROR] LogOutputStream:74 - [STDERR_REDIRECT] [Fatal Error] :1:1: Premature end of file.
2026-08-08 00:04:17,348 [ERROR] LogOutputStream:74 - [STDERR_REDIRECT] 
2026-08-08 00:04:18,342 [ERROR] LogOutputStream:74 - [STDERR_REDIRECT] [Fatal Error] :1:1: Premature end of file.
2026-08-08 00:04:18,342 [ERROR] LogOutputStream:74 - [STDERR_REDIRECT] 
2026-08-08 00:04:19,349 [ERROR] LogOutputStream:74 - [STDERR_REDIRECT] [Fatal Error] :1:1: Premature end of file.
2026-08-08 00:04:19,350 [ERROR] LogOutputStream:74 - [STDERR_REDIRECT] 
2026-08-08 00:04:20,363 [ERROR] LogOutputStream:74 - [STDERR_REDIRECT] [Fatal Error] :1:1: Premature end of file.
2026-08-08 00:04:20,363 [ERROR] LogOutputStream:74 - [STDERR_REDIRECT] 
2026-08-08 00:04:21,352 [ERROR] LogOutputStream:74 - [STDERR_REDIRECT] [Fatal Error] :1:1: Premature end of file.
2026-08-08 00:04:21,352 [ERROR] LogOutputStream:74 - [STDERR_REDIRECT] 
2026-08-08 00:04:22,358 [ERROR] LogOutputStream:74 - [STDERR_REDIRECT] [Fatal Error] :1:1: Premature end of file.
2026-08-08 00:04:22,359 [ERROR] LogOutputStream:74 - [STDERR_REDIRECT] 
2026-08-08 00:04:23,353 [ERROR] LogOutputStream:74 - [STDERR_REDIRECT] [Fatal Error] :1:1: Premature end of file.
2026-08-08 00:04:23,353 [ERROR] LogOutputStream:74 - [STDERR_REDIRECT] 
2026-08-08 00:04:24,340 [ERROR] LogOutputStream:74 - [STDERR_REDIRECT] [Fatal Error] :1:1: Premature end of file.
2026-08-08 00:04:24,340 [ERROR] LogOutputStream:74 - [STDERR_REDIRECT] 
2026-08-08 00:04:25,326 [ERROR] LogOutputStream:74 - [STDERR_REDIRECT] [Fatal Error] :1:1: Premature end of file.
2026-08-08 00:04:25,327 [ERROR] LogOutputStream:74 - [STDERR_REDIRECT] 
2026-08-08 00:04:26,325 [ERROR] LogOutputStream:74 - [STDERR_REDIRECT] [Fatal Error] :1:1: Premature end of file.
2026-08-08 00:04:26,326 [ERROR] LogOutputStream:74 - [STDERR_REDIRECT] 
2026-08-08 00:04:27,352 [ERROR] LogOutputStream:74 - [STDERR_REDIRECT] [Fatal Error] :1:1: Premature end of file.
2026-08-08 00:04:27,352 [ERROR] LogOutputStream:74 - [STDERR_REDIRECT] 
2026-08-08 00:04:28,338 [ERROR] LogOutputStream:74 - [STDERR_REDIRECT] [Fatal Error] :1:1: Premature end of file.
2026-08-08 00:04:28,339 [ERROR] LogOutputStream:74 - [STDERR_REDIRECT] 
2026-08-08 00:04:29,326 [ERROR] LogOutputStream:74 - [STDERR_REDIRECT] [Fatal Error] :1:1: Premature end of file.
2026-08-08 00:04:29,326 [ERROR] LogOutputStream:74 - [STDERR_REDIRECT] 
2026-08-08 00:04:30,333 [ERROR] LogOutputStream:74 - [STDERR_REDIRECT] [Fatal Error] :1:1: Premature end of file.
2026-08-08 00:04:30,333 [ERROR] LogOutputStream:74 - [STDERR_REDIRECT] 
2026-08-08 00:04:31,366 [ERROR] LogOutputStream:74 - [STDERR_REDIRECT] [Fatal Error] :1:1: Premature end of file.
2026-08-08 00:04:31,368 [ERROR] LogOutputStream:74 - [STDERR_REDIRECT] 
2026-08-08 00:04:32,341 [ERROR] LogOutputStream:74 - [STDERR_REDIRECT] [Fatal Error] :1:1: Premature end of file.
2026-08-08 00:04:32,341 [ERROR] LogOutputStream:74 - [STDERR_REDIRECT] 
2026-08-08 00:04:33,337 [ERROR] LogOutputStream:74 - [STDERR_REDIRECT] [Fatal Error] :1:1: Premature end of file.
2026-08-08 00:04:33,337 [ERROR] LogOutputStream:74 - [STDERR_REDIRECT] 
2026-08-08 00:04:34,328 [ERROR] LogOutputStream:74 - [STDERR_REDIRECT] [Fatal Error] :1:1: Premature end of file.
2026-08-08 00:04:34,328 [ERROR] LogOutputStream:74 - [STDERR_REDIRECT] 
2026-08-08 00:04:35,326 [ERROR] LogOutputStream:74 - [STDERR_REDIRECT] [Fatal Error] :1:1: Premature end of file.
2026-08-08 00:04:35,328 [ERROR] LogOutputStream:74 - [STDERR_REDIRECT] 
2026-08-08 00:04:36,332 [ERROR] LogOutputStream:74 - [STDERR_REDIRECT] [Fatal Error] :1:1: Premature end of file.
2026-08-08 00:04:36,332 [ERROR] LogOutputStream:74 - [STDERR_REDIRECT] 
2026-08-08 00:04:37,348 [ERROR] LogOutputStream:74 - [STDERR_REDIRECT] [Fatal Error] :1:1: Premature end of file.
2026-08-08 00:04:37,349 [ERROR] LogOutputStream:74 - [STDERR_REDIRECT] 
2026-08-08 00:04:38,329 [ERROR] LogOutputStream:74 - [STDERR_REDIRECT] [Fatal Error] :1:1: Premature end of file.
2026-08-08 00:04:38,329 [ERROR] LogOutputStream:74 - [STDERR_REDIRECT] 
2026-08-08 00:04:39,334 [ERROR] LogOutputStream:74 - [STDERR_REDIRECT] [Fatal Error] :1:1: Premature end of file.
2026-08-08 00:04:39,334 [ERROR] LogOutputStream:74 - [STDERR_REDIRECT] 
2026-08-08 00:04:40,327 [ERROR] LogOutputStream:74 - [STDERR_REDIRECT] [Fatal Error] :1:1: Premature end of file.
2026-08-08 00:04:40,328 [ERROR] LogOutputStream:74 - [STDERR_REDIRECT] 
2026-08-08 00:04:41,337 [ERROR] LogOutputStream:74 - [STDERR_REDIRECT] [Fatal Error] :1:1: Premature end of file.
2026-08-08 00:04:41,338 [ERROR] LogOutputStream:74 - [STDERR_REDIRECT] 
2026-08-08 00:04:42,338 [ERROR] LogOutputStream:74 - [STDERR_REDIRECT] [Fatal Error] :1:1: Premature end of file.
2026-08-08 00:04:42,338 [ERROR] LogOutputStream:74 - [STDERR_REDIRECT] 
2026-08-08 00:04:43,328 [ERROR] LogOutputStream:74 - [STDERR_REDIRECT] [Fatal Error] :1:1: Premature end of file.
2026-08-08 00:04:43,328 [ERROR] LogOutputStream:74 - [STDERR_REDIRECT] 
2026-08-08 00:04:44,329 [ERROR] LogOutputStream:74 - [STDERR_REDIRECT] [Fatal Error] :1:1: Premature end of file.
2026-08-08 00:04:44,329 [ERROR] LogOutputStream:74 - [STDERR_REDIRECT] 
2026-08-08 00:04:45,333 [ERROR] LogOutputStream:74 - [STDERR_REDIRECT] [Fatal Error] :1:1: Premature end of file.
2026-08-08 00:04:45,334 [ERROR] LogOutputStream:74 - [STDERR_REDIRECT] 
2026-08-08 00:04:46,332 [ERROR] LogOutputStream:74 - [STDERR_REDIRECT] [Fatal Error] :1:1: Premature end of file.
2026-08-08 00:04:46,332 [ERROR] LogOutputStream:74 - [STDERR_REDIRECT] 
2026-08-08 00:04:47,334 [ERROR] LogOutputStream:74 - [STDERR_REDIRECT] [Fatal Error] :1:1: Premature end of file.
2026-08-08 00:04:47,334 [ERROR] LogOutputStream:74 - [STDERR_REDIRECT] 
2026-08-08 00:04:48,335 [ERROR] LogOutputStream:74 - [STDERR_REDIRECT] [Fatal Error] :1:1: Premature end of file.
2026-08-08 00:04:48,335 [ERROR] LogOutputStream:74 - [STDERR_REDIRECT] 
2026-08-08 00:04:49,339 [ERROR] LogOutputStream:74 - [STDERR_REDIRECT] [Fatal Error] :1:1: Premature end of file.
2026-08-08 00:04:49,339 [ERROR] LogOutputStream:74 - [STDERR_REDIRECT] 
2026-08-08 00:04:50,333 [ERROR] LogOutputStream:74 - [STDERR_REDIRECT] [Fatal Error] :1:1: Premature end of file.
2026-08-08 00:04:50,333 [ERROR] LogOutputStream:74 - [STDERR_REDIRECT] 
2026-08-08 00:04:51,335 [ERROR] LogOutputStream:74 - [STDERR_REDIRECT] [Fatal Error] :1:1: Premature end of file.
2026-08-08 00:04:51,335 [ERROR] LogOutputStream:74 - [STDERR_REDIRECT] 
2026-08-08 00:04:52,333 [ERROR] LogOutputStream:74 - [STDERR_REDIRECT] [Fatal Error] :1:1: Premature end of file.
2026-08-08 00:04:52,333 [ERROR] LogOutputStream:74 - [STDERR_REDIRECT] 
2026-08-08 00:04:53,334 [ERROR] LogOutputStream:74 - [STDERR_REDIRECT] [Fatal Error] :1:1: Premature end of file.
2026-08-08 00:04:53,334 [ERROR] LogOutputStream:74 - [STDERR_REDIRECT] 
2026-08-08 00:04:54,326 [ERROR] LogOutputStream:74 - [STDERR_REDIRECT] [Fatal Error] :1:1: Premature end of file.
2026-08-08 00:04:54,326 [ERROR] LogOutputStream:74 - [STDERR_REDIRECT] 
2026-08-08 00:04:55,710 [ERROR] LogOutputStream:74 - [STDERR_REDIRECT] [Fatal Error] :1:1: Premature end of file.
2026-08-08 00:04:55,710 [ERROR] LogOutputStream:74 - [STDERR_REDIRECT] 
2026-08-08 00:04:56,332 [ERROR] LogOutputStream:74 - [STDERR_REDIRECT] [Fatal Error] :1:1: Premature end of file.
2026-08-08 00:04:56,333 [ERROR] LogOutputStream:74 - [STDERR_REDIRECT] 
2026-08-08 00:04:57,337 [ERROR] LogOutputStream:74 - [STDERR_REDIRECT] [Fatal Error] :1:1: Premature end of file.
2026-08-08 00:04:57,337 [ERROR] LogOutputStream:74 - [STDERR_REDIRECT] 
2026-08-08 00:04:58,325 [ERROR] LogOutputStream:74 - [STDERR_REDIRECT] [Fatal Error] :1:1: Premature end of file.
2026-08-08 00:04:58,326 [ERROR] LogOutputStream:74 - [STDERR_REDIRECT] 
2026-08-08 00:04:59,326 [ERROR] LogOutputStream:74 - [STDERR_REDIRECT] [Fatal Error] :1:1: Premature end of file.
2026-08-08 00:04:59,326 [ERROR] LogOutputStream:74 - [STDERR_REDIRECT] 
2026-08-08 00:05:00,329 [ERROR] LogOutputStream:74 - [STDERR_REDIRECT] [Fatal Error] :1:1: Premature end of file.
2026-08-08 00:05:00,329 [ERROR] LogOutputStream:74 - [STDERR_REDIRECT] 
2026-08-08 00:05:01,335 [ERROR] LogOutputStream:74 - [STDERR_REDIRECT] [Fatal Error] :1:1: Premature end of file.
2026-08-08 00:05:01,335 [ERROR] LogOutputStream:74 - [STDERR_REDIRECT] 
2026-08-08 00:05:02,327 [ERROR] LogOutputStream:74 - [STDERR_REDIRECT] [Fatal Error] :1:1: Premature end of file.
2026-08-08 00:05:02,327 [ERROR] LogOutputStream:74 - [STDERR_REDIRECT] 
2026-08-08 00:05:03,328 [ERROR] LogOutputStream:74 - [STDERR_REDIRECT] [Fatal Error] :1:1: Premature end of file.
2026-08-08 00:05:03,328 [ERROR] LogOutputStream:74 - [STDERR_REDIRECT] 
2026-08-08 00:05:04,323 [ERROR] LogOutputStream:74 - [STDERR_REDIRECT] [Fatal Error] :1:1: Premature end of file.
2026-08-08 00:05:04,323 [ERROR] LogOutputStream:74 - [STDERR_REDIRECT] 
2026-08-08 00:05:05,325 [ERROR] LogOutputStream:74 - [STDERR_REDIRECT] [Fatal Error] :1:1: Premature end of file.
2026-08-08 00:05:05,325 [ERROR] LogOutputStream:74 - [STDERR_REDIRECT] 
2026-08-08 00:05:06,330 [ERROR] LogOutputStream:74 - [STDERR_REDIRECT] [Fatal Error] :1:1: Premature end of file.
2026-08-08 00:05:06,330 [ERROR] LogOutputStream:74 - [STDERR_REDIRECT] 
2026-08-08 00:05:07,330 [ERROR] LogOutputStream:74 - [STDERR_REDIRECT] [Fatal Error] :1:1: Premature end of file.
2026-08-08 00:05:07,331 [ERROR] LogOutputStream:74 - [STDERR_REDIRECT] 
2026-08-08 00:05:08,333 [ERROR] LogOutputStream:74 - [STDERR_REDIRECT] [Fatal Error] :1:1: Premature end of file.
2026-08-08 00:05:08,333 [ERROR] LogOutputStream:74 - [STDERR_REDIRECT] 
2026-08-08 00:05:09,320 [ERROR] LogOutputStream:74 - [STDERR_REDIRECT] [Fatal Error] :1:1: Premature end of file.
2026-08-08 00:05:09,320 [ERROR] LogOutputStream:74 - [STDERR_REDIRECT] 
2026-08-08 00:05:10,324 [ERROR] LogOutputStream:74 - [STDERR_REDIRECT] [Fatal Error] :1:1: Premature end of file.
2026-08-08 00:05:10,324 [ERROR] LogOutputStream:74 - [STDERR_REDIRECT] 
2026-08-08 00:05:11,321 [ERROR] LogOutputStream:74 - [STDERR_REDIRECT] [Fatal Error] :1:1: Premature end of file.
2026-08-08 00:05:11,321 [ERROR] LogOutputStream:74 - [STDERR_REDIRECT] 
2026-08-08 00:05:12,325 [ERROR] LogOutputStream:74 - [STDERR_REDIRECT] [Fatal Error] :1:1: Premature end of file.
2026-08-08 00:05:12,325 [ERROR] LogOutputStream:74 - [STDERR_REDIRECT] 
2026-08-08 00:05:13,330 [ERROR] LogOutputStream:74 - [STDERR_REDIRECT] [Fatal Error] :1:1: Premature end of file.
2026-08-08 00:05:13,330 [ERROR] LogOutputStream:74 - [STDERR_REDIRECT] 
2026-08-08 00:05:14,333 [ERROR] LogOutputStream:74 - [STDERR_REDIRECT] [Fatal Error] :1:1: Premature end of file.
2026-08-08 00:05:14,333 [ERROR] LogOutputStream:74 - [STDERR_REDIRECT] 
2026-08-08 00:05:15,335 [ERROR] LogOutputStream:74 - [STDERR_REDIRECT] [Fatal Error] :1:1: Premature end of file.
2026-08-08 00:05:15,335 [ERROR] LogOutputStream:74 - [STDERR_REDIRECT] 
2026-08-08 00:05:16,323 [ERROR] LogOutputStream:74 - [STDERR_REDIRECT] [Fatal Error] :1:1: Premature end of file.
2026-08-08 00:05:16,323 [ERROR] LogOutputStream:74 - [STDERR_REDIRECT] 
2026-08-08 00:05:17,324 [ERROR] LogOutputStream:74 - [STDERR_REDIRECT] [Fatal Error] :1:1: Premature end of file.
2026-08-08 00:05:17,324 [ERROR] LogOutputStream:74 - [STDERR_REDIRECT] 
2026-08-08 00:05:18,322 [ERROR] LogOutputStream:74 - [STDERR_REDIRECT] [Fatal Error] :1:1: Premature end of file.
2026-08-08 00:05:18,322 [ERROR] LogOutputStream:74 - [STDERR_REDIRECT] 
2026-08-08 00:05:19,325 [ERROR] LogOutputStream:74 - [STDERR_REDIRECT] [Fatal Error] :1:1: Premature end of file.
2026-08-08 00:05:19,325 [ERROR] LogOutputStream:74 - [STDERR_REDIRECT] 
2026-08-08 00:05:20,327 [ERROR] LogOutputStream:74 - [STDERR_REDIRECT] [Fatal Error] :1:1: Premature end of file.
2026-08-08 00:05:20,328 [ERROR] LogOutputStream:74 - [STDERR_REDIRECT] 
2026-08-08 00:05:21,326 [ERROR] LogOutputStream:74 - [STDERR_REDIRECT] [Fatal Error] :1:1: Premature end of file.
2026-08-08 00:05:21,326 [ERROR] LogOutputStream:74 - [STDERR_REDIRECT] 
2026-08-08 00:05:22,331 [ERROR] LogOutputStream:74 - [STDERR_REDIRECT] [Fatal Error] :1:1: Premature end of file.
2026-08-08 00:05:22,331 [ERROR] LogOutputStream:74 - [STDERR_REDIRECT] 
2026-08-08 00:05:23,332 [ERROR] LogOutputStream:74 - [STDERR_REDIRECT] [Fatal Error] :1:1: Premature end of file.
2026-08-08 00:05:23,333 [ERROR] LogOutputStream:74 - [STDERR_REDIRECT] 
2026-08-08 00:05:24,329 [ERROR] LogOutputStream:74 - [STDERR_REDIRECT] [Fatal Error] :1:1: Premature end of file.
2026-08-08 00:05:24,329 [ERROR] LogOutputStream:74 - [STDERR_REDIRECT] 
2026-08-08 00:05:25,326 [ERROR] LogOutputStream:74 - [STDERR_REDIRECT] [Fatal Error] :1:1: Premature end of file.
2026-08-08 00:05:25,326 [ERROR] LogOutputStream:74 - [STDERR_REDIRECT] 
2026-08-08 00:05:26,328 [ERROR] LogOutputStream:74 - [STDERR_REDIRECT] [Fatal Error] :1:1: Premature end of file.
2026-08-08 00:05:26,328 [ERROR] LogOutputStream:74 - [STDERR_REDIRECT] 
2026-08-08 00:05:27,333 [ERROR] LogOutputStream:74 - [STDERR_REDIRECT] [Fatal Error] :1:1: Premature end of file.
2026-08-08 00:05:27,333 [ERROR] LogOutputStream:74 - [STDERR_REDIRECT] 
2026-08-08 00:05:28,323 [ERROR] LogOutputStream:74 - [STDERR_REDIRECT] [Fatal Error] :1:1: Premature end of file.
2026-08-08 00:05:28,323 [ERROR] LogOutputStream:74 - [STDERR_REDIRECT] 
2026-08-08 00:05:29,326 [ERROR] LogOutputStream:74 - [STDERR_REDIRECT] [Fatal Error] :1:1: Premature end of file.
2026-08-08 00:05:29,327 [ERROR] LogOutputStream:74 - [STDERR_REDIRECT] 
2026-08-08 00:05:30,329 [ERROR] LogOutputStream:74 - [STDERR_REDIRECT] [Fatal Error] :1:1: Premature end of file.
2026-08-08 00:05:30,330 [ERROR] LogOutputStream:74 - [STDERR_REDIRECT] 
2026-08-08 00:05:31,321 [ERROR] LogOutputStream:74 - [STDERR_REDIRECT] [Fatal Error] :1:1: Premature end of file.
2026-08-08 00:05:31,322 [ERROR] LogOutputStream:74 - [STDERR_REDIRECT] 
2026-08-08 00:05:32,323 [ERROR] LogOutputStream:74 - [STDERR_REDIRECT] [Fatal Error] :1:1: Premature end of file.
2026-08-08 00:05:32,323 [ERROR] LogOutputStream:74 - [STDERR_REDIRECT] 
2026-08-08 00:05:33,326 [ERROR] LogOutputStream:74 - [STDERR_REDIRECT] [Fatal Error] :1:1: Premature end of file.
2026-08-08 00:05:33,326 [ERROR] LogOutputStream:74 - [STDERR_REDIRECT] 
2026-08-08 00:05:34,330 [ERROR] LogOutputStream:74 - [STDERR_REDIRECT] [Fatal Error] :1:1: Premature end of file.
2026-08-08 00:05:34,330 [ERROR] LogOutputStream:74 - [STDERR_REDIRECT] 
2026-08-08 00:05:35,334 [ERROR] LogOutputStream:74 - [STDERR_REDIRECT] [Fatal Error] :1:1: Premature end of file.
2026-08-08 00:05:35,334 [ERROR] LogOutputStream:74 - [STDERR_REDIRECT] 
2026-08-08 00:05:36,323 [ERROR] LogOutputStream:74 - [STDERR_REDIRECT] [Fatal Error] :1:1: Premature end of file.
2026-08-08 00:05:36,323 [ERROR] LogOutputStream:74 - [STDERR_REDIRECT] 
2026-08-08 00:05:37,331 [ERROR] LogOutputStream:74 - [STDERR_REDIRECT] [Fatal Error] :1:1: Premature end of file.
2026-08-08 00:05:37,331 [ERROR] LogOutputStream:74 - [STDERR_REDIRECT] 
2026-08-08 00:05:38,331 [ERROR] LogOutputStream:74 - [STDERR_REDIRECT] [Fatal Error] :1:1: Premature end of file.
2026-08-08 00:05:38,331 [ERROR] LogOutputStream:74 - [STDERR_REDIRECT] 
2026-08-08 00:05:39,333 [ERROR] LogOutputStream:74 - [STDERR_REDIRECT] [Fatal Error] :1:1: Premature end of file.
2026-08-08 00:05:39,333 [ERROR] LogOutputStream:74 - [STDERR_REDIRECT] 
2026-08-08 00:05:40,332 [ERROR] LogOutputStream:74 - [STDERR_REDIRECT] [Fatal Error] :1:1: Premature end of file.
2026-08-08 00:05:40,332 [ERROR] LogOutputStream:74 - [STDERR_REDIRECT] 
2026-08-08 00:05:41,331 [ERROR] LogOutputStream:74 - [STDERR_REDIRECT] [Fatal Error] :1:1: Premature end of file.
2026-08-08 00:05:41,331 [ERROR] LogOutputStream:74 - [STDERR_REDIRECT] 
2026-08-08 00:05:42,331 [ERROR] LogOutputStream:74 - [STDERR_REDIRECT] [Fatal Error] :1:1: Premature end of file.
2026-08-08 00:05:42,331 [ERROR] LogOutputStream:74 - [STDERR_REDIRECT] 
2026-08-08 00:05:43,334 [ERROR] LogOutputStream:74 - [STDERR_REDIRECT] [Fatal Error] :1:1: Premature end of file.
2026-08-08 00:05:43,334 [ERROR] LogOutputStream:74 - [STDERR_REDIRECT] 
2026-08-08 00:05:44,324 [ERROR] LogOutputStream:74 - [STDERR_REDIRECT] [Fatal Error] :1:1: Premature end of file.
2026-08-08 00:05:44,324 [ERROR] LogOutputStream:74 - [STDERR_REDIRECT] 
2026-08-08 00:05:45,333 [ERROR] LogOutputStream:74 - [STDERR_REDIRECT] [Fatal Error] :1:1: Premature end of file.
2026-08-08 00:05:45,334 [ERROR] LogOutputStream:74 - [STDERR_REDIRECT] 
2026-08-08 00:05:46,322 [ERROR] LogOutputStream:74 - [STDERR_REDIRECT] [Fatal Error] :1:1: Premature end of file.
2026-08-08 00:05:46,322 [ERROR] LogOutputStream:74 - [STDERR_REDIRECT] 
2026-08-08 00:05:47,324 [ERROR] LogOutputStream:74 - [STDERR_REDIRECT] [Fatal Error] :1:1: Premature end of file.
2026-08-08 00:05:47,324 [ERROR] LogOutputStream:74 - [STDERR_REDIRECT] 
2026-08-08 00:05:48,334 [ERROR] LogOutputStream:74 - [STDERR_REDIRECT] [Fatal Error] :1:1: Premature end of file.
2026-08-08 00:05:48,334 [ERROR] LogOutputStream:74 - [STDERR_REDIRECT] 
2026-08-08 00:05:49,319 [ERROR] LogOutputStream:74 - [STDERR_REDIRECT] [Fatal Error] :1:1: Premature end of file.
2026-08-08 00:05:49,320 [ERROR] LogOutputStream:74 - [STDERR_REDIRECT] 
2026-08-08 00:05:50,325 [ERROR] LogOutputStream:74 - [STDERR_REDIRECT] [Fatal Error] :1:1: Premature end of file.
2026-08-08 00:05:50,326 [ERROR] LogOutputStream:74 - [STDERR_REDIRECT] 
2026-08-08 00:05:51,333 [ERROR] LogOutputStream:74 - [STDERR_REDIRECT] [Fatal Error] :1:1: Premature end of file.
2026-08-08 00:05:51,333 [ERROR] LogOutputStream:74 - [STDERR_REDIRECT] 
2026-08-08 00:05:52,326 [ERROR] LogOutputStream:74 - [STDERR_REDIRECT] [Fatal Error] :1:1: Premature end of file.
2026-08-08 00:05:52,327 [ERROR] LogOutputStream:74 - [STDERR_REDIRECT] 
2026-08-08 00:05:53,328 [ERROR] LogOutputStream:74 - [STDERR_REDIRECT] [Fatal Error] :1:1: Premature end of file.
2026-08-08 00:05:53,328 [ERROR] LogOutputStream:74 - [STDERR_REDIRECT] 
2026-08-08 00:05:54,335 [ERROR] LogOutputStream:74 - [STDERR_REDIRECT] [Fatal Error] :1:1: Premature end of file.
2026-08-08 00:05:54,335 [ERROR] LogOutputStream:74 - [STDERR_REDIRECT] 
2026-08-08 00:05:55,321 [ERROR] LogOutputStream:74 - [STDERR_REDIRECT] [Fatal Error] :1:1: Premature end of file.
2026-08-08 00:05:55,321 [ERROR] LogOutputStream:74 - [STDERR_REDIRECT] 
2026-08-08 00:05:56,324 [ERROR] LogOutputStream:74 - [STDERR_REDIRECT] [Fatal Error] :1:1: Premature end of file.
2026-08-08 00:05:56,324 [ERROR] LogOutputStream:74 - [STDERR_REDIRECT] 
2026-08-08 00:05:57,332 [ERROR] LogOutputStream:74 - [STDERR_REDIRECT] [Fatal Error] :1:1: Premature end of file.
2026-08-08 00:05:57,333 [ERROR] LogOutputStream:74 - [STDERR_REDIRECT] 
2026-08-08 00:05:58,321 [ERROR] LogOutputStream:74 - [STDERR_REDIRECT] [Fatal Error] :1:1: Premature end of file.
2026-08-08 00:05:58,321 [ERROR] LogOutputStream:74 - [STDERR_REDIRECT] 
2026-08-08 00:05:59,331 [ERROR] LogOutputStream:74 - [STDERR_REDIRECT] [Fatal Error] :1:1: Premature end of file.
2026-08-08 00:05:59,331 [ERROR] LogOutputStream:74 - [STDERR_REDIRECT] 
2026-08-08 00:06:00,328 [ERROR] LogOutputStream:74 - [STDERR_REDIRECT] [Fatal Error] :1:1: Premature end of file.
2026-08-08 00:06:00,328 [ERROR] LogOutputStream:74 - [STDERR_REDIRECT] 
2026-08-08 00:06:01,656 [ERROR] LogOutputStream:74 - [STDERR_REDIRECT] [Fatal Error] :1:1: Premature end of file.
2026-08-08 00:06:01,657 [ERROR] LogOutputStream:74 - [STDERR_REDIRECT] 
2026-08-08 00:06:02,335 [ERROR] LogOutputStream:74 - [STDERR_REDIRECT] [Fatal Error] :1:1: Premature end of file.
2026-08-08 00:06:02,336 [ERROR] LogOutputStream:74 - [STDERR_REDIRECT] 
2026-08-08 00:06:03,326 [ERROR] LogOutputStream:74 - [STDERR_REDIRECT] [Fatal Error] :1:1: Premature end of file.
2026-08-08 00:06:03,326 [ERROR] LogOutputStream:74 - [STDERR_REDIRECT] 
2026-08-08 00:06:04,330 [ERROR] LogOutputStream:74 - [STDERR_REDIRECT] [Fatal Error] :1:1: Premature end of file.
2026-08-08 00:06:04,330 [ERROR] LogOutputStream:74 - [STDERR_REDIRECT] 
2026-08-08 00:06:05,338 [ERROR] LogOutputStream:74 - [STDERR_REDIRECT] [Fatal Error] :1:1: Premature end of file.
2026-08-08 00:06:05,338 [ERROR] LogOutputStream:74 - [STDERR_REDIRECT] 
2026-08-08 00:06:06,323 [ERROR] LogOutputStream:74 - [STDERR_REDIRECT] [Fatal Error] :1:1: Premature end of file.
2026-08-08 00:06:06,323 [ERROR] LogOutputStream:74 - [STDERR_REDIRECT] 
2026-08-08 00:06:07,331 [ERROR] LogOutputStream:74 - [STDERR_REDIRECT] [Fatal Error] :1:1: Premature end of file.
2026-08-08 00:06:07,331 [ERROR] LogOutputStream:74 - [STDERR_REDIRECT] 
2026-08-08 00:06:08,335 [ERROR] LogOutputStream:74 - [STDERR_REDIRECT] [Fatal Error] :1:1: Premature end of file.
2026-08-08 00:06:08,335 [ERROR] LogOutputStream:74 - [STDERR_REDIRECT] 
2026-08-08 00:06:09,324 [ERROR] LogOutputStream:74 - [STDERR_REDIRECT] [Fatal Error] :1:1: Premature end of file.
2026-08-08 00:06:09,324 [ERROR] LogOutputStream:74 - [STDERR_REDIRECT] 
2026-08-08 00:06:10,326 [ERROR] LogOutputStream:74 - [STDERR_REDIRECT] [Fatal Error] :1:1: Premature end of file.
2026-08-08 00:06:10,326 [ERROR] LogOutputStream:74 - [STDERR_REDIRECT] 
2026-08-08 00:06:11,332 [ERROR] LogOutputStream:74 - [STDERR_REDIRECT] [Fatal Error] :1:1: Premature end of file.
2026-08-08 00:06:11,333 [ERROR] LogOutputStream:74 - [STDERR_REDIRECT] 
2026-08-08 00:06:12,333 [ERROR] LogOutputStream:74 - [STDERR_REDIRECT] [Fatal Error] :1:1: Premature end of file.
2026-08-08 00:06:12,333 [ERROR] LogOutputStream:74 - [STDERR_REDIRECT] 
2026-08-08 00:06:13,322 [ERROR] LogOutputStream:74 - [STDERR_REDIRECT] [Fatal Error] :1:1: Premature end of file.
2026-08-08 00:06:13,322 [ERROR] LogOutputStream:74 - [STDERR_REDIRECT] 
2026-08-08 00:06:14,325 [ERROR] LogOutputStream:74 - [STDERR_REDIRECT] [Fatal Error] :1:1: Premature end of file.
2026-08-08 00:06:14,325 [ERROR] LogOutputStream:74 - [STDERR_REDIRECT] 
2026-08-08 00:06:15,325 [ERROR] LogOutputStream:74 - [STDERR_REDIRECT] [Fatal Error] :1:1: Premature end of file.
2026-08-08 00:06:15,325 [ERROR] LogOutputStream:74 - [STDERR_REDIRECT] 
2026-08-08 00:06:16,336 [ERROR] LogOutputStream:74 - [STDERR_REDIRECT] [Fatal Error] :1:1: Premature end of file.
2026-08-08 00:06:16,336 [ERROR] LogOutputStream:74 - [STDERR_REDIRECT] 
2026-08-08 00:06:17,327 [ERROR] LogOutputStream:74 - [STDERR_REDIRECT] [Fatal Error] :1:1: Premature end of file.
2026-08-08 00:06:17,327 [ERROR] LogOutputStream:74 - [STDERR_REDIRECT] 
2026-08-08 00:06:18,328 [ERROR] LogOutputStream:74 - [STDERR_REDIRECT] [Fatal Error] :1:1: Premature end of file.
2026-08-08 00:06:18,328 [ERROR] LogOutputStream:74 - [STDERR_REDIRECT] 
2026-08-08 00:06:19,332 [ERROR] LogOutputStream:74 - [STDERR_REDIRECT] [Fatal Error] :1:1: Premature end of file.
2026-08-08 00:06:19,333 [ERROR] LogOutputStream:74 - [STDERR_REDIRECT] 
2026-08-08 00:06:20,337 [ERROR] LogOutputStream:74 - [STDERR_REDIRECT] [Fatal Error] :1:1: Premature end of file.
2026-08-08 00:06:20,337 [ERROR] LogOutputStream:74 - [STDERR_REDIRECT] 
2026-08-08 00:06:21,335 [ERROR] LogOutputStream:74 - [STDERR_REDIRECT] [Fatal Error] :1:1: Premature end of file.
2026-08-08 00:06:21,336 [ERROR] LogOutputStream:74 - [STDERR_REDIRECT] 
2026-08-08 00:06:22,337 [ERROR] LogOutputStream:74 - [STDERR_REDIRECT] [Fatal Error] :1:1: Premature end of file.
2026-08-08 00:06:22,337 [ERROR] LogOutputStream:74 - [STDERR_REDIRECT] 
2026-08-08 00:06:23,322 [ERROR] LogOutputStream:74 - [STDERR_REDIRECT] [Fatal Error] :1:1: Premature end of file.
2026-08-08 00:06:23,322 [ERROR] LogOutputStream:74 - [STDERR_REDIRECT] 
2026-08-08 00:06:24,332 [ERROR] LogOutputStream:74 - [STDERR_REDIRECT] [Fatal Error] :1:1: Premature end of file.
2026-08-08 00:06:24,332 [ERROR] LogOutputStream:74 - [STDERR_REDIRECT] 
2026-08-08 00:06:25,330 [ERROR] LogOutputStream:74 - [STDERR_REDIRECT] [Fatal Error] :1:1: Premature end of file.
2026-08-08 00:06:25,330 [ERROR] LogOutputStream:74 - [STDERR_REDIRECT] 
2026-08-08 00:06:26,331 [ERROR] LogOutputStream:74 - [STDERR_REDIRECT] [Fatal Error] :1:1: Premature end of file.
2026-08-08 00:06:26,332 [ERROR] LogOutputStream:74 - [STDERR_REDIRECT] 
2026-08-08 00:06:27,334 [ERROR] LogOutputStream:74 - [STDERR_REDIRECT] [Fatal Error] :1:1: Premature end of file.
2026-08-08 00:06:27,334 [ERROR] LogOutputStream:74 - [STDERR_REDIRECT] 
2026-08-08 00:06:28,334 [ERROR] LogOutputStream:74 - [STDERR_REDIRECT] [Fatal Error] :1:1: Premature end of file.
2026-08-08 00:06:28,336 [ERROR] LogOutputStream:74 - [STDERR_REDIRECT] 
2026-08-08 00:06:29,333 [ERROR] LogOutputStream:74 - [STDERR_REDIRECT] [Fatal Error] :1:1: Premature end of file.
2026-08-08 00:06:29,334 [ERROR] LogOutputStream:74 - [STDERR_REDIRECT] 
2026-08-08 00:06:30,336 [ERROR] LogOutputStream:74 - [STDERR_REDIRECT] [Fatal Error] :1:1: Premature end of file.
2026-08-08 00:06:30,336 [ERROR] LogOutputStream:74 - [STDERR_REDIRECT] 
2026-08-08 00:06:31,323 [ERROR] LogOutputStream:74 - [STDERR_REDIRECT] [Fatal Error] :1:1: Premature end of file.
2026-08-08 00:06:31,323 [ERROR] LogOutputStream:74 - [STDERR_REDIRECT] 
2026-08-08 00:06:32,321 [ERROR] LogOutputStream:74 - [STDERR_REDIRECT] [Fatal Error] :1:1: Premature end of file.
2026-08-08 00:06:32,322 [ERROR] LogOutputStream:74 - [STDERR_REDIRECT] 
2026-08-08 00:06:33,327 [ERROR] LogOutputStream:74 - [STDERR_REDIRECT] [Fatal Error] :1:1: Premature end of file.
2026-08-08 00:06:33,327 [ERROR] LogOutputStream:74 - [STDERR_REDIRECT] 
2026-08-08 00:06:34,327 [ERROR] LogOutputStream:74 - [STDERR_REDIRECT] [Fatal Error] :1:1: Premature end of file.
2026-08-08 00:06:34,328 [ERROR] LogOutputStream:74 - [STDERR_REDIRECT] 
2026-08-08 00:06:35,335 [ERROR] LogOutputStream:74 - [STDERR_REDIRECT] [Fatal Error] :1:1: Premature end of file.
2026-08-08 00:06:35,336 [ERROR] LogOutputStream:74 - [STDERR_REDIRECT] 
2026-08-08 00:06:36,333 [ERROR] LogOutputStream:74 - [STDERR_REDIRECT] [Fatal Error] :1:1: Premature end of file.
2026-08-08 00:06:36,333 [ERROR] LogOutputStream:74 - [STDERR_REDIRECT] 
2026-08-08 00:06:37,324 [ERROR] LogOutputStream:74 - [STDERR_REDIRECT] [Fatal Error] :1:1: Premature end of file.
2026-08-08 00:06:37,324 [ERROR] LogOutputStream:74 - [STDERR_REDIRECT] 
2026-08-08 00:06:38,330 [ERROR] LogOutputStream:74 - [STDERR_REDIRECT] [Fatal Error] :1:1: Premature end of file.
2026-08-08 00:06:38,331 [ERROR] LogOutputStream:74 - [STDERR_REDIRECT] 
2026-08-08 00:06:39,320 [ERROR] LogOutputStream:74 - [STDERR_REDIRECT] [Fatal Error] :1:1: Premature end of file.
2026-08-08 00:06:39,320 [ERROR] LogOutputStream:74 - [STDERR_REDIRECT] 
2026-08-08 00:06:40,326 [ERROR] LogOutputStream:74 - [STDERR_REDIRECT] [Fatal Error] :1:1: Premature end of file.
2026-08-08 00:06:40,326 [ERROR] LogOutputStream:74 - [STDERR_REDIRECT] 
2026-08-08 00:06:41,325 [ERROR] LogOutputStream:74 - [STDERR_REDIRECT] [Fatal Error] :1:1: Premature end of file.
2026-08-08 00:06:41,325 [ERROR] LogOutputStream:74 - [STDERR_REDIRECT] 
2026-08-08 00:06:42,328 [ERROR] LogOutputStream:74 - [STDERR_REDIRECT] [Fatal Error] :1:1: Premature end of file.
2026-08-08 00:06:42,329 [ERROR] LogOutputStream:74 - [STDERR_REDIRECT] 
2026-08-08 00:06:43,334 [ERROR] LogOutputStream:74 - [STDERR_REDIRECT] [Fatal Error] :1:1: Premature end of file.
2026-08-08 00:06:43,334 [ERROR] LogOutputStream:74 - [STDERR_REDIRECT] 
2026-08-08 00:06:44,335 [ERROR] LogOutputStream:74 - [STDERR_REDIRECT] [Fatal Error] :1:1: Premature end of file.
2026-08-08 00:06:44,335 [ERROR] LogOutputStream:74 - [STDERR_REDIRECT] 
2026-08-08 00:06:45,326 [ERROR] LogOutputStream:74 - [STDERR_REDIRECT] [Fatal Error] :1:1: Premature end of file.
2026-08-08 00:06:45,326 [ERROR] LogOutputStream:74 - [STDERR_REDIRECT] 
2026-08-08 00:06:46,325 [ERROR] LogOutputStream:74 - [STDERR_REDIRECT] [Fatal Error] :1:1: Premature end of file.
2026-08-08 00:06:46,325 [ERROR] LogOutputStream:74 - [STDERR_REDIRECT] 
2026-08-08 00:06:47,336 [ERROR] LogOutputStream:74 - [STDERR_REDIRECT] [Fatal Error] :1:1: Premature end of file.
2026-08-08 00:06:47,336 [ERROR] LogOutputStream:74 - [STDERR_REDIRECT] 
2026-08-08 00:06:48,322 [ERROR] LogOutputStream:74 - [STDERR_REDIRECT] [Fatal Error] :1:1: Premature end of file.
2026-08-08 00:06:48,322 [ERROR] LogOutputStream:74 - [STDERR_REDIRECT] 
2026-08-08 00:06:49,471 [ERROR] LogOutputStream:74 - [STDERR_REDIRECT] [Fatal Error] :1:1: Premature end of file.
2026-08-08 00:06:49,471 [ERROR] LogOutputStream:74 - [STDERR_REDIRECT] 
2026-08-08 00:06:50,334 [ERROR] LogOutputStream:74 - [STDERR_REDIRECT] [Fatal Error] :1:1: Premature end of file.
2026-08-08 00:06:50,334 [ERROR] LogOutputStream:74 - [STDERR_REDIRECT] 
2026-08-08 00:06:51,336 [ERROR] LogOutputStream:74 - [STDERR_REDIRECT] [Fatal Error] :1:1: Premature end of file.
2026-08-08 00:06:51,337 [ERROR] LogOutputStream:74 - [STDERR_REDIRECT] 
2026-08-08 00:06:52,321 [ERROR] LogOutputStream:74 - [STDERR_REDIRECT] [Fatal Error] :1:1: Premature end of file.
2026-08-08 00:06:52,322 [ERROR] LogOutputStream:74 - [STDERR_REDIRECT] 
2026-08-08 00:06:53,328 [ERROR] LogOutputStream:74 - [STDERR_REDIRECT] [Fatal Error] :1:1: Premature end of file.
2026-08-08 00:06:53,329 [ERROR] LogOutputStream:74 - [STDERR_REDIRECT] 
2026-08-08 00:06:54,335 [ERROR] LogOutputStream:74 - [STDERR_REDIRECT] [Fatal Error] :1:1: Premature end of file.
2026-08-08 00:06:54,336 [ERROR] LogOutputStream:74 - [STDERR_REDIRECT] 
2026-08-08 00:06:55,326 [ERROR] LogOutputStream:74 - [STDERR_REDIRECT] [Fatal Error] :1:1: Premature end of file.
2026-08-08 00:06:55,327 [ERROR] LogOutputStream:74 - [STDERR_REDIRECT] 
2026-08-08 00:06:56,330 [ERROR] LogOutputStream:74 - [STDERR_REDIRECT] [Fatal Error] :1:1: Premature end of file.
2026-08-08 00:06:56,331 [ERROR] LogOutputStream:74 - [STDERR_REDIRECT] 
2026-08-08 00:06:57,324 [ERROR] LogOutputStream:74 - [STDERR_REDIRECT] [Fatal Error] :1:1: Premature end of file.
2026-08-08 00:06:57,324 [ERROR] LogOutputStream:74 - [STDERR_REDIRECT] 
2026-08-08 00:06:58,333 [ERROR] LogOutputStream:74 - [STDERR_REDIRECT] [Fatal Error] :1:1: Premature end of file.
2026-08-08 00:06:58,334 [ERROR] LogOutputStream:74 - [STDERR_REDIRECT] 
2026-08-08 00:06:59,335 [ERROR] LogOutputStream:74 - [STDERR_REDIRECT] [Fatal Error] :1:1: Premature end of file.
2026-08-08 00:06:59,335 [ERROR] LogOutputStream:74 - [STDERR_REDIRECT] 
2026-08-08 00:07:00,330 [ERROR] LogOutputStream:74 - [STDERR_REDIRECT] [Fatal Error] :1:1: Premature end of file.
2026-08-08 00:07:00,330 [ERROR] LogOutputStream:74 - [STDERR_REDIRECT] 
2026-08-08 00:07:01,333 [ERROR] LogOutputStream:74 - [STDERR_REDIRECT] [Fatal Error] :1:1: Premature end of file.
2026-08-08 00:07:01,333 [ERROR] LogOutputStream:74 - [STDERR_REDIRECT] 
2026-08-08 00:07:02,328 [ERROR] LogOutputStream:74 - [STDERR_REDIRECT] [Fatal Error] :1:1: Premature end of file.
2026-08-08 00:07:02,329 [ERROR] LogOutputStream:74 - [STDERR_REDIRECT] 
2026-08-08 00:07:03,332 [ERROR] LogOutputStream:74 - [STDERR_REDIRECT] [Fatal Error] :1:1: Premature end of file.
2026-08-08 00:07:03,332 [ERROR] LogOutputStream:74 - [STDERR_REDIRECT] 
2026-08-08 00:07:04,330 [ERROR] LogOutputStream:74 - [STDERR_REDIRECT] [Fatal Error] :1:1: Premature end of file.
2026-08-08 00:07:04,331 [ERROR] LogOutputStream:74 - [STDERR_REDIRECT] 
2026-08-08 00:07:05,337 [ERROR] LogOutputStream:74 - [STDERR_REDIRECT] [Fatal Error] :1:1: Premature end of file.
2026-08-08 00:07:05,337 [ERROR] LogOutputStream:74 - [STDERR_REDIRECT] 
2026-08-08 00:07:06,328 [ERROR] LogOutputStream:74 - [STDERR_REDIRECT] [Fatal Error] :1:1: Premature end of file.
2026-08-08 00:07:06,329 [ERROR] LogOutputStream:74 - [STDERR_REDIRECT] 
2026-08-08 00:07:07,329 [ERROR] LogOutputStream:74 - [STDERR_REDIRECT] [Fatal Error] :1:1: Premature end of file.
2026-08-08 00:07:07,329 [ERROR] LogOutputStream:74 - [STDERR_REDIRECT] 
2026-08-08 00:07:08,337 [ERROR] LogOutputStream:74 - [STDERR_REDIRECT] [Fatal Error] :1:1: Premature end of file.
2026-08-08 00:07:08,337 [ERROR] LogOutputStream:74 - [STDERR_REDIRECT] 
2026-08-08 00:07:09,325 [ERROR] LogOutputStream:74 - [STDERR_REDIRECT] [Fatal Error] :1:1: Premature end of file.
2026-08-08 00:07:09,325 [ERROR] LogOutputStream:74 - [STDERR_REDIRECT] 
2026-08-08 00:07:10,342 [ERROR] LogOutputStream:74 - [STDERR_REDIRECT] [Fatal Error] :1:1: Premature end of file.
2026-08-08 00:07:10,343 [ERROR] LogOutputStream:74 - [STDERR_REDIRECT] 
2026-08-08 00:07:11,362 [ERROR] LogOutputStream:74 - [STDERR_REDIRECT] [Fatal Error] :1:1: Premature end of file.
2026-08-08 00:07:11,363 [ERROR] LogOutputStream:74 - [STDERR_REDIRECT] 
2026-08-08 00:07:12,338 [ERROR] LogOutputStream:74 - [STDERR_REDIRECT] [Fatal Error] :1:1: Premature end of file.
2026-08-08 00:07:12,338 [ERROR] LogOutputStream:74 - [STDERR_REDIRECT] 
2026-08-08 00:07:13,338 [ERROR] LogOutputStream:74 - [STDERR_REDIRECT] [Fatal Error] :1:1: Premature end of file.
2026-08-08 00:07:13,338 [ERROR] LogOutputStream:74 - [STDERR_REDIRECT] 
2026-08-08 00:07:14,331 [ERROR] LogOutputStream:74 - [STDERR_REDIRECT] [Fatal Error] :1:1: Premature end of file.
2026-08-08 00:07:14,332 [ERROR] LogOutputStream:74 - [STDERR_REDIRECT] 
2026-08-08 00:07:15,350 [ERROR] LogOutputStream:74 - [STDERR_REDIRECT] [Fatal Error] :1:1: Premature end of file.
2026-08-08 00:07:15,351 [ERROR] LogOutputStream:74 - [STDERR_REDIRECT] 
2026-08-08 00:07:16,346 [ERROR] LogOutputStream:74 - [STDERR_REDIRECT] [Fatal Error] :1:1: Premature end of file.
2026-08-08 00:07:16,346 [ERROR] LogOutputStream:74 - [STDERR_REDIRECT] 
2026-08-08 00:07:17,331 [ERROR] LogOutputStream:74 - [STDERR_REDIRECT] [Fatal Error] :1:1: Premature end of file.
2026-08-08 00:07:17,331 [ERROR] LogOutputStream:74 - [STDERR_REDIRECT] 
2026-08-08 00:07:18,324 [ERROR] LogOutputStream:74 - [STDERR_REDIRECT] [Fatal Error] :1:1: Premature end of file.
2026-08-08 00:07:18,324 [ERROR] LogOutputStream:74 - [STDERR_REDIRECT] 
2026-08-08 00:07:19,331 [ERROR] LogOutputStream:74 - [STDERR_REDIRECT] [Fatal Error] :1:1: Premature end of file.
2026-08-08 00:07:19,333 [ERROR] LogOutputStream:74 - [STDERR_REDIRECT] 
2026-08-08 00:07:20,340 [ERROR] LogOutputStream:74 - [STDERR_REDIRECT] [Fatal Error] :1:1: Premature end of file.
2026-08-08 00:07:20,341 [ERROR] LogOutputStream:74 - [STDERR_REDIRECT] 
2026-08-08 00:07:21,358 [ERROR] LogOutputStream:74 - [STDERR_REDIRECT] [Fatal Error] :1:1: Premature end of file.
2026-08-08 00:07:21,358 [ERROR] LogOutputStream:74 - [STDERR_REDIRECT] 
2026-08-08 00:07:22,348 [ERROR] LogOutputStream:74 - [STDERR_REDIRECT] [Fatal Error] :1:1: Premature end of file.
2026-08-08 00:07:22,349 [ERROR] LogOutputStream:74 - [STDERR_REDIRECT] 
2026-08-08 00:07:23,322 [ERROR] LogOutputStream:74 - [STDERR_REDIRECT] [Fatal Error] :1:1: Premature end of file.
2026-08-08 00:07:23,322 [ERROR] LogOutputStream:74 - [STDERR_REDIRECT] 
2026-08-08 00:07:24,324 [ERROR] LogOutputStream:74 - [STDERR_REDIRECT] [Fatal Error] :1:1: Premature end of file.
2026-08-08 00:07:24,324 [ERROR] LogOutputStream:74 - [STDERR_REDIRECT] 
2026-08-08 00:07:25,330 [ERROR] LogOutputStream:74 - [STDERR_REDIRECT] [Fatal Error] :1:1: Premature end of file.
2026-08-08 00:07:25,330 [ERROR] LogOutputStream:74 - [STDERR_REDIRECT] 
2026-08-08 00:07:26,343 [ERROR] LogOutputStream:74 - [STDERR_REDIRECT] [Fatal Error] :1:1: Premature end of file.
2026-08-08 00:07:26,344 [ERROR] LogOutputStream:74 - [STDERR_REDIRECT] 
2026-08-08 00:07:27,331 [ERROR] LogOutputStream:74 - [STDERR_REDIRECT] [Fatal Error] :1:1: Premature end of file.
2026-08-08 00:07:27,331 [ERROR] LogOutputStream:74 - [STDERR_REDIRECT] 
2026-08-08 00:07:28,673 [ERROR] LogOutputStream:74 - [STDERR_REDIRECT] [Fatal Error] :1:1: Premature end of file.
2026-08-08 00:07:28,674 [ERROR] LogOutputStream:74 - [STDERR_REDIRECT] 
2026-08-08 00:07:29,330 [ERROR] LogOutputStream:74 - [STDERR_REDIRECT] [Fatal Error] :1:1: Premature end of file.
2026-08-08 00:07:29,330 [ERROR] LogOutputStream:74 - [STDERR_REDIRECT] 
2026-08-08 00:07:30,332 [ERROR] LogOutputStream:74 - [STDERR_REDIRECT] [Fatal Error] :1:1: Premature end of file.
2026-08-08 00:07:30,333 [ERROR] LogOutputStream:74 - [STDERR_REDIRECT] 
2026-08-08 00:07:31,337 [ERROR] LogOutputStream:74 - [STDERR_REDIRECT] [Fatal Error] :1:1: Premature end of file.
2026-08-08 00:07:31,338 [ERROR] LogOutputStream:74 - [STDERR_REDIRECT] 
2026-08-08 00:07:32,331 [ERROR] LogOutputStream:74 - [STDERR_REDIRECT] [Fatal Error] :1:1: Premature end of file.
2026-08-08 00:07:32,331 [ERROR] LogOutputStream:74 - [STDERR_REDIRECT] 
2026-08-08 00:07:33,334 [ERROR] LogOutputStream:74 - [STDERR_REDIRECT] [Fatal Error] :1:1: Premature end of file.
2026-08-08 00:07:33,334 [ERROR] LogOutputStream:74 - [STDERR_REDIRECT] 
2026-08-08 00:07:34,337 [ERROR] LogOutputStream:74 - [STDERR_REDIRECT] [Fatal Error] :1:1: Premature end of file.
2026-08-08 00:07:34,337 [ERROR] LogOutputStream:74 - [STDERR_REDIRECT] 
2026-08-08 00:07:35,330 [ERROR] LogOutputStream:74 - [STDERR_REDIRECT] [Fatal Error] :1:1: Premature end of file.
2026-08-08 00:07:35,330 [ERROR] LogOutputStream:74 - [STDERR_REDIRECT] 
2026-08-08 00:07:36,334 [ERROR] LogOutputStream:74 - [STDERR_REDIRECT] [Fatal Error] :1:1: Premature end of file.
2026-08-08 00:07:36,335 [ERROR] LogOutputStream:74 - [STDERR_REDIRECT] 
2026-08-08 00:07:37,328 [ERROR] LogOutputStream:74 - [STDERR_REDIRECT] [Fatal Error] :1:1: Premature end of file.
2026-08-08 00:07:37,328 [ERROR] LogOutputStream:74 - [STDERR_REDIRECT] 
2026-08-08 00:07:38,330 [ERROR] LogOutputStream:74 - [STDERR_REDIRECT] [Fatal Error] :1:1: Premature end of file.
2026-08-08 00:07:38,330 [ERROR] LogOutputStream:74 - [STDERR_REDIRECT] 
2026-08-08 00:07:39,333 [ERROR] LogOutputStream:74 - [STDERR_REDIRECT] [Fatal Error] :1:1: Premature end of file.
2026-08-08 00:07:39,333 [ERROR] LogOutputStream:74 - [STDERR_REDIRECT] 
2026-08-08 00:07:40,333 [ERROR] LogOutputStream:74 - [STDERR_REDIRECT] [Fatal Error] :1:1: Premature end of file.
2026-08-08 00:07:40,333 [ERROR] LogOutputStream:74 - [STDERR_REDIRECT] 
2026-08-08 00:07:41,335 [ERROR] LogOutputStream:74 - [STDERR_REDIRECT] [Fatal Error] :1:1: Premature end of file.
2026-08-08 00:07:41,335 [ERROR] LogOutputStream:74 - [STDERR_REDIRECT] 
2026-08-08 00:07:42,327 [ERROR] LogOutputStream:74 - [STDERR_REDIRECT] [Fatal Error] :1:1: Premature end of file.
2026-08-08 00:07:42,327 [ERROR] LogOutputStream:74 - [STDERR_REDIRECT] 
2026-08-08 00:07:43,336 [ERROR] LogOutputStream:74 - [STDERR_REDIRECT] [Fatal Error] :1:1: Premature end of file.
2026-08-08 00:07:43,336 [ERROR] LogOutputStream:74 - [STDERR_REDIRECT] 
2026-08-08 00:07:44,330 [ERROR] LogOutputStream:74 - [STDERR_REDIRECT] [Fatal Error] :1:1: Premature end of file.
2026-08-08 00:07:44,330 [ERROR] LogOutputStream:74 - [STDERR_REDIRECT] 
2026-08-08 00:07:45,334 [ERROR] LogOutputStream:74 - [STDERR_REDIRECT] [Fatal Error] :1:1: Premature end of file.
2026-08-08 00:07:45,334 [ERROR] LogOutputStream:74 - [STDERR_REDIRECT] 
2026-08-08 00:07:46,336 [ERROR] LogOutputStream:74 - [STDERR_REDIRECT] [Fatal Error] :1:1: Premature end of file.
2026-08-08 00:07:46,336 [ERROR] LogOutputStream:74 - [STDERR_REDIRECT] 
2026-08-08 00:07:47,329 [ERROR] LogOutputStream:74 - [STDERR_REDIRECT] [Fatal Error] :1:1: Premature end of file.
2026-08-08 00:07:47,329 [ERROR] LogOutputStream:74 - [STDERR_REDIRECT] 
2026-08-08 00:07:48,332 [ERROR] LogOutputStream:74 - [STDERR_REDIRECT] [Fatal Error] :1:1: Premature end of file.
2026-08-08 00:07:48,333 [ERROR] LogOutputStream:74 - [STDERR_REDIRECT] 
2026-08-08 00:07:49,324 [ERROR] LogOutputStream:74 - [STDERR_REDIRECT] [Fatal Error] :1:1: Premature end of file.
2026-08-08 00:07:49,325 [ERROR] LogOutputStream:74 - [STDERR_REDIRECT] 
2026-08-08 00:07:50,330 [ERROR] LogOutputStream:74 - [STDERR_REDIRECT] [Fatal Error] :1:1: Premature end of file.
2026-08-08 00:07:50,330 [ERROR] LogOutputStream:74 - [STDERR_REDIRECT] 
2026-08-08 00:07:51,337 [ERROR] LogOutputStream:74 - [STDERR_REDIRECT] [Fatal Error] :1:1: Premature end of file.
2026-08-08 00:07:51,337 [ERROR] LogOutputStream:74 - [STDERR_REDIRECT] 
2026-08-08 00:07:52,323 [ERROR] LogOutputStream:74 - [STDERR_REDIRECT] [Fatal Error] :1:1: Premature end of file.
2026-08-08 00:07:52,323 [ERROR] LogOutputStream:74 - [STDERR_REDIRECT] 
2026-08-08 00:07:53,326 [ERROR] LogOutputStream:74 - [STDERR_REDIRECT] [Fatal Error] :1:1: Premature end of file.
2026-08-08 00:07:53,326 [ERROR] LogOutputStream:74 - [STDERR_REDIRECT] 
2026-08-08 00:07:54,323 [ERROR] LogOutputStream:74 - [STDERR_REDIRECT] [Fatal Error] :1:1: Premature end of file.
2026-08-08 00:07:54,323 [ERROR] LogOutputStream:74 - [STDERR_REDIRECT] 
2026-08-08 00:07:55,336 [ERROR] LogOutputStream:74 - [STDERR_REDIRECT] [Fatal Error] :1:1: Premature end of file.
2026-08-08 00:07:55,337 [ERROR] LogOutputStream:74 - [STDERR_REDIRECT] 
2026-08-08 00:07:56,333 [ERROR] LogOutputStream:74 - [STDERR_REDIRECT] [Fatal Error] :1:1: Premature end of file.
2026-08-08 00:07:56,333 [ERROR] LogOutputStream:74 - [STDERR_REDIRECT] 
2026-08-08 00:07:57,326 [ERROR] LogOutputStream:74 - [STDERR_REDIRECT] [Fatal Error] :1:1: Premature end of file.
2026-08-08 00:07:57,326 [ERROR] LogOutputStream:74 - [STDERR_REDIRECT] 
2026-08-08 00:07:58,325 [ERROR] LogOutputStream:74 - [STDERR_REDIRECT] [Fatal Error] :1:1: Premature end of file.
2026-08-08 00:07:58,325 [ERROR] LogOutputStream:74 - [STDERR_REDIRECT] 
2026-08-08 00:07:59,329 [ERROR] LogOutputStream:74 - [STDERR_REDIRECT] [Fatal Error] :1:1: Premature end of file.
2026-08-08 00:07:59,330 [ERROR] LogOutputStream:74 - [STDERR_REDIRECT] 
2026-08-08 00:08:00,332 [ERROR] LogOutputStream:74 - [STDERR_REDIRECT] [Fatal Error] :1:1: Premature end of file.
2026-08-08 00:08:00,332 [ERROR] LogOutputStream:74 - [STDERR_REDIRECT] 
2026-08-08 00:08:01,326 [ERROR] LogOutputStream:74 - [STDERR_REDIRECT] [Fatal Error] :1:1: Premature end of file.
2026-08-08 00:08:01,327 [ERROR] LogOutputStream:74 - [STDERR_REDIRECT] 
2026-08-08 00:08:02,327 [ERROR] LogOutputStream:74 - [STDERR_REDIRECT] [Fatal Error] :1:1: Premature end of file.
2026-08-08 00:08:02,328 [ERROR] LogOutputStream:74 - [STDERR_REDIRECT] 
2026-08-08 00:08:03,326 [ERROR] LogOutputStream:74 - [STDERR_REDIRECT] [Fatal Error] :1:1: Premature end of file.
2026-08-08 00:08:03,326 [ERROR] LogOutputStream:74 - [STDERR_REDIRECT] 
2026-08-08 00:08:04,327 [ERROR] LogOutputStream:74 - [STDERR_REDIRECT] [Fatal Error] :1:1: Premature end of file.
2026-08-08 00:08:04,327 [ERROR] LogOutputStream:74 - [STDERR_REDIRECT] 
2026-08-08 00:08:05,326 [ERROR] LogOutputStream:74 - [STDERR_REDIRECT] [Fatal Error] :1:1: Premature end of file.
2026-08-08 00:08:05,326 [ERROR] LogOutputStream:74 - [STDERR_REDIRECT] 
2026-08-08 00:08:06,336 [ERROR] LogOutputStream:74 - [STDERR_REDIRECT] [Fatal Error] :1:1: Premature end of file.
2026-08-08 00:08:06,337 [ERROR] LogOutputStream:74 - [STDERR_REDIRECT] 
2026-08-08 00:08:07,339 [ERROR] LogOutputStream:74 - [STDERR_REDIRECT] [Fatal Error] :1:1: Premature end of file.
2026-08-08 00:08:07,339 [ERROR] LogOutputStream:74 - [STDERR_REDIRECT] 
2026-08-08 00:08:08,336 [ERROR] LogOutputStream:74 - [STDERR_REDIRECT] [Fatal Error] :1:1: Premature end of file.
2026-08-08 00:08:08,336 [ERROR] LogOutputStream:74 - [STDERR_REDIRECT] 
2026-08-08 00:08:09,338 [ERROR] LogOutputStream:74 - [STDERR_REDIRECT] [Fatal Error] :1:1: Premature end of file.
2026-08-08 00:08:09,338 [ERROR] LogOutputStream:74 - [STDERR_REDIRECT] 
2026-08-08 00:08:10,332 [ERROR] LogOutputStream:74 - [STDERR_REDIRECT] [Fatal Error] :1:1: Premature end of file.
2026-08-08 00:08:10,332 [ERROR] LogOutputStream:74 - [STDERR_REDIRECT] 
2026-08-08 00:08:11,338 [ERROR] LogOutputStream:74 - [STDERR_REDIRECT] [Fatal Error] :1:1: Premature end of file.
2026-08-08 00:08:11,338 [ERROR] LogOutputStream:74 - [STDERR_REDIRECT] 
2026-08-08 00:08:12,355 [ERROR] LogOutputStream:74 - [STDERR_REDIRECT] [Fatal Error] :1:1: Premature end of file.
2026-08-08 00:08:12,355 [ERROR] LogOutputStream:74 - [STDERR_REDIRECT] 
2026-08-08 00:08:13,329 [ERROR] LogOutputStream:74 - [STDERR_REDIRECT] [Fatal Error] :1:1: Premature end of file.
2026-08-08 00:08:13,330 [ERROR] LogOutputStream:74 - [STDERR_REDIRECT] 
2026-08-08 00:08:14,347 [ERROR] LogOutputStream:74 - [STDERR_REDIRECT] [Fatal Error] :1:1: Premature end of file.
2026-08-08 00:08:14,348 [ERROR] LogOutputStream:74 - [STDERR_REDIRECT] 
2026-08-08 00:08:15,328 [ERROR] LogOutputStream:74 - [STDERR_REDIRECT] [Fatal Error] :1:1: Premature end of file.
2026-08-08 00:08:15,328 [ERROR] LogOutputStream:74 - [STDERR_REDIRECT] 
2026-08-08 00:08:16,328 [ERROR] LogOutputStream:74 - [STDERR_REDIRECT] [Fatal Error] :1:1: Premature end of file.
2026-08-08 00:08:16,328 [ERROR] LogOutputStream:74 - [STDERR_REDIRECT] 
2026-08-08 00:08:17,326 [ERROR] LogOutputStream:74 - [STDERR_REDIRECT] [Fatal Error] :1:1: Premature end of file.
2026-08-08 00:08:17,326 [ERROR] LogOutputStream:74 - [STDERR_REDIRECT] 
2026-08-08 00:08:18,325 [ERROR] LogOutputStream:74 - [STDERR_REDIRECT] [Fatal Error] :1:1: Premature end of file.
2026-08-08 00:08:18,325 [ERROR] LogOutputStream:74 - [STDERR_REDIRECT] 
2026-08-08 00:08:19,332 [ERROR] LogOutputStream:74 - [STDERR_REDIRECT] [Fatal Error] :1:1: Premature end of file.
2026-08-08 00:08:19,333 [ERROR] LogOutputStream:74 - [STDERR_REDIRECT] 
2026-08-08 00:08:20,322 [ERROR] LogOutputStream:74 - [STDERR_REDIRECT] [Fatal Error] :1:1: Premature end of file.
2026-08-08 00:08:20,322 [ERROR] LogOutputStream:74 - [STDERR_REDIRECT] 
2026-08-08 00:08:21,321 [ERROR] LogOutputStream:74 - [STDERR_REDIRECT] [Fatal Error] :1:1: Premature end of file.
2026-08-08 00:08:21,322 [ERROR] LogOutputStream:74 - [STDERR_REDIRECT] 
2026-08-08 00:08:22,328 [ERROR] LogOutputStream:74 - [STDERR_REDIRECT] [Fatal Error] :1:1: Premature end of file.
2026-08-08 00:08:22,328 [ERROR] LogOutputStream:74 - [STDERR_REDIRECT] 
2026-08-08 00:08:23,334 [ERROR] LogOutputStream:74 - [STDERR_REDIRECT] [Fatal Error] :1:1: Premature end of file.
2026-08-08 00:08:23,334 [ERROR] LogOutputStream:74 - [STDERR_REDIRECT] 
2026-08-08 00:08:24,338 [ERROR] LogOutputStream:74 - [STDERR_REDIRECT] [Fatal Error] :1:1: Premature end of file.
2026-08-08 00:08:24,338 [ERROR] LogOutputStream:74 - [STDERR_REDIRECT] 
2026-08-08 00:08:25,319 [ERROR] LogOutputStream:74 - [STDERR_REDIRECT] [Fatal Error] :1:1: Premature end of file.
2026-08-08 00:08:25,319 [ERROR] LogOutputStream:74 - [STDERR_REDIRECT] 
2026-08-08 00:08:26,323 [ERROR] LogOutputStream:74 - [STDERR_REDIRECT] [Fatal Error] :1:1: Premature end of file.
2026-08-08 00:08:26,323 [ERROR] LogOutputStream:74 - [STDERR_REDIRECT] 
2026-08-08 00:08:27,327 [ERROR] LogOutputStream:74 - [STDERR_REDIRECT] [Fatal Error] :1:1: Premature end of file.
2026-08-08 00:08:27,328 [ERROR] LogOutputStream:74 - [STDERR_REDIRECT] 
2026-08-08 00:08:28,328 [ERROR] LogOutputStream:74 - [STDERR_REDIRECT] [Fatal Error] :1:1: Premature end of file.
2026-08-08 00:08:28,328 [ERROR] LogOutputStream:74 - [STDERR_REDIRECT] 
2026-08-08 00:08:29,328 [ERROR] LogOutputStream:74 - [STDERR_REDIRECT] [Fatal Error] :1:1: Premature end of file.
2026-08-08 00:08:29,329 [ERROR] LogOutputStream:74 - [STDERR_REDIRECT] 
2026-08-08 00:08:30,334 [ERROR] LogOutputStream:74 - [STDERR_REDIRECT] [Fatal Error] :1:1: Premature end of file.
2026-08-08 00:08:30,334 [ERROR] LogOutputStream:74 - [STDERR_REDIRECT] 
2026-08-08 00:08:31,324 [ERROR] LogOutputStream:74 - [STDERR_REDIRECT] [Fatal Error] :1:1: Premature end of file.
2026-08-08 00:08:31,324 [ERROR] LogOutputStream:74 - [STDERR_REDIRECT] 
2026-08-08 00:08:32,334 [ERROR] LogOutputStream:74 - [STDERR_REDIRECT] [Fatal Error] :1:1: Premature end of file.
2026-08-08 00:08:32,334 [ERROR] LogOutputStream:74 - [STDERR_REDIRECT] 
2026-08-08 00:08:33,336 [ERROR] LogOutputStream:74 - [STDERR_REDIRECT] [Fatal Error] :1:1: Premature end of file.
2026-08-08 00:08:33,336 [ERROR] LogOutputStream:74 - [STDERR_REDIRECT] 
2026-08-08 00:08:34,321 [ERROR] LogOutputStream:74 - [STDERR_REDIRECT] [Fatal Error] :1:1: Premature end of file.
2026-08-08 00:08:34,322 [ERROR] LogOutputStream:74 - [STDERR_REDIRECT] 
2026-08-08 00:08:35,326 [ERROR] LogOutputStream:74 - [STDERR_REDIRECT] [Fatal Error] :1:1: Premature end of file.
2026-08-08 00:08:35,326 [ERROR] LogOutputStream:74 - [STDERR_REDIRECT] 
2026-08-08 00:08:36,331 [ERROR] LogOutputStream:74 - [STDERR_REDIRECT] [Fatal Error] :1:1: Premature end of file.
2026-08-08 00:08:36,331 [ERROR] LogOutputStream:74 - [STDERR_REDIRECT] 
2026-08-08 00:08:37,322 [ERROR] LogOutputStream:74 - [STDERR_REDIRECT] [Fatal Error] :1:1: Premature end of file.
2026-08-08 00:08:37,322 [ERROR] LogOutputStream:74 - [STDERR_REDIRECT] 
2026-08-08 00:08:38,335 [ERROR] LogOutputStream:74 - [STDERR_REDIRECT] [Fatal Error] :1:1: Premature end of file.
2026-08-08 00:08:38,335 [ERROR] LogOutputStream:74 - [STDERR_REDIRECT] 
2026-08-08 00:08:39,324 [ERROR] LogOutputStream:74 - [STDERR_REDIRECT] [Fatal Error] :1:1: Premature end of file.
2026-08-08 00:08:39,325 [ERROR] LogOutputStream:74 - [STDERR_REDIRECT] 
2026-08-08 00:08:40,325 [ERROR] LogOutputStream:74 - [STDERR_REDIRECT] [Fatal Error] :1:1: Premature end of file.
2026-08-08 00:08:40,325 [ERROR] LogOutputStream:74 - [STDERR_REDIRECT] 
2026-08-08 00:08:41,330 [ERROR] LogOutputStream:74 - [STDERR_REDIRECT] [Fatal Error] :1:1: Premature end of file.
2026-08-08 00:08:41,330 [ERROR] LogOutputStream:74 - [STDERR_REDIRECT] 
2026-08-08 00:08:42,332 [ERROR] LogOutputStream:74 - [STDERR_REDIRECT] [Fatal Error] :1:1: Premature end of file.
2026-08-08 00:08:42,332 [ERROR] LogOutputStream:74 - [STDERR_REDIRECT] 
2026-08-08 00:08:43,332 [ERROR] LogOutputStream:74 - [STDERR_REDIRECT] [Fatal Error] :1:1: Premature end of file.
2026-08-08 00:08:43,332 [ERROR] LogOutputStream:74 - [STDERR_REDIRECT] 
2026-08-08 00:08:44,335 [ERROR] LogOutputStream:74 - [STDERR_REDIRECT] [Fatal Error] :1:1: Premature end of file.
2026-08-08 00:08:44,335 [ERROR] LogOutputStream:74 - [STDERR_REDIRECT] 
2026-08-08 00:08:45,326 [ERROR] LogOutputStream:74 - [STDERR_REDIRECT] [Fatal Error] :1:1: Premature end of file.
2026-08-08 00:08:45,326 [ERROR] LogOutputStream:74 - [STDERR_REDIRECT] 
2026-08-08 00:08:46,328 [ERROR] LogOutputStream:74 - [STDERR_REDIRECT] [Fatal Error] :1:1: Premature end of file.
2026-08-08 00:08:46,328 [ERROR] LogOutputStream:74 - [STDERR_REDIRECT] 
2026-08-08 00:08:47,332 [ERROR] LogOutputStream:74 - [STDERR_REDIRECT] [Fatal Error] :1:1: Premature end of file.
2026-08-08 00:08:47,332 [ERROR] LogOutputStream:74 - [STDERR_REDIRECT] 
2026-08-08 00:08:48,331 [ERROR] LogOutputStream:74 - [STDERR_REDIRECT] [Fatal Error] :1:1: Premature end of file.
2026-08-08 00:08:48,332 [ERROR] LogOutputStream:74 - [STDERR_REDIRECT] 
2026-08-08 00:08:49,334 [ERROR] LogOutputStream:74 - [STDERR_REDIRECT] [Fatal Error] :1:1: Premature end of file.
2026-08-08 00:08:49,334 [ERROR] LogOutputStream:74 - [STDERR_REDIRECT] 
2026-08-08 00:08:50,325 [ERROR] LogOutputStream:74 - [STDERR_REDIRECT] [Fatal Error] :1:1: Premature end of file.
2026-08-08 00:08:50,326 [ERROR] LogOutputStream:74 - [STDERR_REDIRECT] 
2026-08-08 00:08:51,650 [ERROR] LogOutputStream:74 - [STDERR_REDIRECT] [Fatal Error] :1:1: Premature end of file.
2026-08-08 00:08:51,651 [ERROR] LogOutputStream:74 - [STDERR_REDIRECT] 
2026-08-08 00:08:52,332 [ERROR] LogOutputStream:74 - [STDERR_REDIRECT] [Fatal Error] :1:1: Premature end of file.
2026-08-08 00:08:52,332 [ERROR] LogOutputStream:74 - [STDERR_REDIRECT] 
2026-08-08 00:08:53,334 [ERROR] LogOutputStream:74 - [STDERR_REDIRECT] [Fatal Error] :1:1: Premature end of file.
2026-08-08 00:08:53,334 [ERROR] LogOutputStream:74 - [STDERR_REDIRECT] 
2026-08-08 00:08:54,324 [ERROR] LogOutputStream:74 - [STDERR_REDIRECT] [Fatal Error] :1:1: Premature end of file.
2026-08-08 00:08:54,324 [ERROR] LogOutputStream:74 - [STDERR_REDIRECT] 
2026-08-08 00:08:55,330 [ERROR] LogOutputStream:74 - [STDERR_REDIRECT] [Fatal Error] :1:1: Premature end of file.
2026-08-08 00:08:55,330 [ERROR] LogOutputStream:74 - [STDERR_REDIRECT] 
2026-08-08 00:08:56,330 [ERROR] LogOutputStream:74 - [STDERR_REDIRECT] [Fatal Error] :1:1: Premature end of file.
2026-08-08 00:08:56,330 [ERROR] LogOutputStream:74 - [STDERR_REDIRECT] 
2026-08-08 00:08:57,332 [ERROR] LogOutputStream:74 - [STDERR_REDIRECT] [Fatal Error] :1:1: Premature end of file.
2026-08-08 00:08:57,333 [ERROR] LogOutputStream:74 - [STDERR_REDIRECT] 
2026-08-08 00:08:58,331 [ERROR] LogOutputStream:74 - [STDERR_REDIRECT] [Fatal Error] :1:1: Premature end of file.
2026-08-08 00:08:58,332 [ERROR] LogOutputStream:74 - [STDERR_REDIRECT] 
2026-08-08 00:08:59,338 [ERROR] LogOutputStream:74 - [STDERR_REDIRECT] [Fatal Error] :1:1: Premature end of file.
2026-08-08 00:08:59,339 [ERROR] LogOutputStream:74 - [STDERR_REDIRECT] 
2026-08-08 00:09:00,323 [ERROR] LogOutputStream:74 - [STDERR_REDIRECT] [Fatal Error] :1:1: Premature end of file.
2026-08-08 00:09:00,323 [ERROR] LogOutputStream:74 - [STDERR_REDIRECT] 
2026-08-08 00:09:01,338 [ERROR] LogOutputStream:74 - [STDERR_REDIRECT] [Fatal Error] :1:1: Premature end of file.
2026-08-08 00:09:01,338 [ERROR] LogOutputStream:74 - [STDERR_REDIRECT] 
2026-08-08 00:09:02,334 [ERROR] LogOutputStream:74 - [STDERR_REDIRECT] [Fatal Error] :1:1: Premature end of file.
2026-08-08 00:09:02,335 [ERROR] LogOutputStream:74 - [STDERR_REDIRECT] 
2026-08-08 00:09:03,351 [ERROR] LogOutputStream:74 - [STDERR_REDIRECT] [Fatal Error] :1:1: Premature end of file.
2026-08-08 00:09:03,351 [ERROR] LogOutputStream:74 - [STDERR_REDIRECT] 
2026-08-08 00:09:04,387 [ERROR] LogOutputStream:74 - [STDERR_REDIRECT] [Fatal Error] :1:1: Premature end of file.
2026-08-08 00:09:04,388 [ERROR] LogOutputStream:74 - [STDERR_REDIRECT] 
2026-08-08 00:09:05,392 [ERROR] LogOutputStream:74 - [STDERR_REDIRECT] [Fatal Error] :1:1: Premature end of file.
2026-08-08 00:09:05,393 [ERROR] LogOutputStream:74 - [STDERR_REDIRECT] 
2026-08-08 00:09:06,340 [ERROR] LogOutputStream:74 - [STDERR_REDIRECT] [Fatal Error] :1:1: Premature end of file.
2026-08-08 00:09:06,340 [ERROR] LogOutputStream:74 - [STDERR_REDIRECT] 
2026-08-08 00:09:07,340 [ERROR] LogOutputStream:74 - [STDERR_REDIRECT] [Fatal Error] :1:1: Premature end of file.
2026-08-08 00:09:07,340 [ERROR] LogOutputStream:74 - [STDERR_REDIRECT] 
2026-08-08 00:09:08,338 [ERROR] LogOutputStream:74 - [STDERR_REDIRECT] [Fatal Error] :1:1: Premature end of file.
2026-08-08 00:09:08,338 [ERROR] LogOutputStream:74 - [STDERR_REDIRECT] 
2026-08-08 00:09:09,399 [ERROR] LogOutputStream:74 - [STDERR_REDIRECT] [Fatal Error] :1:1: Premature end of file.
2026-08-08 00:09:09,400 [ERROR] LogOutputStream:74 - [STDERR_REDIRECT] 
2026-08-08 00:09:10,379 [ERROR] LogOutputStream:74 - [STDERR_REDIRECT] [Fatal Error] :1:1: Premature end of file.
2026-08-08 00:09:10,379 [ERROR] LogOutputStream:74 - [STDERR_REDIRECT] 
2026-08-08 00:09:11,391 [ERROR] LogOutputStream:74 - [STDERR_REDIRECT] [Fatal Error] :1:1: Premature end of file.
2026-08-08 00:09:11,392 [ERROR] LogOutputStream:74 - [STDERR_REDIRECT] 
2026-08-08 00:09:12,347 [ERROR] LogOutputStream:74 - [STDERR_REDIRECT] [Fatal Error] :1:1: Premature end of file.
2026-08-08 00:09:12,348 [ERROR] LogOutputStream:74 - [STDERR_REDIRECT] 
2026-08-08 00:09:13,337 [ERROR] LogOutputStream:74 - [STDERR_REDIRECT] [Fatal Error] :1:1: Premature end of file.
2026-08-08 00:09:13,338 [ERROR] LogOutputStream:74 - [STDERR_REDIRECT] 
2026-08-08 00:09:14,344 [ERROR] LogOutputStream:74 - [STDERR_REDIRECT] [Fatal Error] :1:1: Premature end of file.
2026-08-08 00:09:14,345 [ERROR] LogOutputStream:74 - [STDERR_REDIRECT] 
2026-08-08 00:09:15,328 [ERROR] LogOutputStream:74 - [STDERR_REDIRECT] [Fatal Error] :1:1: Premature end of file.
2026-08-08 00:09:15,329 [ERROR] LogOutputStream:74 - [STDERR_REDIRECT] 
2026-08-08 00:09:16,413 [ERROR] LogOutputStream:74 - [STDERR_REDIRECT] [Fatal Error] :1:1: Premature end of file.
2026-08-08 00:09:16,414 [ERROR] LogOutputStream:74 - [STDERR_REDIRECT] 
2026-08-08 00:09:17,338 [ERROR] LogOutputStream:74 - [STDERR_REDIRECT] [Fatal Error] :1:1: Premature end of file.
2026-08-08 00:09:17,338 [ERROR] LogOutputStream:74 - [STDERR_REDIRECT] 
2026-08-08 00:09:18,332 [ERROR] LogOutputStream:74 - [STDERR_REDIRECT] [Fatal Error] :1:1: Premature end of file.
2026-08-08 00:09:18,332 [ERROR] LogOutputStream:74 - [STDERR_REDIRECT] 
2026-08-08 00:09:19,336 [ERROR] LogOutputStream:74 - [STDERR_REDIRECT] [Fatal Error] :1:1: Premature end of file.
2026-08-08 00:09:19,336 [ERROR] LogOutputStream:74 - [STDERR_REDIRECT] 
2026-08-08 00:09:20,341 [ERROR] LogOutputStream:74 - [STDERR_REDIRECT] [Fatal Error] :1:1: Premature end of file.
2026-08-08 00:09:20,342 [ERROR] LogOutputStream:74 - [STDERR_REDIRECT] 
2026-08-08 00:09:21,345 [ERROR] LogOutputStream:74 - [STDERR_REDIRECT] [Fatal Error] :1:1: Premature end of file.
2026-08-08 00:09:21,346 [ERROR] LogOutputStream:74 - [STDERR_REDIRECT] 
2026-08-08 00:09:22,340 [ERROR] LogOutputStream:74 - [STDERR_REDIRECT] [Fatal Error] :1:1: Premature end of file.
2026-08-08 00:09:22,340 [ERROR] LogOutputStream:74 - [STDERR_REDIRECT] 
2026-08-08 00:09:23,343 [ERROR] LogOutputStream:74 - [STDERR_REDIRECT] [Fatal Error] :1:1: Premature end of file.
2026-08-08 00:09:23,343 [ERROR] LogOutputStream:74 - [STDERR_REDIRECT] 
2026-08-08 00:09:24,328 [ERROR] LogOutputStream:74 - [STDERR_REDIRECT] [Fatal Error] :1:1: Premature end of file.
2026-08-08 00:09:24,329 [ERROR] LogOutputStream:74 - [STDERR_REDIRECT] 
2026-08-08 00:09:25,329 [ERROR] LogOutputStream:74 - [STDERR_REDIRECT] [Fatal Error] :1:1: Premature end of file.
2026-08-08 00:09:25,330 [ERROR] LogOutputStream:74 - [STDERR_REDIRECT] 
2026-08-08 00:09:26,334 [ERROR] LogOutputStream:74 - [STDERR_REDIRECT] [Fatal Error] :1:1: Premature end of file.
2026-08-08 00:09:26,335 [ERROR] LogOutputStream:74 - [STDERR_REDIRECT] 
2026-08-08 00:09:27,332 [ERROR] LogOutputStream:74 - [STDERR_REDIRECT] [Fatal Error] :1:1: Premature end of file.
2026-08-08 00:09:27,332 [ERROR] LogOutputStream:74 - [STDERR_REDIRECT] 
2026-08-08 00:09:28,333 [ERROR] LogOutputStream:74 - [STDERR_REDIRECT] [Fatal Error] :1:1: Premature end of file.
2026-08-08 00:09:28,333 [ERROR] LogOutputStream:74 - [STDERR_REDIRECT] 
2026-08-08 00:09:29,336 [ERROR] LogOutputStream:74 - [STDERR_REDIRECT] [Fatal Error] :1:1: Premature end of file.
2026-08-08 00:09:29,336 [ERROR] LogOutputStream:74 - [STDERR_REDIRECT] 
2026-08-08 00:09:30,334 [ERROR] LogOutputStream:74 - [STDERR_REDIRECT] [Fatal Error] :1:1: Premature end of file.
2026-08-08 00:09:30,334 [ERROR] LogOutputStream:74 - [STDERR_REDIRECT] 
2026-08-08 00:09:31,346 [ERROR] LogOutputStream:74 - [STDERR_REDIRECT] [Fatal Error] :1:1: Premature end of file.
2026-08-08 00:09:31,347 [ERROR] LogOutputStream:74 - [STDERR_REDIRECT] 
2026-08-08 00:09:32,324 [ERROR] LogOutputStream:74 - [STDERR_REDIRECT] [Fatal Error] :1:1: Premature end of file.
2026-08-08 00:09:32,325 [ERROR] LogOutputStream:74 - [STDERR_REDIRECT] 
2026-08-08 00:09:33,337 [ERROR] LogOutputStream:74 - [STDERR_REDIRECT] [Fatal Error] :1:1: Premature end of file.
2026-08-08 00:09:33,337 [ERROR] LogOutputStream:74 - [STDERR_REDIRECT] 
2026-08-08 00:09:34,339 [ERROR] LogOutputStream:74 - [STDERR_REDIRECT] [Fatal Error] :1:1: Premature end of file.
2026-08-08 00:09:34,339 [ERROR] LogOutputStream:74 - [STDERR_REDIRECT] 
2026-08-08 00:09:35,322 [ERROR] LogOutputStream:74 - [STDERR_REDIRECT] [Fatal Error] :1:1: Premature end of file.
2026-08-08 00:09:35,323 [ERROR] LogOutputStream:74 - [STDERR_REDIRECT] 
2026-08-08 00:09:36,325 [ERROR] LogOutputStream:74 - [STDERR_REDIRECT] [Fatal Error] :1:1: Premature end of file.
2026-08-08 00:09:36,326 [ERROR] LogOutputStream:74 - [STDERR_REDIRECT] 
2026-08-08 00:09:37,340 [ERROR] LogOutputStream:74 - [STDERR_REDIRECT] [Fatal Error] :1:1: Premature end of file.
2026-08-08 00:09:37,341 [ERROR] LogOutputStream:74 - [STDERR_REDIRECT] 
2026-08-08 00:09:38,700 [ERROR] LogOutputStream:74 - [STDERR_REDIRECT] [Fatal Error] :1:1: Premature end of file.
2026-08-08 00:09:38,701 [ERROR] LogOutputStream:74 - [STDERR_REDIRECT] 
2026-08-08 00:09:39,325 [ERROR] LogOutputStream:74 - [STDERR_REDIRECT] [Fatal Error] :1:1: Premature end of file.
2026-08-08 00:09:39,325 [ERROR] LogOutputStream:74 - [STDERR_REDIRECT] 
2026-08-08 00:09:40,329 [ERROR] LogOutputStream:74 - [STDERR_REDIRECT] [Fatal Error] :1:1: Premature end of file.
2026-08-08 00:09:40,329 [ERROR] LogOutputStream:74 - [STDERR_REDIRECT] 
2026-08-08 00:09:41,335 [ERROR] LogOutputStream:74 - [STDERR_REDIRECT] [Fatal Error] :1:1: Premature end of file.
2026-08-08 00:09:41,335 [ERROR] LogOutputStream:74 - [STDERR_REDIRECT] 
2026-08-08 00:09:42,339 [ERROR] LogOutputStream:74 - [STDERR_REDIRECT] [Fatal Error] :1:1: Premature end of file.
2026-08-08 00:09:42,339 [ERROR] LogOutputStream:74 - [STDERR_REDIRECT] 
2026-08-08 00:09:43,325 [ERROR] LogOutputStream:74 - [STDERR_REDIRECT] [Fatal Error] :1:1: Premature end of file.
2026-08-08 00:09:43,325 [ERROR] LogOutputStream:74 - [STDERR_REDIRECT] 
2026-08-08 00:09:44,339 [ERROR] LogOutputStream:74 - [STDERR_REDIRECT] [Fatal Error] :1:1: Premature end of file.
2026-08-08 00:09:44,339 [ERROR] LogOutputStream:74 - [STDERR_REDIRECT] 
2026-08-08 00:09:45,335 [ERROR] LogOutputStream:74 - [STDERR_REDIRECT] [Fatal Error] :1:1: Premature end of file.
2026-08-08 00:09:45,336 [ERROR] LogOutputStream:74 - [STDERR_REDIRECT] 
2026-08-08 00:09:46,327 [ERROR] LogOutputStream:74 - [STDERR_REDIRECT] [Fatal Error] :1:1: Premature end of file.
2026-08-08 00:09:46,327 [ERROR] LogOutputStream:74 - [STDERR_REDIRECT] 
2026-08-08 00:09:47,322 [ERROR] LogOutputStream:74 - [STDERR_REDIRECT] [Fatal Error] :1:1: Premature end of file.
2026-08-08 00:09:47,324 [ERROR] LogOutputStream:74 - [STDERR_REDIRECT] 
2026-08-08 00:09:48,323 [ERROR] LogOutputStream:74 - [STDERR_REDIRECT] [Fatal Error] :1:1: Premature end of file.
2026-08-08 00:09:48,324 [ERROR] LogOutputStream:74 - [STDERR_REDIRECT] 
2026-08-08 00:09:49,333 [ERROR] LogOutputStream:74 - [STDERR_REDIRECT] [Fatal Error] :1:1: Premature end of file.
2026-08-08 00:09:49,333 [ERROR] LogOutputStream:74 - [STDERR_REDIRECT] 
2026-08-08 00:09:50,335 [ERROR] LogOutputStream:74 - [STDERR_REDIRECT] [Fatal Error] :1:1: Premature end of file.
2026-08-08 00:09:50,335 [ERROR] LogOutputStream:74 - [STDERR_REDIRECT] 
2026-08-08 00:09:51,327 [ERROR] LogOutputStream:74 - [STDERR_REDIRECT] [Fatal Error] :1:1: Premature end of file.
2026-08-08 00:09:51,328 [ERROR] LogOutputStream:74 - [STDERR_REDIRECT] 
2026-08-08 00:09:52,378 [ERROR] LogOutputStream:74 - [STDERR_REDIRECT] [Fatal Error] :1:1: Premature end of file.
2026-08-08 00:09:52,378 [ERROR] LogOutputStream:74 - [STDERR_REDIRECT] 
2026-08-08 00:09:53,340 [ERROR] LogOutputStream:74 - [STDERR_REDIRECT] [Fatal Error] :1:1: Premature end of file.
2026-08-08 00:09:53,340 [ERROR] LogOutputStream:74 - [STDERR_REDIRECT] 
2026-08-08 00:09:54,338 [ERROR] LogOutputStream:74 - [STDERR_REDIRECT] [Fatal Error] :1:1: Premature end of file.
2026-08-08 00:09:54,339 [ERROR] LogOutputStream:74 - [STDERR_REDIRECT] 
2026-08-08 00:09:55,331 [ERROR] LogOutputStream:74 - [STDERR_REDIRECT] [Fatal Error] :1:1: Premature end of file.
2026-08-08 00:09:55,332 [ERROR] LogOutputStream:74 - [STDERR_REDIRECT] 
2026-08-08 00:09:56,346 [ERROR] LogOutputStream:74 - [STDERR_REDIRECT] [Fatal Error] :1:1: Premature end of file.
2026-08-08 00:09:56,347 [ERROR] LogOutputStream:74 - [STDERR_REDIRECT] 
2026-08-08 00:09:57,342 [ERROR] LogOutputStream:74 - [STDERR_REDIRECT] [Fatal Error] :1:1: Premature end of file.
2026-08-08 00:09:57,342 [ERROR] LogOutputStream:74 - [STDERR_REDIRECT] 
2026-08-08 00:09:58,426 [ERROR] LogOutputStream:74 - [STDERR_REDIRECT] [Fatal Error] :1:1: Premature end of file.
2026-08-08 00:09:58,426 [ERROR] LogOutputStream:74 - [STDERR_REDIRECT] 
2026-08-08 00:09:59,333 [ERROR] LogOutputStream:74 - [STDERR_REDIRECT] [Fatal Error] :1:1: Premature end of file.
2026-08-08 00:09:59,333 [ERROR] LogOutputStream:74 - [STDERR_REDIRECT] 
2026-08-08 00:10:00,325 [ERROR] LogOutputStream:74 - [STDERR_REDIRECT] [Fatal Error] :1:1: Premature end of file.
2026-08-08 00:10:00,326 [ERROR] LogOutputStream:74 - [STDERR_REDIRECT] 
2026-08-08 00:10:01,353 [ERROR] LogOutputStream:74 - [STDERR_REDIRECT] [Fatal Error] :1:1: Premature end of file.
2026-08-08 00:10:01,353 [ERROR] LogOutputStream:74 - [STDERR_REDIRECT] 
2026-08-08 00:10:02,338 [ERROR] LogOutputStream:74 - [STDERR_REDIRECT] [Fatal Error] :1:1: Premature end of file.
2026-08-08 00:10:02,338 [ERROR] LogOutputStream:74 - [STDERR_REDIRECT] 
2026-08-08 00:10:03,334 [ERROR] LogOutputStream:74 - [STDERR_REDIRECT] [Fatal Error] :1:1: Premature end of file.
2026-08-08 00:10:03,334 [ERROR] LogOutputStream:74 - [STDERR_REDIRECT] 
2026-08-08 00:10:04,342 [ERROR] LogOutputStream:74 - [STDERR_REDIRECT] [Fatal Error] :1:1: Premature end of file.
2026-08-08 00:10:04,342 [ERROR] LogOutputStream:74 - [STDERR_REDIRECT] 
2026-08-08 00:10:05,330 [ERROR] LogOutputStream:74 - [STDERR_REDIRECT] [Fatal Error] :1:1: Premature end of file.
2026-08-08 00:10:05,330 [ERROR] LogOutputStream:74 - [STDERR_REDIRECT] 
2026-08-08 00:10:06,333 [ERROR] LogOutputStream:74 - [STDERR_REDIRECT] [Fatal Error] :1:1: Premature end of file.
2026-08-08 00:10:06,333 [ERROR] LogOutputStream:74 - [STDERR_REDIRECT] 
2026-08-08 00:10:07,342 [ERROR] LogOutputStream:74 - [STDERR_REDIRECT] [Fatal Error] :1:1: Premature end of file.
2026-08-08 00:10:07,342 [ERROR] LogOutputStream:74 - [STDERR_REDIRECT] 
2026-08-08 00:10:08,328 [ERROR] LogOutputStream:74 - [STDERR_REDIRECT] [Fatal Error] :1:1: Premature end of file.
2026-08-08 00:10:08,329 [ERROR] LogOutputStream:74 - [STDERR_REDIRECT] 
2026-08-08 00:10:09,331 [ERROR] LogOutputStream:74 - [STDERR_REDIRECT] [Fatal Error] :1:1: Premature end of file.
2026-08-08 00:10:09,332 [ERROR] LogOutputStream:74 - [STDERR_REDIRECT] 
2026-08-08 00:10:10,343 [ERROR] LogOutputStream:74 - [STDERR_REDIRECT] [Fatal Error] :1:1: Premature end of file.
2026-08-08 00:10:10,343 [ERROR] LogOutputStream:74 - [STDERR_REDIRECT] 
2026-08-08 00:10:11,331 [ERROR] LogOutputStream:74 - [STDERR_REDIRECT] [Fatal Error] :1:1: Premature end of file.
2026-08-08 00:10:11,331 [ERROR] LogOutputStream:74 - [STDERR_REDIRECT] 
2026-08-08 00:10:12,328 [ERROR] LogOutputStream:74 - [STDERR_REDIRECT] [Fatal Error] :1:1: Premature end of file.
2026-08-08 00:10:12,328 [ERROR] LogOutputStream:74 - [STDERR_REDIRECT] 
2026-08-08 00:10:13,337 [ERROR] LogOutputStream:74 - [STDERR_REDIRECT] [Fatal Error] :1:1: Premature end of file.
2026-08-08 00:10:13,338 [ERROR] LogOutputStream:74 - [STDERR_REDIRECT] 
2026-08-08 00:10:14,323 [ERROR] LogOutputStream:74 - [STDERR_REDIRECT] [Fatal Error] :1:1: Premature end of file.
2026-08-08 00:10:14,323 [ERROR] LogOutputStream:74 - [STDERR_REDIRECT] 
2026-08-08 00:10:15,335 [ERROR] LogOutputStream:74 - [STDERR_REDIRECT] [Fatal Error] :1:1: Premature end of file.
2026-08-08 00:10:15,335 [ERROR] LogOutputStream:74 - [STDERR_REDIRECT] 
2026-08-08 00:10:16,332 [ERROR] LogOutputStream:74 - [STDERR_REDIRECT] [Fatal Error] :1:1: Premature end of file.
2026-08-08 00:10:16,333 [ERROR] LogOutputStream:74 - [STDERR_REDIRECT] 
2026-08-08 00:10:17,331 [ERROR] LogOutputStream:74 - [STDERR_REDIRECT] [Fatal Error] :1:1: Premature end of file.
2026-08-08 00:10:17,331 [ERROR] LogOutputStream:74 - [STDERR_REDIRECT] 
2026-08-08 00:10:18,337 [ERROR] LogOutputStream:74 - [STDERR_REDIRECT] [Fatal Error] :1:1: Premature end of file.
2026-08-08 00:10:18,337 [ERROR] LogOutputStream:74 - [STDERR_REDIRECT] 
2026-08-08 00:10:19,331 [ERROR] LogOutputStream:74 - [STDERR_REDIRECT] [Fatal Error] :1:1: Premature end of file.
2026-08-08 00:10:19,331 [ERROR] LogOutputStream:74 - [STDERR_REDIRECT] 
2026-08-08 00:10:20,327 [ERROR] LogOutputStream:74 - [STDERR_REDIRECT] [Fatal Error] :1:1: Premature end of file.
2026-08-08 00:10:20,327 [ERROR] LogOutputStream:74 - [STDERR_REDIRECT] 
2026-08-08 00:10:21,345 [ERROR] LogOutputStream:74 - [STDERR_REDIRECT] [Fatal Error] :1:1: Premature end of file.
2026-08-08 00:10:21,345 [ERROR] LogOutputStream:74 - [STDERR_REDIRECT] 
2026-08-08 00:10:22,326 [ERROR] LogOutputStream:74 - [STDERR_REDIRECT] [Fatal Error] :1:1: Premature end of file.
2026-08-08 00:10:22,326 [ERROR] LogOutputStream:74 - [STDERR_REDIRECT] 
2026-08-08 00:10:23,328 [ERROR] LogOutputStream:74 - [STDERR_REDIRECT] [Fatal Error] :1:1: Premature end of file.
2026-08-08 00:10:23,328 [ERROR] LogOutputStream:74 - [STDERR_REDIRECT] 
2026-08-08 00:10:24,338 [ERROR] LogOutputStream:74 - [STDERR_REDIRECT] [Fatal Error] :1:1: Premature end of file.
2026-08-08 00:10:24,338 [ERROR] LogOutputStream:74 - [STDERR_REDIRECT] 
2026-08-08 00:10:25,336 [ERROR] LogOutputStream:74 - [STDERR_REDIRECT] [Fatal Error] :1:1: Premature end of file.
2026-08-08 00:10:25,337 [ERROR] LogOutputStream:74 - [STDERR_REDIRECT] 
2026-08-08 00:10:26,328 [ERROR] LogOutputStream:74 - [STDERR_REDIRECT] [Fatal Error] :1:1: Premature end of file.
2026-08-08 00:10:26,328 [ERROR] LogOutputStream:74 - [STDERR_REDIRECT] 
2026-08-08 00:10:27,331 [ERROR] LogOutputStream:74 - [STDERR_REDIRECT] [Fatal Error] :1:1: Premature end of file.
2026-08-08 00:10:27,331 [ERROR] LogOutputStream:74 - [STDERR_REDIRECT] 
2026-08-08 00:10:28,347 [ERROR] LogOutputStream:74 - [STDERR_REDIRECT] [Fatal Error] :1:1: Premature end of file.
2026-08-08 00:10:28,348 [ERROR] LogOutputStream:74 - [STDERR_REDIRECT] 
2026-08-08 00:10:29,329 [ERROR] LogOutputStream:74 - [STDERR_REDIRECT] [Fatal Error] :1:1: Premature end of file.
2026-08-08 00:10:29,330 [ERROR] LogOutputStream:74 - [STDERR_REDIRECT] 
2026-08-08 00:10:30,334 [ERROR] LogOutputStream:74 - [STDERR_REDIRECT] [Fatal Error] :1:1: Premature end of file.
2026-08-08 00:10:30,334 [ERROR] LogOutputStream:74 - [STDERR_REDIRECT] 
2026-08-08 00:10:31,346 [ERROR] LogOutputStream:74 - [STDERR_REDIRECT] [Fatal Error] :1:1: Premature end of file.
2026-08-08 00:10:31,347 [ERROR] LogOutputStream:74 - [STDERR_REDIRECT] 
2026-08-08 00:10:32,325 [ERROR] LogOutputStream:74 - [STDERR_REDIRECT] [Fatal Error] :1:1: Premature end of file.
2026-08-08 00:10:32,326 [ERROR] LogOutputStream:74 - [STDERR_REDIRECT] 
2026-08-08 00:10:33,328 [ERROR] LogOutputStream:74 - [STDERR_REDIRECT] [Fatal Error] :1:1: Premature end of file.
2026-08-08 00:10:33,328 [ERROR] LogOutputStream:74 - [STDERR_REDIRECT] 
2026-08-08 00:10:34,338 [ERROR] LogOutputStream:74 - [STDERR_REDIRECT] [Fatal Error] :1:1: Premature end of file.
2026-08-08 00:10:34,338 [ERROR] LogOutputStream:74 - [STDERR_REDIRECT] 
2026-08-08 00:10:35,330 [ERROR] LogOutputStream:74 - [STDERR_REDIRECT] [Fatal Error] :1:1: Premature end of file.
2026-08-08 00:10:35,330 [ERROR] LogOutputStream:74 - [STDERR_REDIRECT] 
2026-08-08 00:10:36,343 [ERROR] LogOutputStream:74 - [STDERR_REDIRECT] [Fatal Error] :1:1: Premature end of file.
2026-08-08 00:10:36,343 [ERROR] LogOutputStream:74 - [STDERR_REDIRECT] 
2026-08-08 00:10:37,473 [ERROR] LogOutputStream:74 - [STDERR_REDIRECT] [Fatal Error] :1:1: Premature end of file.
2026-08-08 00:10:37,473 [ERROR] LogOutputStream:74 - [STDERR_REDIRECT] 
2026-08-08 00:10:38,361 [ERROR] LogOutputStream:74 - [STDERR_REDIRECT] [Fatal Error] :1:1: Premature end of file.
2026-08-08 00:10:38,362 [ERROR] LogOutputStream:74 - [STDERR_REDIRECT] 
2026-08-08 00:10:39,364 [ERROR] LogOutputStream:74 - [STDERR_REDIRECT] [Fatal Error] :1:1: Premature end of file.
2026-08-08 00:10:39,365 [ERROR] LogOutputStream:74 - [STDERR_REDIRECT] 
2026-08-08 00:10:40,336 [ERROR] LogOutputStream:74 - [STDERR_REDIRECT] [Fatal Error] :1:1: Premature end of file.
2026-08-08 00:10:40,336 [ERROR] LogOutputStream:74 - [STDERR_REDIRECT] 
2026-08-08 00:10:41,339 [ERROR] LogOutputStream:74 - [STDERR_REDIRECT] [Fatal Error] :1:1: Premature end of file.
2026-08-08 00:10:41,339 [ERROR] LogOutputStream:74 - [STDERR_REDIRECT] 
2026-08-08 00:10:42,330 [ERROR] LogOutputStream:74 - [STDERR_REDIRECT] [Fatal Error] :1:1: Premature end of file.
2026-08-08 00:10:42,331 [ERROR] LogOutputStream:74 - [STDERR_REDIRECT] 
2026-08-08 00:10:43,336 [ERROR] LogOutputStream:74 - [STDERR_REDIRECT] [Fatal Error] :1:1: Premature end of file.
2026-08-08 00:10:43,337 [ERROR] LogOutputStream:74 - [STDERR_REDIRECT] 
2026-08-08 00:10:44,333 [ERROR] LogOutputStream:74 - [STDERR_REDIRECT] [Fatal Error] :1:1: Premature end of file.
2026-08-08 00:10:44,334 [ERROR] LogOutputStream:74 - [STDERR_REDIRECT] 
2026-08-08 00:10:45,348 [ERROR] LogOutputStream:74 - [STDERR_REDIRECT] [Fatal Error] :1:1: Premature end of file.
2026-08-08 00:10:45,348 [ERROR] LogOutputStream:74 - [STDERR_REDIRECT] 
2026-08-08 00:10:46,347 [ERROR] LogOutputStream:74 - [STDERR_REDIRECT] [Fatal Error] :1:1: Premature end of file.
2026-08-08 00:10:46,348 [ERROR] LogOutputStream:74 - [STDERR_REDIRECT] 
2026-08-08 00:10:47,326 [ERROR] LogOutputStream:74 - [STDERR_REDIRECT] [Fatal Error] :1:1: Premature end of file.
2026-08-08 00:10:47,326 [ERROR] LogOutputStream:74 - [STDERR_REDIRECT] 
2026-08-08 00:10:48,337 [ERROR] LogOutputStream:74 - [STDERR_REDIRECT] [Fatal Error] :1:1: Premature end of file.
2026-08-08 00:10:48,338 [ERROR] LogOutputStream:74 - [STDERR_REDIRECT] 
2026-08-08 00:10:49,333 [ERROR] LogOutputStream:74 - [STDERR_REDIRECT] [Fatal Error] :1:1: Premature end of file.
2026-08-08 00:10:49,333 [ERROR] LogOutputStream:74 - [STDERR_REDIRECT] 
2026-08-08 00:10:50,327 [ERROR] LogOutputStream:74 - [STDERR_REDIRECT] [Fatal Error] :1:1: Premature end of file.
2026-08-08 00:10:50,328 [ERROR] LogOutputStream:74 - [STDERR_REDIRECT] 
2026-08-08 00:10:51,331 [ERROR] LogOutputStream:74 - [STDERR_REDIRECT] [Fatal Error] :1:1: Premature end of file.
2026-08-08 00:10:51,331 [ERROR] LogOutputStream:74 - [STDERR_REDIRECT] 
2026-08-08 00:10:52,325 [ERROR] LogOutputStream:74 - [STDERR_REDIRECT] [Fatal Error] :1:1: Premature end of file.
2026-08-08 00:10:52,325 [ERROR] LogOutputStream:74 - [STDERR_REDIRECT] 
2026-08-08 00:10:53,335 [ERROR] LogOutputStream:74 - [STDERR_REDIRECT] [Fatal Error] :1:1: Premature end of file.
2026-08-08 00:10:53,335 [ERROR] LogOutputStream:74 - [STDERR_REDIRECT] 
2026-08-08 00:10:54,327 [ERROR] LogOutputStream:74 - [STDERR_REDIRECT] [Fatal Error] :1:1: Premature end of file.
2026-08-08 00:10:54,327 [ERROR] LogOutputStream:74 - [STDERR_REDIRECT] 
2026-08-08 00:10:55,326 [ERROR] LogOutputStream:74 - [STDERR_REDIRECT] [Fatal Error] :1:1: Premature end of file.
2026-08-08 00:10:55,326 [ERROR] LogOutputStream:74 - [STDERR_REDIRECT] 
2026-08-08 00:10:56,334 [ERROR] LogOutputStream:74 - [STDERR_REDIRECT] [Fatal Error] :1:1: Premature end of file.
2026-08-08 00:10:56,335 [ERROR] LogOutputStream:74 - [STDERR_REDIRECT] 
2026-08-08 00:10:57,328 [ERROR] LogOutputStream:74 - [STDERR_REDIRECT] [Fatal Error] :1:1: Premature end of file.
2026-08-08 00:10:57,328 [ERROR] LogOutputStream:74 - [STDERR_REDIRECT] 
2026-08-08 00:10:58,344 [ERROR] LogOutputStream:74 - [STDERR_REDIRECT] [Fatal Error] :1:1: Premature end of file.
2026-08-08 00:10:58,345 [ERROR] LogOutputStream:74 - [STDERR_REDIRECT] 
2026-08-08 00:10:59,361 [ERROR] LogOutputStream:74 - [STDERR_REDIRECT] [Fatal Error] :1:1: Premature end of file.
2026-08-08 00:10:59,361 [ERROR] LogOutputStream:74 - [STDERR_REDIRECT] 
2026-08-08 00:11:00,345 [ERROR] LogOutputStream:74 - [STDERR_REDIRECT] [Fatal Error] :1:1: Premature end of file.
2026-08-08 00:11:00,345 [ERROR] LogOutputStream:74 - [STDERR_REDIRECT] 
2026-08-08 00:11:01,333 [ERROR] LogOutputStream:74 - [STDERR_REDIRECT] [Fatal Error] :1:1: Premature end of file.
2026-08-08 00:11:01,333 [ERROR] LogOutputStream:74 - [STDERR_REDIRECT] 
2026-08-08 00:11:02,325 [ERROR] LogOutputStream:74 - [STDERR_REDIRECT] [Fatal Error] :1:1: Premature end of file.
2026-08-08 00:11:02,325 [ERROR] LogOutputStream:74 - [STDERR_REDIRECT] 
2026-08-08 00:11:03,328 [ERROR] LogOutputStream:74 - [STDERR_REDIRECT] [Fatal Error] :1:1: Premature end of file.
2026-08-08 00:11:03,329 [ERROR] LogOutputStream:74 - [STDERR_REDIRECT] 
2026-08-08 00:11:04,330 [ERROR] LogOutputStream:74 - [STDERR_REDIRECT] [Fatal Error] :1:1: Premature end of file.
2026-08-08 00:11:04,331 [ERROR] LogOutputStream:74 - [STDERR_REDIRECT] 
2026-08-08 00:11:05,334 [ERROR] LogOutputStream:74 - [STDERR_REDIRECT] [Fatal Error] :1:1: Premature end of file.
2026-08-08 00:11:05,335 [ERROR] LogOutputStream:74 - [STDERR_REDIRECT] 
2026-08-08 00:11:06,337 [ERROR] LogOutputStream:74 - [STDERR_REDIRECT] [Fatal Error] :1:1: Premature end of file.
2026-08-08 00:11:06,337 [ERROR] LogOutputStream:74 - [STDERR_REDIRECT] 
2026-08-08 00:11:07,326 [ERROR] LogOutputStream:74 - [STDERR_REDIRECT] [Fatal Error] :1:1: Premature end of file.
2026-08-08 00:11:07,327 [ERROR] LogOutputStream:74 - [STDERR_REDIRECT] 
2026-08-08 00:11:08,338 [ERROR] LogOutputStream:74 - [STDERR_REDIRECT] [Fatal Error] :1:1: Premature end of file.
2026-08-08 00:11:08,338 [ERROR] LogOutputStream:74 - [STDERR_REDIRECT] 
2026-08-08 00:11:09,342 [ERROR] LogOutputStream:74 - [STDERR_REDIRECT] [Fatal Error] :1:1: Premature end of file.
2026-08-08 00:11:09,343 [ERROR] LogOutputStream:74 - [STDERR_REDIRECT] 
2026-08-08 00:11:10,344 [ERROR] LogOutputStream:74 - [STDERR_REDIRECT] [Fatal Error] :1:1: Premature end of file.
2026-08-08 00:11:10,345 [ERROR] LogOutputStream:74 - [STDERR_REDIRECT] 
2026-08-08 00:11:11,329 [ERROR] LogOutputStream:74 - [STDERR_REDIRECT] [Fatal Error] :1:1: Premature end of file.
2026-08-08 00:11:11,329 [ERROR] LogOutputStream:74 - [STDERR_REDIRECT] 
2026-08-08 00:11:12,328 [ERROR] LogOutputStream:74 - [STDERR_REDIRECT] [Fatal Error] :1:1: Premature end of file.
2026-08-08 00:11:12,329 [ERROR] LogOutputStream:74 - [STDERR_REDIRECT] 
2026-08-08 00:11:13,334 [ERROR] LogOutputStream:74 - [STDERR_REDIRECT] [Fatal Error] :1:1: Premature end of file.
2026-08-08 00:11:13,334 [ERROR] LogOutputStream:74 - [STDERR_REDIRECT] 
2026-08-08 00:11:14,337 [ERROR] LogOutputStream:74 - [STDERR_REDIRECT] [Fatal Error] :1:1: Premature end of file.
2026-08-08 00:11:14,337 [ERROR] LogOutputStream:74 - [STDERR_REDIRECT] 
2026-08-08 00:11:15,328 [ERROR] LogOutputStream:74 - [STDERR_REDIRECT] [Fatal Error] :1:1: Premature end of file.
2026-08-08 00:11:15,328 [ERROR] LogOutputStream:74 - [STDERR_REDIRECT] 
2026-08-08 00:11:16,328 [ERROR] LogOutputStream:74 - [STDERR_REDIRECT] [Fatal Error] :1:1: Premature end of file.
2026-08-08 00:11:16,329 [ERROR] LogOutputStream:74 - [STDERR_REDIRECT] 
2026-08-08 00:11:17,332 [ERROR] LogOutputStream:74 - [STDERR_REDIRECT] [Fatal Error] :1:1: Premature end of file.
2026-08-08 00:11:17,333 [ERROR] LogOutputStream:74 - [STDERR_REDIRECT] 
2026-08-08 00:11:18,335 [ERROR] LogOutputStream:74 - [STDERR_REDIRECT] [Fatal Error] :1:1: Premature end of file.
2026-08-08 00:11:18,335 [ERROR] LogOutputStream:74 - [STDERR_REDIRECT] 
2026-08-08 00:11:19,328 [ERROR] LogOutputStream:74 - [STDERR_REDIRECT] [Fatal Error] :1:1: Premature end of file.
2026-08-08 00:11:19,328 [ERROR] LogOutputStream:74 - [STDERR_REDIRECT] 
2026-08-08 00:11:20,373 [ERROR] LogOutputStream:74 - [STDERR_REDIRECT] [Fatal Error] :1:1: Premature end of file.
2026-08-08 00:11:20,374 [ERROR] LogOutputStream:74 - [STDERR_REDIRECT] 
2026-08-08 00:11:21,336 [ERROR] LogOutputStream:74 - [STDERR_REDIRECT] [Fatal Error] :1:1: Premature end of file.
2026-08-08 00:11:21,336 [ERROR] LogOutputStream:74 - [STDERR_REDIRECT] 
2026-08-08 00:11:22,346 [ERROR] LogOutputStream:74 - [STDERR_REDIRECT] [Fatal Error] :1:1: Premature end of file.
2026-08-08 00:11:22,346 [ERROR] LogOutputStream:74 - [STDERR_REDIRECT] 
2026-08-08 00:11:23,322 [ERROR] LogOutputStream:74 - [STDERR_REDIRECT] [Fatal Error] :1:1: Premature end of file.
2026-08-08 00:11:23,322 [ERROR] LogOutputStream:74 - [STDERR_REDIRECT] 
2026-08-08 00:11:24,372 [ERROR] LogOutputStream:74 - [STDERR_REDIRECT] [Fatal Error] :1:1: Premature end of file.
2026-08-08 00:11:24,372 [ERROR] LogOutputStream:74 - [STDERR_REDIRECT] 
2026-08-08 00:11:25,337 [ERROR] LogOutputStream:74 - [STDERR_REDIRECT] [Fatal Error] :1:1: Premature end of file.
2026-08-08 00:11:25,338 [ERROR] LogOutputStream:74 - [STDERR_REDIRECT] 
2026-08-08 00:11:26,323 [ERROR] LogOutputStream:74 - [STDERR_REDIRECT] [Fatal Error] :1:1: Premature end of file.
2026-08-08 00:11:26,323 [ERROR] LogOutputStream:74 - [STDERR_REDIRECT] 
2026-08-08 00:11:27,337 [ERROR] LogOutputStream:74 - [STDERR_REDIRECT] [Fatal Error] :1:1: Premature end of file.
2026-08-08 00:11:27,337 [ERROR] LogOutputStream:74 - [STDERR_REDIRECT] 
2026-08-08 00:11:28,338 [ERROR] LogOutputStream:74 - [STDERR_REDIRECT] [Fatal Error] :1:1: Premature end of file.
2026-08-08 00:11:28,339 [ERROR] LogOutputStream:74 - [STDERR_REDIRECT] 
2026-08-08 00:11:29,327 [ERROR] LogOutputStream:74 - [STDERR_REDIRECT] [Fatal Error] :1:1: Premature end of file.
2026-08-08 00:11:29,327 [ERROR] LogOutputStream:74 - [STDERR_REDIRECT] 
2026-08-08 00:11:30,357 [ERROR] LogOutputStream:74 - [STDERR_REDIRECT] [Fatal Error] :1:1: Premature end of file.
2026-08-08 00:11:30,357 [ERROR] LogOutputStream:74 - [STDERR_REDIRECT] 
2026-08-08 00:11:31,344 [ERROR] LogOutputStream:74 - [STDERR_REDIRECT] [Fatal Error] :1:1: Premature end of file.
2026-08-08 00:11:31,344 [ERROR] LogOutputStream:74 - [STDERR_REDIRECT] 
2026-08-08 00:11:32,329 [ERROR] LogOutputStream:74 - [STDERR_REDIRECT] [Fatal Error] :1:1: Premature end of file.
2026-08-08 00:11:32,329 [ERROR] LogOutputStream:74 - [STDERR_REDIRECT] 
2026-08-08 00:11:33,329 [ERROR] LogOutputStream:74 - [STDERR_REDIRECT] [Fatal Error] :1:1: Premature end of file.
2026-08-08 00:11:33,329 [ERROR] LogOutputStream:74 - [STDERR_REDIRECT] 
2026-08-08 00:11:34,335 [ERROR] LogOutputStream:74 - [STDERR_REDIRECT] [Fatal Error] :1:1: Premature end of file.
2026-08-08 00:11:34,335 [ERROR] LogOutputStream:74 - [STDERR_REDIRECT] 
2026-08-08 00:11:35,340 [ERROR] LogOutputStream:74 - [STDERR_REDIRECT] [Fatal Error] :1:1: Premature end of file.
2026-08-08 00:11:35,340 [ERROR] LogOutputStream:74 - [STDERR_REDIRECT] 
2026-08-08 00:11:36,333 [ERROR] LogOutputStream:74 - [STDERR_REDIRECT] [Fatal Error] :1:1: Premature end of file.
2026-08-08 00:11:36,334 [ERROR] LogOutputStream:74 - [STDERR_REDIRECT] 
2026-08-08 00:11:37,336 [ERROR] LogOutputStream:74 - [STDERR_REDIRECT] [Fatal Error] :1:1: Premature end of file.
2026-08-08 00:11:37,336 [ERROR] LogOutputStream:74 - [STDERR_REDIRECT] 
2026-08-08 00:11:38,355 [ERROR] LogOutputStream:74 - [STDERR_REDIRECT] [Fatal Error] :1:1: Premature end of file.
2026-08-08 00:11:38,356 [ERROR] LogOutputStream:74 - [STDERR_REDIRECT] 
2026-08-08 00:11:39,358 [ERROR] LogOutputStream:74 - [STDERR_REDIRECT] [Fatal Error] :1:1: Premature end of file.
2026-08-08 00:11:39,358 [ERROR] LogOutputStream:74 - [STDERR_REDIRECT] 
2026-08-08 00:11:40,348 [ERROR] LogOutputStream:74 - [STDERR_REDIRECT] [Fatal Error] :1:1: Premature end of file.
2026-08-08 00:11:40,349 [ERROR] LogOutputStream:74 - [STDERR_REDIRECT] 
2026-08-08 00:11:41,337 [ERROR] LogOutputStream:74 - [STDERR_REDIRECT] [Fatal Error] :1:1: Premature end of file.
2026-08-08 00:11:41,338 [ERROR] LogOutputStream:74 - [STDERR_REDIRECT] 
2026-08-08 00:11:42,363 [ERROR] LogOutputStream:74 - [STDERR_REDIRECT] [Fatal Error] :1:1: Premature end of file.
2026-08-08 00:11:42,363 [ERROR] LogOutputStream:74 - [STDERR_REDIRECT] 
2026-08-08 00:11:43,359 [ERROR] LogOutputStream:74 - [STDERR_REDIRECT] [Fatal Error] :1:1: Premature end of file.
2026-08-08 00:11:43,361 [ERROR] LogOutputStream:74 - [STDERR_REDIRECT] 
2026-08-08 00:11:44,357 [ERROR] LogOutputStream:74 - [STDERR_REDIRECT] [Fatal Error] :1:1: Premature end of file.
2026-08-08 00:11:44,358 [ERROR] LogOutputStream:74 - [STDERR_REDIRECT] 
2026-08-08 00:11:45,344 [ERROR] LogOutputStream:74 - [STDERR_REDIRECT] [Fatal Error] :1:1: Premature end of file.
2026-08-08 00:11:45,345 [ERROR] LogOutputStream:74 - [STDERR_REDIRECT] 
2026-08-08 00:11:46,333 [ERROR] LogOutputStream:74 - [STDERR_REDIRECT] [Fatal Error] :1:1: Premature end of file.
2026-08-08 00:11:46,333 [ERROR] LogOutputStream:74 - [STDERR_REDIRECT] 
2026-08-08 00:11:47,332 [ERROR] LogOutputStream:74 - [STDERR_REDIRECT] [Fatal Error] :1:1: Premature end of file.
2026-08-08 00:11:47,332 [ERROR] LogOutputStream:74 - [STDERR_REDIRECT] 
2026-08-08 00:11:48,339 [ERROR] LogOutputStream:74 - [STDERR_REDIRECT] [Fatal Error] :1:1: Premature end of file.
2026-08-08 00:11:48,339 [ERROR] LogOutputStream:74 - [STDERR_REDIRECT] 
2026-08-08 00:11:49,340 [ERROR] LogOutputStream:74 - [STDERR_REDIRECT] [Fatal Error] :1:1: Premature end of file.
2026-08-08 00:11:49,341 [ERROR] LogOutputStream:74 - [STDERR_REDIRECT] 
2026-08-08 00:11:50,331 [ERROR] LogOutputStream:74 - [STDERR_REDIRECT] [Fatal Error] :1:1: Premature end of file.
2026-08-08 00:11:50,331 [ERROR] LogOutputStream:74 - [STDERR_REDIRECT] 
2026-08-08 00:11:51,331 [ERROR] LogOutputStream:74 - [STDERR_REDIRECT] [Fatal Error] :1:1: Premature end of file.
2026-08-08 00:11:51,331 [ERROR] LogOutputStream:74 - [STDERR_REDIRECT] 
2026-08-08 00:11:52,336 [ERROR] LogOutputStream:74 - [STDERR_REDIRECT] [Fatal Error] :1:1: Premature end of file.
2026-08-08 00:11:52,336 [ERROR] LogOutputStream:74 - [STDERR_REDIRECT] 
2026-08-08 00:11:53,330 [ERROR] LogOutputStream:74 - [STDERR_REDIRECT] [Fatal Error] :1:1: Premature end of file.
2026-08-08 00:11:53,331 [ERROR] LogOutputStream:74 - [STDERR_REDIRECT] 
2026-08-08 00:11:54,341 [ERROR] LogOutputStream:74 - [STDERR_REDIRECT] [Fatal Error] :1:1: Premature end of file.
2026-08-08 00:11:54,341 [ERROR] LogOutputStream:74 - [STDERR_REDIRECT] 
2026-08-08 00:11:55,348 [ERROR] LogOutputStream:74 - [STDERR_REDIRECT] [Fatal Error] :1:1: Premature end of file.
2026-08-08 00:11:55,349 [ERROR] LogOutputStream:74 - [STDERR_REDIRECT] 
2026-08-08 00:11:56,325 [ERROR] LogOutputStream:74 - [STDERR_REDIRECT] [Fatal Error] :1:1: Premature end of file.
2026-08-08 00:11:56,326 [ERROR] LogOutputStream:74 - [STDERR_REDIRECT] 
2026-08-08 00:11:57,327 [ERROR] LogOutputStream:74 - [STDERR_REDIRECT] [Fatal Error] :1:1: Premature end of file.
2026-08-08 00:11:57,327 [ERROR] LogOutputStream:74 - [STDERR_REDIRECT] 
2026-08-08 00:11:58,330 [ERROR] LogOutputStream:74 - [STDERR_REDIRECT] [Fatal Error] :1:1: Premature end of file.
2026-08-08 00:11:58,331 [ERROR] LogOutputStream:74 - [STDERR_REDIRECT] 
2026-08-08 00:11:59,333 [ERROR] LogOutputStream:74 - [STDERR_REDIRECT] [Fatal Error] :1:1: Premature end of file.
2026-08-08 00:11:59,334 [ERROR] LogOutputStream:74 - [STDERR_REDIRECT] 
2026-08-08 00:12:00,336 [ERROR] LogOutputStream:74 - [STDERR_REDIRECT] [Fatal Error] :1:1: Premature end of file.
2026-08-08 00:12:00,336 [ERROR] LogOutputStream:74 - [STDERR_REDIRECT] 
2026-08-08 00:12:01,337 [ERROR] LogOutputStream:74 - [STDERR_REDIRECT] [Fatal Error] :1:1: Premature end of file.
2026-08-08 00:12:01,338 [ERROR] LogOutputStream:74 - [STDERR_REDIRECT] 
2026-08-08 00:12:02,330 [ERROR] LogOutputStream:74 - [STDERR_REDIRECT] [Fatal Error] :1:1: Premature end of file.
2026-08-08 00:12:02,331 [ERROR] LogOutputStream:74 - [STDERR_REDIRECT] 
2026-08-08 00:12:03,330 [ERROR] LogOutputStream:74 - [STDERR_REDIRECT] [Fatal Error] :1:1: Premature end of file.
2026-08-08 00:12:03,331 [ERROR] LogOutputStream:74 - [STDERR_REDIRECT] 
2026-08-08 00:12:04,330 [ERROR] LogOutputStream:74 - [STDERR_REDIRECT] [Fatal Error] :1:1: Premature end of file.
2026-08-08 00:12:04,330 [ERROR] LogOutputStream:74 - [STDERR_REDIRECT] 
2026-08-08 00:12:05,341 [ERROR] LogOutputStream:74 - [STDERR_REDIRECT] [Fatal Error] :1:1: Premature end of file.
2026-08-08 00:12:05,342 [ERROR] LogOutputStream:74 - [STDERR_REDIRECT] 
2026-08-08 00:12:06,336 [ERROR] LogOutputStream:74 - [STDERR_REDIRECT] [Fatal Error] :1:1: Premature end of file.
2026-08-08 00:12:06,337 [ERROR] LogOutputStream:74 - [STDERR_REDIRECT] 
2026-08-08 00:12:07,332 [ERROR] LogOutputStream:74 - [STDERR_REDIRECT] [Fatal Error] :1:1: Premature end of file.
2026-08-08 00:12:07,332 [ERROR] LogOutputStream:74 - [STDERR_REDIRECT] 
2026-08-08 00:12:08,332 [ERROR] LogOutputStream:74 - [STDERR_REDIRECT] [Fatal Error] :1:1: Premature end of file.
2026-08-08 00:12:08,332 [ERROR] LogOutputStream:74 - [STDERR_REDIRECT] 
2026-08-08 00:12:09,348 [ERROR] LogOutputStream:74 - [STDERR_REDIRECT] [Fatal Error] :1:1: Premature end of file.
2026-08-08 00:12:09,348 [ERROR] LogOutputStream:74 - [STDERR_REDIRECT] 
2026-08-08 00:12:10,331 [ERROR] LogOutputStream:74 - [STDERR_REDIRECT] [Fatal Error] :1:1: Premature end of file.
2026-08-08 00:12:10,331 [ERROR] LogOutputStream:74 - [STDERR_REDIRECT] 
2026-08-08 00:12:11,341 [ERROR] LogOutputStream:74 - [STDERR_REDIRECT] [Fatal Error] :1:1: Premature end of file.
2026-08-08 00:12:11,342 [ERROR] LogOutputStream:74 - [STDERR_REDIRECT] 
2026-08-08 00:12:12,342 [ERROR] LogOutputStream:74 - [STDERR_REDIRECT] [Fatal Error] :1:1: Premature end of file.
2026-08-08 00:12:12,342 [ERROR] LogOutputStream:74 - [STDERR_REDIRECT] 
2026-08-08 00:12:13,344 [ERROR] LogOutputStream:74 - [STDERR_REDIRECT] [Fatal Error] :1:1: Premature end of file.
2026-08-08 00:12:13,345 [ERROR] LogOutputStream:74 - [STDERR_REDIRECT] 
2026-08-08 00:12:14,331 [ERROR] LogOutputStream:74 - [STDERR_REDIRECT] [Fatal Error] :1:1: Premature end of file.
2026-08-08 00:12:14,332 [ERROR] LogOutputStream:74 - [STDERR_REDIRECT] 
2026-08-08 00:12:15,352 [ERROR] LogOutputStream:74 - [STDERR_REDIRECT] [Fatal Error] :1:1: Premature end of file.
2026-08-08 00:12:15,352 [ERROR] LogOutputStream:74 - [STDERR_REDIRECT] 
2026-08-08 00:12:16,341 [ERROR] LogOutputStream:74 - [STDERR_REDIRECT] [Fatal Error] :1:1: Premature end of file.
2026-08-08 00:12:16,342 [ERROR] LogOutputStream:74 - [STDERR_REDIRECT] 
2026-08-08 00:12:17,331 [ERROR] LogOutputStream:74 - [STDERR_REDIRECT] [Fatal Error] :1:1: Premature end of file.
2026-08-08 00:12:17,331 [ERROR] LogOutputStream:74 - [STDERR_REDIRECT] 
2026-08-08 00:12:18,342 [ERROR] LogOutputStream:74 - [STDERR_REDIRECT] [Fatal Error] :1:1: Premature end of file.
2026-08-08 00:12:18,343 [ERROR] LogOutputStream:74 - [STDERR_REDIRECT] 
2026-08-08 00:12:19,339 [ERROR] LogOutputStream:74 - [STDERR_REDIRECT] [Fatal Error] :1:1: Premature end of file.
2026-08-08 00:12:19,341 [ERROR] LogOutputStream:74 - [STDERR_REDIRECT] 
2026-08-08 00:12:20,368 [ERROR] LogOutputStream:74 - [STDERR_REDIRECT] [Fatal Error] :1:1: Premature end of file.
2026-08-08 00:12:20,369 [ERROR] LogOutputStream:74 - [STDERR_REDIRECT] 
2026-08-08 00:12:21,334 [ERROR] LogOutputStream:74 - [STDERR_REDIRECT] [Fatal Error] :1:1: Premature end of file.
2026-08-08 00:12:21,334 [ERROR] LogOutputStream:74 - [STDERR_REDIRECT] 
2026-08-08 00:12:22,340 [ERROR] LogOutputStream:74 - [STDERR_REDIRECT] [Fatal Error] :1:1: Premature end of file.
2026-08-08 00:12:22,340 [ERROR] LogOutputStream:74 - [STDERR_REDIRECT] 
2026-08-08 00:12:23,333 [ERROR] LogOutputStream:74 - [STDERR_REDIRECT] [Fatal Error] :1:1: Premature end of file.
2026-08-08 00:12:23,333 [ERROR] LogOutputStream:74 - [STDERR_REDIRECT] 
2026-08-08 00:12:24,336 [ERROR] LogOutputStream:74 - [STDERR_REDIRECT] [Fatal Error] :1:1: Premature end of file.
2026-08-08 00:12:24,337 [ERROR] LogOutputStream:74 - [STDERR_REDIRECT] 
2026-08-08 00:12:25,329 [ERROR] LogOutputStream:74 - [STDERR_REDIRECT] [Fatal Error] :1:1: Premature end of file.
2026-08-08 00:12:25,329 [ERROR] LogOutputStream:74 - [STDERR_REDIRECT] 
2026-08-08 00:12:26,327 [ERROR] LogOutputStream:74 - [STDERR_REDIRECT] [Fatal Error] :1:1: Premature end of file.
2026-08-08 00:12:26,328 [ERROR] LogOutputStream:74 - [STDERR_REDIRECT] 
2026-08-08 00:12:27,336 [ERROR] LogOutputStream:74 - [STDERR_REDIRECT] [Fatal Error] :1:1: Premature end of file.
2026-08-08 00:12:27,336 [ERROR] LogOutputStream:74 - [STDERR_REDIRECT] 
2026-08-08 00:12:28,343 [ERROR] LogOutputStream:74 - [STDERR_REDIRECT] [Fatal Error] :1:1: Premature end of file.
2026-08-08 00:12:28,343 [ERROR] LogOutputStream:74 - [STDERR_REDIRECT] 
2026-08-08 00:12:29,333 [ERROR] LogOutputStream:74 - [STDERR_REDIRECT] [Fatal Error] :1:1: Premature end of file.
2026-08-08 00:12:29,333 [ERROR] LogOutputStream:74 - [STDERR_REDIRECT] 
2026-08-08 00:12:30,328 [ERROR] LogOutputStream:74 - [STDERR_REDIRECT] [Fatal Error] :1:1: Premature end of file.
2026-08-08 00:12:30,328 [ERROR] LogOutputStream:74 - [STDERR_REDIRECT] 
2026-08-08 00:12:31,337 [ERROR] LogOutputStream:74 - [STDERR_REDIRECT] [Fatal Error] :1:1: Premature end of file.
2026-08-08 00:12:31,337 [ERROR] LogOutputStream:74 - [STDERR_REDIRECT] 
2026-08-08 00:12:32,343 [ERROR] LogOutputStream:74 - [STDERR_REDIRECT] [Fatal Error] :1:1: Premature end of file.
2026-08-08 00:12:32,343 [ERROR] LogOutputStream:74 - [STDERR_REDIRECT] 
2026-08-08 00:12:33,344 [ERROR] LogOutputStream:74 - [STDERR_REDIRECT] [Fatal Error] :1:1: Premature end of file.
2026-08-08 00:12:33,344 [ERROR] LogOutputStream:74 - [STDERR_REDIRECT] 
2026-08-08 00:12:34,340 [ERROR] LogOutputStream:74 - [STDERR_REDIRECT] [Fatal Error] :1:1: Premature end of file.
2026-08-08 00:12:34,341 [ERROR] LogOutputStream:74 - [STDERR_REDIRECT] 
2026-08-08 00:12:35,331 [ERROR] LogOutputStream:74 - [STDERR_REDIRECT] [Fatal Error] :1:1: Premature end of file.
2026-08-08 00:12:35,332 [ERROR] LogOutputStream:74 - [STDERR_REDIRECT] 
2026-08-08 00:12:36,328 [ERROR] LogOutputStream:74 - [STDERR_REDIRECT] [Fatal Error] :1:1: Premature end of file.
2026-08-08 00:12:36,328 [ERROR] LogOutputStream:74 - [STDERR_REDIRECT] 
2026-08-08 00:12:37,342 [ERROR] LogOutputStream:74 - [STDERR_REDIRECT] [Fatal Error] :1:1: Premature end of file.
2026-08-08 00:12:37,343 [ERROR] LogOutputStream:74 - [STDERR_REDIRECT] 
2026-08-08 00:12:38,326 [ERROR] LogOutputStream:74 - [STDERR_REDIRECT] [Fatal Error] :1:1: Premature end of file.
2026-08-08 00:12:38,327 [ERROR] LogOutputStream:74 - [STDERR_REDIRECT] 
2026-08-08 00:12:39,341 [ERROR] LogOutputStream:74 - [STDERR_REDIRECT] [Fatal Error] :1:1: Premature end of file.
2026-08-08 00:12:39,341 [ERROR] LogOutputStream:74 - [STDERR_REDIRECT] 
2026-08-08 00:12:40,339 [ERROR] LogOutputStream:74 - [STDERR_REDIRECT] [Fatal Error] :1:1: Premature end of file.
2026-08-08 00:12:40,340 [ERROR] LogOutputStream:74 - [STDERR_REDIRECT] 
2026-08-08 00:12:41,714 [ERROR] LogOutputStream:74 - [STDERR_REDIRECT] [Fatal Error] :1:1: Premature end of file.
2026-08-08 00:12:41,714 [ERROR] LogOutputStream:74 - [STDERR_REDIRECT] 
2026-08-08 00:12:42,324 [ERROR] LogOutputStream:74 - [STDERR_REDIRECT] [Fatal Error] :1:1: Premature end of file.
2026-08-08 00:12:42,324 [ERROR] LogOutputStream:74 - [STDERR_REDIRECT] 
2026-08-08 00:12:43,329 [ERROR] LogOutputStream:74 - [STDERR_REDIRECT] [Fatal Error] :1:1: Premature end of file.
2026-08-08 00:12:43,329 [ERROR] LogOutputStream:74 - [STDERR_REDIRECT] 
2026-08-08 00:12:44,341 [ERROR] LogOutputStream:74 - [STDERR_REDIRECT] [Fatal Error] :1:1: Premature end of file.
2026-08-08 00:12:44,342 [ERROR] LogOutputStream:74 - [STDERR_REDIRECT] 
2026-08-08 00:12:45,341 [ERROR] LogOutputStream:74 - [STDERR_REDIRECT] [Fatal Error] :1:1: Premature end of file.
2026-08-08 00:12:45,341 [ERROR] LogOutputStream:74 - [STDERR_REDIRECT] 
2026-08-08 00:12:46,342 [ERROR] LogOutputStream:74 - [STDERR_REDIRECT] [Fatal Error] :1:1: Premature end of file.
2026-08-08 00:12:46,342 [ERROR] LogOutputStream:74 - [STDERR_REDIRECT] 
2026-08-08 00:12:47,337 [ERROR] LogOutputStream:74 - [STDERR_REDIRECT] [Fatal Error] :1:1: Premature end of file.
2026-08-08 00:12:47,338 [ERROR] LogOutputStream:74 - [STDERR_REDIRECT] 
2026-08-08 00:12:48,333 [ERROR] LogOutputStream:74 - [STDERR_REDIRECT] [Fatal Error] :1:1: Premature end of file.
2026-08-08 00:12:48,333 [ERROR] LogOutputStream:74 - [STDERR_REDIRECT] 
2026-08-08 00:12:49,329 [ERROR] LogOutputStream:74 - [STDERR_REDIRECT] [Fatal Error] :1:1: Premature end of file.
2026-08-08 00:12:49,330 [ERROR] LogOutputStream:74 - [STDERR_REDIRECT] 
2026-08-08 00:12:50,338 [ERROR] LogOutputStream:74 - [STDERR_REDIRECT] [Fatal Error] :1:1: Premature end of file.
2026-08-08 00:12:50,338 [ERROR] LogOutputStream:74 - [STDERR_REDIRECT] 
2026-08-08 00:12:51,338 [ERROR] LogOutputStream:74 - [STDERR_REDIRECT] [Fatal Error] :1:1: Premature end of file.
2026-08-08 00:12:51,338 [ERROR] LogOutputStream:74 - [STDERR_REDIRECT] 
2026-08-08 00:12:52,324 [ERROR] LogOutputStream:74 - [STDERR_REDIRECT] [Fatal Error] :1:1: Premature end of file.
2026-08-08 00:12:52,324 [ERROR] LogOutputStream:74 - [STDERR_REDIRECT] 
2026-08-08 00:12:53,334 [ERROR] LogOutputStream:74 - [STDERR_REDIRECT] [Fatal Error] :1:1: Premature end of file.
2026-08-08 00:12:53,335 [ERROR] LogOutputStream:74 - [STDERR_REDIRECT] 
2026-08-08 00:12:54,341 [ERROR] LogOutputStream:74 - [STDERR_REDIRECT] [Fatal Error] :1:1: Premature end of file.
2026-08-08 00:12:54,341 [ERROR] LogOutputStream:74 - [STDERR_REDIRECT] 
2026-08-08 00:12:55,345 [ERROR] LogOutputStream:74 - [STDERR_REDIRECT] [Fatal Error] :1:1: Premature end of file.
2026-08-08 00:12:55,345 [ERROR] LogOutputStream:74 - [STDERR_REDIRECT] 
2026-08-08 00:12:56,347 [ERROR] LogOutputStream:74 - [STDERR_REDIRECT] [Fatal Error] :1:1: Premature end of file.
2026-08-08 00:12:56,347 [ERROR] LogOutputStream:74 - [STDERR_REDIRECT] 
2026-08-08 00:12:57,335 [ERROR] LogOutputStream:74 - [STDERR_REDIRECT] [Fatal Error] :1:1: Premature end of file.
2026-08-08 00:12:57,336 [ERROR] LogOutputStream:74 - [STDERR_REDIRECT] 
2026-08-08 00:12:58,339 [ERROR] LogOutputStream:74 - [STDERR_REDIRECT] [Fatal Error] :1:1: Premature end of file.
2026-08-08 00:12:58,340 [ERROR] LogOutputStream:74 - [STDERR_REDIRECT] 
2026-08-08 00:12:59,332 [ERROR] LogOutputStream:74 - [STDERR_REDIRECT] [Fatal Error] :1:1: Premature end of file.
2026-08-08 00:12:59,333 [ERROR] LogOutputStream:74 - [STDERR_REDIRECT] 
2026-08-08 00:13:00,378 [ERROR] LogOutputStream:74 - [STDERR_REDIRECT] [Fatal Error] :1:1: Premature end of file.
2026-08-08 00:13:00,379 [ERROR] LogOutputStream:74 - [STDERR_REDIRECT] 
2026-08-08 00:13:01,324 [ERROR] LogOutputStream:74 - [STDERR_REDIRECT] [Fatal Error] :1:1: Premature end of file.
2026-08-08 00:13:01,325 [ERROR] LogOutputStream:74 - [STDERR_REDIRECT] 
2026-08-08 00:13:02,330 [ERROR] LogOutputStream:74 - [STDERR_REDIRECT] [Fatal Error] :1:1: Premature end of file.
2026-08-08 00:13:02,331 [ERROR] LogOutputStream:74 - [STDERR_REDIRECT] 
2026-08-08 00:13:03,335 [ERROR] LogOutputStream:74 - [STDERR_REDIRECT] [Fatal Error] :1:1: Premature end of file.
2026-08-08 00:13:03,335 [ERROR] LogOutputStream:74 - [STDERR_REDIRECT] 
2026-08-08 00:13:04,337 [ERROR] LogOutputStream:74 - [STDERR_REDIRECT] [Fatal Error] :1:1: Premature end of file.
2026-08-08 00:13:04,337 [ERROR] LogOutputStream:74 - [STDERR_REDIRECT] 
2026-08-08 00:13:05,348 [ERROR] LogOutputStream:74 - [STDERR_REDIRECT] [Fatal Error] :1:1: Premature end of file.
2026-08-08 00:13:05,348 [ERROR] LogOutputStream:74 - [STDERR_REDIRECT] 
2026-08-08 00:13:06,340 [ERROR] LogOutputStream:74 - [STDERR_REDIRECT] [Fatal Error] :1:1: Premature end of file.
2026-08-08 00:13:06,341 [ERROR] LogOutputStream:74 - [STDERR_REDIRECT] 
2026-08-08 00:13:07,328 [ERROR] LogOutputStream:74 - [STDERR_REDIRECT] [Fatal Error] :1:1: Premature end of file.
2026-08-08 00:13:07,328 [ERROR] LogOutputStream:74 - [STDERR_REDIRECT] 
2026-08-08 00:13:08,325 [ERROR] LogOutputStream:74 - [STDERR_REDIRECT] [Fatal Error] :1:1: Premature end of file.
2026-08-08 00:13:08,325 [ERROR] LogOutputStream:74 - [STDERR_REDIRECT] 
2026-08-08 00:13:09,328 [ERROR] LogOutputStream:74 - [STDERR_REDIRECT] [Fatal Error] :1:1: Premature end of file.
2026-08-08 00:13:09,329 [ERROR] LogOutputStream:74 - [STDERR_REDIRECT] 
2026-08-08 00:13:10,339 [ERROR] LogOutputStream:74 - [STDERR_REDIRECT] [Fatal Error] :1:1: Premature end of file.
2026-08-08 00:13:10,341 [ERROR] LogOutputStream:74 - [STDERR_REDIRECT] 
2026-08-08 00:13:11,336 [ERROR] LogOutputStream:74 - [STDERR_REDIRECT] [Fatal Error] :1:1: Premature end of file.
2026-08-08 00:13:11,336 [ERROR] LogOutputStream:74 - [STDERR_REDIRECT] 
2026-08-08 00:13:12,332 [ERROR] LogOutputStream:74 - [STDERR_REDIRECT] [Fatal Error] :1:1: Premature end of file.
2026-08-08 00:13:12,332 [ERROR] LogOutputStream:74 - [STDERR_REDIRECT] 
2026-08-08 00:13:13,336 [ERROR] LogOutputStream:74 - [STDERR_REDIRECT] [Fatal Error] :1:1: Premature end of file.
2026-08-08 00:13:13,336 [ERROR] LogOutputStream:74 - [STDERR_REDIRECT] 
2026-08-08 00:13:14,335 [ERROR] LogOutputStream:74 - [STDERR_REDIRECT] [Fatal Error] :1:1: Premature end of file.
2026-08-08 00:13:14,335 [ERROR] LogOutputStream:74 - [STDERR_REDIRECT] 
2026-08-08 00:13:15,338 [ERROR] LogOutputStream:74 - [STDERR_REDIRECT] [Fatal Error] :1:1: Premature end of file.
2026-08-08 00:13:15,338 [ERROR] LogOutputStream:74 - [STDERR_REDIRECT] 
2026-08-08 00:13:16,341 [ERROR] LogOutputStream:74 - [STDERR_REDIRECT] [Fatal Error] :1:1: Premature end of file.
2026-08-08 00:13:16,342 [ERROR] LogOutputStream:74 - [STDERR_REDIRECT] 
2026-08-08 00:13:17,345 [ERROR] LogOutputStream:74 - [STDERR_REDIRECT] [Fatal Error] :1:1: Premature end of file.
2026-08-08 00:13:17,345 [ERROR] LogOutputStream:74 - [STDERR_REDIRECT] 
2026-08-08 00:13:18,347 [ERROR] LogOutputStream:74 - [STDERR_REDIRECT] [Fatal Error] :1:1: Premature end of file.
2026-08-08 00:13:18,348 [ERROR] LogOutputStream:74 - [STDERR_REDIRECT] 
2026-08-08 00:13:19,369 [ERROR] LogOutputStream:74 - [STDERR_REDIRECT] [Fatal Error] :1:1: Premature end of file.
2026-08-08 00:13:19,370 [ERROR] LogOutputStream:74 - [STDERR_REDIRECT] 
2026-08-08 00:13:20,334 [ERROR] LogOutputStream:74 - [STDERR_REDIRECT] [Fatal Error] :1:1: Premature end of file.
2026-08-08 00:13:20,335 [ERROR] LogOutputStream:74 - [STDERR_REDIRECT] 
2026-08-08 00:13:21,332 [ERROR] LogOutputStream:74 - [STDERR_REDIRECT] [Fatal Error] :1:1: Premature end of file.
2026-08-08 00:13:21,332 [ERROR] LogOutputStream:74 - [STDERR_REDIRECT] 
2026-08-08 00:13:22,339 [ERROR] LogOutputStream:74 - [STDERR_REDIRECT] [Fatal Error] :1:1: Premature end of file.
2026-08-08 00:13:22,339 [ERROR] LogOutputStream:74 - [STDERR_REDIRECT] 
2026-08-08 00:13:23,326 [ERROR] LogOutputStream:74 - [STDERR_REDIRECT] [Fatal Error] :1:1: Premature end of file.
2026-08-08 00:13:23,326 [ERROR] LogOutputStream:74 - [STDERR_REDIRECT] 
2026-08-08 00:13:24,349 [ERROR] LogOutputStream:74 - [STDERR_REDIRECT] [Fatal Error] :1:1: Premature end of file.
2026-08-08 00:13:24,349 [ERROR] LogOutputStream:74 - [STDERR_REDIRECT] 
2026-08-08 00:13:25,332 [ERROR] LogOutputStream:74 - [STDERR_REDIRECT] [Fatal Error] :1:1: Premature end of file.
2026-08-08 00:13:25,332 [ERROR] LogOutputStream:74 - [STDERR_REDIRECT] 
2026-08-08 00:13:26,334 [ERROR] LogOutputStream:74 - [STDERR_REDIRECT] [Fatal Error] :1:1: Premature end of file.
2026-08-08 00:13:26,335 [ERROR] LogOutputStream:74 - [STDERR_REDIRECT] 
2026-08-08 00:13:27,337 [ERROR] LogOutputStream:74 - [STDERR_REDIRECT] [Fatal Error] :1:1: Premature end of file.
2026-08-08 00:13:27,337 [ERROR] LogOutputStream:74 - [STDERR_REDIRECT] 
2026-08-08 00:13:28,338 [ERROR] LogOutputStream:74 - [STDERR_REDIRECT] [Fatal Error] :1:1: Premature end of file.
2026-08-08 00:13:28,338 [ERROR] LogOutputStream:74 - [STDERR_REDIRECT] 
2026-08-08 00:13:29,344 [ERROR] LogOutputStream:74 - [STDERR_REDIRECT] [Fatal Error] :1:1: Premature end of file.
2026-08-08 00:13:29,344 [ERROR] LogOutputStream:74 - [STDERR_REDIRECT] 
2026-08-08 00:13:30,343 [ERROR] LogOutputStream:74 - [STDERR_REDIRECT] [Fatal Error] :1:1: Premature end of file.
2026-08-08 00:13:30,344 [ERROR] LogOutputStream:74 - [STDERR_REDIRECT] 
2026-08-08 00:13:31,338 [ERROR] LogOutputStream:74 - [STDERR_REDIRECT] [Fatal Error] :1:1: Premature end of file.
2026-08-08 00:13:31,338 [ERROR] LogOutputStream:74 - [STDERR_REDIRECT] 
2026-08-08 00:13:32,334 [ERROR] LogOutputStream:74 - [STDERR_REDIRECT] [Fatal Error] :1:1: Premature end of file.
2026-08-08 00:13:32,335 [ERROR] LogOutputStream:74 - [STDERR_REDIRECT] 
2026-08-08 00:13:33,323 [ERROR] LogOutputStream:74 - [STDERR_REDIRECT] [Fatal Error] :1:1: Premature end of file.
2026-08-08 00:13:33,325 [ERROR] LogOutputStream:74 - [STDERR_REDIRECT] 
2026-08-08 00:13:34,325 [ERROR] LogOutputStream:74 - [STDERR_REDIRECT] [Fatal Error] :1:1: Premature end of file.
2026-08-08 00:13:34,325 [ERROR] LogOutputStream:74 - [STDERR_REDIRECT] 
2026-08-08 00:13:35,338 [ERROR] LogOutputStream:74 - [STDERR_REDIRECT] [Fatal Error] :1:1: Premature end of file.
2026-08-08 00:13:35,339 [ERROR] LogOutputStream:74 - [STDERR_REDIRECT] 
2026-08-08 00:13:36,329 [ERROR] LogOutputStream:74 - [STDERR_REDIRECT] [Fatal Error] :1:1: Premature end of file.
2026-08-08 00:13:36,331 [ERROR] LogOutputStream:74 - [STDERR_REDIRECT] 
2026-08-08 00:13:37,378 [ERROR] LogOutputStream:74 - [STDERR_REDIRECT] [Fatal Error] :1:1: Premature end of file.
2026-08-08 00:13:37,379 [ERROR] LogOutputStream:74 - [STDERR_REDIRECT] 
2026-08-08 00:13:38,337 [ERROR] LogOutputStream:74 - [STDERR_REDIRECT] [Fatal Error] :1:1: Premature end of file.
2026-08-08 00:13:38,337 [ERROR] LogOutputStream:74 - [STDERR_REDIRECT] 
2026-08-08 00:13:39,339 [ERROR] LogOutputStream:74 - [STDERR_REDIRECT] [Fatal Error] :1:1: Premature end of file.
2026-08-08 00:13:39,339 [ERROR] LogOutputStream:74 - [STDERR_REDIRECT] 
2026-08-08 00:13:40,339 [ERROR] LogOutputStream:74 - [STDERR_REDIRECT] [Fatal Error] :1:1: Premature end of file.
2026-08-08 00:13:40,341 [ERROR] LogOutputStream:74 - [STDERR_REDIRECT] 
2026-08-08 00:13:41,326 [ERROR] LogOutputStream:74 - [STDERR_REDIRECT] [Fatal Error] :1:1: Premature end of file.
2026-08-08 00:13:41,326 [ERROR] LogOutputStream:74 - [STDERR_REDIRECT] 
2026-08-08 00:13:42,335 [ERROR] LogOutputStream:74 - [STDERR_REDIRECT] [Fatal Error] :1:1: Premature end of file.
2026-08-08 00:13:42,335 [ERROR] LogOutputStream:74 - [STDERR_REDIRECT] 
2026-08-08 00:13:43,327 [ERROR] LogOutputStream:74 - [STDERR_REDIRECT] [Fatal Error] :1:1: Premature end of file.
2026-08-08 00:13:43,327 [ERROR] LogOutputStream:74 - [STDERR_REDIRECT] 
2026-08-08 00:13:44,335 [ERROR] LogOutputStream:74 - [STDERR_REDIRECT] [Fatal Error] :1:1: Premature end of file.
2026-08-08 00:13:44,336 [ERROR] LogOutputStream:74 - [STDERR_REDIRECT] 
2026-08-08 00:13:45,335 [ERROR] LogOutputStream:74 - [STDERR_REDIRECT] [Fatal Error] :1:1: Premature end of file.
2026-08-08 00:13:45,336 [ERROR] LogOutputStream:74 - [STDERR_REDIRECT] 
2026-08-08 00:13:46,334 [ERROR] LogOutputStream:74 - [STDERR_REDIRECT] [Fatal Error] :1:1: Premature end of file.
2026-08-08 00:13:46,335 [ERROR] LogOutputStream:74 - [STDERR_REDIRECT] 
2026-08-08 00:13:47,332 [ERROR] LogOutputStream:74 - [STDERR_REDIRECT] [Fatal Error] :1:1: Premature end of file.
2026-08-08 00:13:47,332 [ERROR] LogOutputStream:74 - [STDERR_REDIRECT] 
2026-08-08 00:13:48,334 [ERROR] LogOutputStream:74 - [STDERR_REDIRECT] [Fatal Error] :1:1: Premature end of file.
2026-08-08 00:13:48,334 [ERROR] LogOutputStream:74 - [STDERR_REDIRECT] 
2026-08-08 00:13:49,324 [ERROR] LogOutputStream:74 - [STDERR_REDIRECT] [Fatal Error] :1:1: Premature end of file.
2026-08-08 00:13:49,324 [ERROR] LogOutputStream:74 - [STDERR_REDIRECT] 
2026-08-08 00:13:50,332 [ERROR] LogOutputStream:74 - [STDERR_REDIRECT] [Fatal Error] :1:1: Premature end of file.
2026-08-08 00:13:50,333 [ERROR] LogOutputStream:74 - [STDERR_REDIRECT] 
2026-08-08 00:13:51,341 [ERROR] LogOutputStream:74 - [STDERR_REDIRECT] [Fatal Error] :1:1: Premature end of file.
2026-08-08 00:13:51,341 [ERROR] LogOutputStream:74 - [STDERR_REDIRECT] 
2026-08-08 00:13:52,323 [ERROR] LogOutputStream:74 - [STDERR_REDIRECT] [Fatal Error] :1:1: Premature end of file.
2026-08-08 00:13:52,323 [ERROR] LogOutputStream:74 - [STDERR_REDIRECT] 
2026-08-08 00:13:53,327 [ERROR] LogOutputStream:74 - [STDERR_REDIRECT] [Fatal Error] :1:1: Premature end of file.
2026-08-08 00:13:53,327 [ERROR] LogOutputStream:74 - [STDERR_REDIRECT] 
2026-08-08 00:13:54,338 [ERROR] LogOutputStream:74 - [STDERR_REDIRECT] [Fatal Error] :1:1: Premature end of file.
2026-08-08 00:13:54,338 [ERROR] LogOutputStream:74 - [STDERR_REDIRECT] 
2026-08-08 00:13:55,390 [ERROR] LogOutputStream:74 - [STDERR_REDIRECT] [Fatal Error] :1:1: Premature end of file.
2026-08-08 00:13:55,390 [ERROR] LogOutputStream:74 - [STDERR_REDIRECT] 
2026-08-08 00:13:56,337 [ERROR] LogOutputStream:74 - [STDERR_REDIRECT] [Fatal Error] :1:1: Premature end of file.
2026-08-08 00:13:56,337 [ERROR] LogOutputStream:74 - [STDERR_REDIRECT] 
2026-08-08 00:13:57,360 [ERROR] LogOutputStream:74 - [STDERR_REDIRECT] [Fatal Error] :1:1: Premature end of file.
2026-08-08 00:13:57,360 [ERROR] LogOutputStream:74 - [STDERR_REDIRECT] 
2026-08-08 00:13:58,332 [ERROR] LogOutputStream:74 - [STDERR_REDIRECT] [Fatal Error] :1:1: Premature end of file.
2026-08-08 00:13:58,333 [ERROR] LogOutputStream:74 - [STDERR_REDIRECT] 
2026-08-08 00:13:59,327 [ERROR] LogOutputStream:74 - [STDERR_REDIRECT] [Fatal Error] :1:1: Premature end of file.
2026-08-08 00:13:59,327 [ERROR] LogOutputStream:74 - [STDERR_REDIRECT] 
2026-08-08 00:14:00,332 [ERROR] LogOutputStream:74 - [STDERR_REDIRECT] [Fatal Error] :1:1: Premature end of file.
2026-08-08 00:14:00,332 [ERROR] LogOutputStream:74 - [STDERR_REDIRECT] 
2026-08-08 00:14:01,332 [ERROR] LogOutputStream:74 - [STDERR_REDIRECT] [Fatal Error] :1:1: Premature end of file.
2026-08-08 00:14:01,332 [ERROR] LogOutputStream:74 - [STDERR_REDIRECT] 
2026-08-08 00:14:02,401 [ERROR] LogOutputStream:74 - [STDERR_REDIRECT] [Fatal Error] :1:1: Premature end of file.
2026-08-08 00:14:02,402 [ERROR] LogOutputStream:74 - [STDERR_REDIRECT] 
2026-08-08 00:14:03,327 [ERROR] LogOutputStream:74 - [STDERR_REDIRECT] [Fatal Error] :1:1: Premature end of file.
2026-08-08 00:14:03,328 [ERROR] LogOutputStream:74 - [STDERR_REDIRECT] 
2026-08-08 00:14:04,333 [ERROR] LogOutputStream:74 - [STDERR_REDIRECT] [Fatal Error] :1:1: Premature end of file.
2026-08-08 00:14:04,334 [ERROR] LogOutputStream:74 - [STDERR_REDIRECT] 
2026-08-08 00:14:05,349 [ERROR] LogOutputStream:74 - [STDERR_REDIRECT] [Fatal Error] :1:1: Premature end of file.
2026-08-08 00:14:05,349 [ERROR] LogOutputStream:74 - [STDERR_REDIRECT] 
2026-08-08 00:14:06,335 [ERROR] LogOutputStream:74 - [STDERR_REDIRECT] [Fatal Error] :1:1: Premature end of file.
2026-08-08 00:14:06,336 [ERROR] LogOutputStream:74 - [STDERR_REDIRECT] 
2026-08-08 00:14:07,325 [ERROR] LogOutputStream:74 - [STDERR_REDIRECT] [Fatal Error] :1:1: Premature end of file.
2026-08-08 00:14:07,325 [ERROR] LogOutputStream:74 - [STDERR_REDIRECT] 
2026-08-08 00:14:08,328 [ERROR] LogOutputStream:74 - [STDERR_REDIRECT] [Fatal Error] :1:1: Premature end of file.
2026-08-08 00:14:08,330 [ERROR] LogOutputStream:74 - [STDERR_REDIRECT] 
2026-08-08 00:14:09,337 [ERROR] LogOutputStream:74 - [STDERR_REDIRECT] [Fatal Error] :1:1: Premature end of file.
2026-08-08 00:14:09,337 [ERROR] LogOutputStream:74 - [STDERR_REDIRECT] 
2026-08-08 00:14:10,346 [ERROR] LogOutputStream:74 - [STDERR_REDIRECT] [Fatal Error] :1:1: Premature end of file.
2026-08-08 00:14:10,347 [ERROR] LogOutputStream:74 - [STDERR_REDIRECT] 
2026-08-08 00:14:11,325 [ERROR] LogOutputStream:74 - [STDERR_REDIRECT] [Fatal Error] :1:1: Premature end of file.
2026-08-08 00:14:11,326 [ERROR] LogOutputStream:74 - [STDERR_REDIRECT] 
2026-08-08 00:14:12,343 [ERROR] LogOutputStream:74 - [STDERR_REDIRECT] [Fatal Error] :1:1: Premature end of file.
2026-08-08 00:14:12,343 [ERROR] LogOutputStream:74 - [STDERR_REDIRECT] 
2026-08-08 00:14:13,339 [ERROR] LogOutputStream:74 - [STDERR_REDIRECT] [Fatal Error] :1:1: Premature end of file.
2026-08-08 00:14:13,705 [ERROR] LogOutputStream:74 - [STDERR_REDIRECT] 
2026-08-08 00:14:14,327 [ERROR] LogOutputStream:74 - [STDERR_REDIRECT] [Fatal Error] :1:1: Premature end of file.
2026-08-08 00:14:14,328 [ERROR] LogOutputStream:74 - [STDERR_REDIRECT] 
2026-08-08 00:14:15,333 [ERROR] LogOutputStream:74 - [STDERR_REDIRECT] [Fatal Error] :1:1: Premature end of file.
2026-08-08 00:14:15,333 [ERROR] LogOutputStream:74 - [STDERR_REDIRECT] 
2026-08-08 00:14:16,337 [ERROR] LogOutputStream:74 - [STDERR_REDIRECT] [Fatal Error] :1:1: Premature end of file.
2026-08-08 00:14:16,337 [ERROR] LogOutputStream:74 - [STDERR_REDIRECT] 
2026-08-08 00:14:17,328 [ERROR] LogOutputStream:74 - [STDERR_REDIRECT] [Fatal Error] :1:1: Premature end of file.
2026-08-08 00:14:17,328 [ERROR] LogOutputStream:74 - [STDERR_REDIRECT] 
2026-08-08 00:14:18,341 [ERROR] LogOutputStream:74 - [STDERR_REDIRECT] [Fatal Error] :1:1: Premature end of file.
2026-08-08 00:14:18,341 [ERROR] LogOutputStream:74 - [STDERR_REDIRECT] 
2026-08-08 00:14:19,331 [ERROR] LogOutputStream:74 - [STDERR_REDIRECT] [Fatal Error] :1:1: Premature end of file.
2026-08-08 00:14:19,332 [ERROR] LogOutputStream:74 - [STDERR_REDIRECT] 
2026-08-08 00:14:20,329 [ERROR] LogOutputStream:74 - [STDERR_REDIRECT] [Fatal Error] :1:1: Premature end of file.
2026-08-08 00:14:20,331 [ERROR] LogOutputStream:74 - [STDERR_REDIRECT] 
2026-08-08 00:14:21,331 [ERROR] LogOutputStream:74 - [STDERR_REDIRECT] [Fatal Error] :1:1: Premature end of file.
2026-08-08 00:14:21,332 [ERROR] LogOutputStream:74 - [STDERR_REDIRECT] 
2026-08-08 00:14:22,402 [ERROR] LogOutputStream:74 - [STDERR_REDIRECT] [Fatal Error] :1:1: Premature end of file.
2026-08-08 00:14:22,402 [ERROR] LogOutputStream:74 - [STDERR_REDIRECT] 
2026-08-08 00:14:23,328 [ERROR] LogOutputStream:74 - [STDERR_REDIRECT] [Fatal Error] :1:1: Premature end of file.
2026-08-08 00:14:23,329 [ERROR] LogOutputStream:74 - [STDERR_REDIRECT] 
2026-08-08 00:14:24,337 [ERROR] LogOutputStream:74 - [STDERR_REDIRECT] [Fatal Error] :1:1: Premature end of file.
2026-08-08 00:14:24,337 [ERROR] LogOutputStream:74 - [STDERR_REDIRECT] 
2026-08-08 00:14:25,335 [ERROR] LogOutputStream:74 - [STDERR_REDIRECT] [Fatal Error] :1:1: Premature end of file.
2026-08-08 00:14:25,335 [ERROR] LogOutputStream:74 - [STDERR_REDIRECT] 
2026-08-08 00:14:26,338 [ERROR] LogOutputStream:74 - [STDERR_REDIRECT] [Fatal Error] :1:1: Premature end of file.
2026-08-08 00:14:26,338 [ERROR] LogOutputStream:74 - [STDERR_REDIRECT] 
2026-08-08 00:14:27,322 [ERROR] LogOutputStream:74 - [STDERR_REDIRECT] [Fatal Error] :1:1: Premature end of file.
2026-08-08 00:14:27,322 [ERROR] LogOutputStream:74 - [STDERR_REDIRECT] 
2026-08-08 00:14:28,323 [ERROR] LogOutputStream:74 - [STDERR_REDIRECT] [Fatal Error] :1:1: Premature end of file.
2026-08-08 00:14:28,323 [ERROR] LogOutputStream:74 - [STDERR_REDIRECT] 
2026-08-08 00:14:29,338 [ERROR] LogOutputStream:74 - [STDERR_REDIRECT] [Fatal Error] :1:1: Premature end of file.
2026-08-08 00:14:29,338 [ERROR] LogOutputStream:74 - [STDERR_REDIRECT] 
2026-08-08 00:14:30,334 [ERROR] LogOutputStream:74 - [STDERR_REDIRECT] [Fatal Error] :1:1: Premature end of file.
2026-08-08 00:14:30,334 [ERROR] LogOutputStream:74 - [STDERR_REDIRECT] 
2026-08-08 00:14:31,333 [ERROR] LogOutputStream:74 - [STDERR_REDIRECT] [Fatal Error] :1:1: Premature end of file.
2026-08-08 00:14:31,334 [ERROR] LogOutputStream:74 - [STDERR_REDIRECT] 
2026-08-08 00:14:32,333 [ERROR] LogOutputStream:74 - [STDERR_REDIRECT] [Fatal Error] :1:1: Premature end of file.
2026-08-08 00:14:32,333 [ERROR] LogOutputStream:74 - [STDERR_REDIRECT] 
2026-08-08 00:14:33,328 [ERROR] LogOutputStream:74 - [STDERR_REDIRECT] [Fatal Error] :1:1: Premature end of file.
2026-08-08 00:14:33,328 [ERROR] LogOutputStream:74 - [STDERR_REDIRECT] 
2026-08-08 00:14:34,338 [ERROR] LogOutputStream:74 - [STDERR_REDIRECT] [Fatal Error] :1:1: Premature end of file.
2026-08-08 00:14:34,338 [ERROR] LogOutputStream:74 - [STDERR_REDIRECT] 
2026-08-08 00:14:35,338 [ERROR] LogOutputStream:74 - [STDERR_REDIRECT] [Fatal Error] :1:1: Premature end of file.
2026-08-08 00:14:35,338 [ERROR] LogOutputStream:74 - [STDERR_REDIRECT] 
2026-08-08 00:14:36,342 [ERROR] LogOutputStream:74 - [STDERR_REDIRECT] [Fatal Error] :1:1: Premature end of file.
2026-08-08 00:14:36,342 [ERROR] LogOutputStream:74 - [STDERR_REDIRECT] 
2026-08-08 00:14:37,327 [ERROR] LogOutputStream:74 - [STDERR_REDIRECT] [Fatal Error] :1:1: Premature end of file.
2026-08-08 00:14:37,327 [ERROR] LogOutputStream:74 - [STDERR_REDIRECT] 
2026-08-08 00:14:38,336 [ERROR] LogOutputStream:74 - [STDERR_REDIRECT] [Fatal Error] :1:1: Premature end of file.
2026-08-08 00:14:38,337 [ERROR] LogOutputStream:74 - [STDERR_REDIRECT] 
2026-08-08 00:14:39,334 [ERROR] LogOutputStream:74 - [STDERR_REDIRECT] [Fatal Error] :1:1: Premature end of file.
2026-08-08 00:14:39,334 [ERROR] LogOutputStream:74 - [STDERR_REDIRECT] 
2026-08-08 00:14:40,347 [ERROR] LogOutputStream:74 - [STDERR_REDIRECT] [Fatal Error] :1:1: Premature end of file.
2026-08-08 00:14:40,347 [ERROR] LogOutputStream:74 - [STDERR_REDIRECT] 
2026-08-08 00:14:41,337 [ERROR] LogOutputStream:74 - [STDERR_REDIRECT] [Fatal Error] :1:1: Premature end of file.
2026-08-08 00:14:41,337 [ERROR] LogOutputStream:74 - [STDERR_REDIRECT] 
2026-08-08 00:14:42,340 [ERROR] LogOutputStream:74 - [STDERR_REDIRECT] [Fatal Error] :1:1: Premature end of file.
2026-08-08 00:14:42,340 [ERROR] LogOutputStream:74 - [STDERR_REDIRECT] 
2026-08-08 00:14:43,347 [ERROR] LogOutputStream:74 - [STDERR_REDIRECT] [Fatal Error] :1:1: Premature end of file.
2026-08-08 00:14:43,348 [ERROR] LogOutputStream:74 - [STDERR_REDIRECT] 
2026-08-08 00:14:44,334 [ERROR] LogOutputStream:74 - [STDERR_REDIRECT] [Fatal Error] :1:1: Premature end of file.
2026-08-08 00:14:44,335 [ERROR] LogOutputStream:74 - [STDERR_REDIRECT] 
2026-08-08 00:14:45,327 [ERROR] LogOutputStream:74 - [STDERR_REDIRECT] [Fatal Error] :1:1: Premature end of file.
2026-08-08 00:14:45,327 [ERROR] LogOutputStream:74 - [STDERR_REDIRECT] 
2026-08-08 00:14:46,328 [ERROR] LogOutputStream:74 - [STDERR_REDIRECT] [Fatal Error] :1:1: Premature end of file.
2026-08-08 00:14:46,328 [ERROR] LogOutputStream:74 - [STDERR_REDIRECT] 
2026-08-08 00:14:47,350 [ERROR] LogOutputStream:74 - [STDERR_REDIRECT] [Fatal Error] :1:1: Premature end of file.
2026-08-08 00:14:47,350 [ERROR] LogOutputStream:74 - [STDERR_REDIRECT] 
2026-08-08 00:14:48,361 [ERROR] LogOutputStream:74 - [STDERR_REDIRECT] [Fatal Error] :1:1: Premature end of file.
2026-08-08 00:14:48,362 [ERROR] LogOutputStream:74 - [STDERR_REDIRECT] 
2026-08-08 00:14:49,345 [ERROR] LogOutputStream:74 - [STDERR_REDIRECT] [Fatal Error] :1:1: Premature end of file.
2026-08-08 00:14:49,345 [ERROR] LogOutputStream:74 - [STDERR_REDIRECT] 
2026-08-08 00:14:50,326 [ERROR] LogOutputStream:74 - [STDERR_REDIRECT] [Fatal Error] :1:1: Premature end of file.
2026-08-08 00:14:50,327 [ERROR] LogOutputStream:74 - [STDERR_REDIRECT] 
2026-08-08 00:14:51,326 [ERROR] LogOutputStream:74 - [STDERR_REDIRECT] [Fatal Error] :1:1: Premature end of file.
2026-08-08 00:14:51,327 [ERROR] LogOutputStream:74 - [STDERR_REDIRECT] 
2026-08-08 00:14:52,339 [ERROR] LogOutputStream:74 - [STDERR_REDIRECT] [Fatal Error] :1:1: Premature end of file.
2026-08-08 00:14:52,339 [ERROR] LogOutputStream:74 - [STDERR_REDIRECT] 
2026-08-08 00:14:53,338 [ERROR] LogOutputStream:74 - [STDERR_REDIRECT] [Fatal Error] :1:1: Premature end of file.
2026-08-08 00:14:53,338 [ERROR] LogOutputStream:74 - [STDERR_REDIRECT] 
2026-08-08 00:14:54,324 [ERROR] LogOutputStream:74 - [STDERR_REDIRECT] [Fatal Error] :1:1: Premature end of file.
2026-08-08 00:14:54,324 [ERROR] LogOutputStream:74 - [STDERR_REDIRECT] 
2026-08-08 00:14:55,327 [ERROR] LogOutputStream:74 - [STDERR_REDIRECT] [Fatal Error] :1:1: Premature end of file.
2026-08-08 00:14:55,329 [ERROR] LogOutputStream:74 - [STDERR_REDIRECT] 
2026-08-08 00:14:56,331 [ERROR] LogOutputStream:74 - [STDERR_REDIRECT] [Fatal Error] :1:1: Premature end of file.
2026-08-08 00:14:56,332 [ERROR] LogOutputStream:74 - [STDERR_REDIRECT] 
2026-08-08 00:14:57,335 [ERROR] LogOutputStream:74 - [STDERR_REDIRECT] [Fatal Error] :1:1: Premature end of file.
2026-08-08 00:14:57,336 [ERROR] LogOutputStream:74 - [STDERR_REDIRECT] 
2026-08-08 00:14:58,322 [ERROR] LogOutputStream:74 - [STDERR_REDIRECT] [Fatal Error] :1:1: Premature end of file.
2026-08-08 00:14:58,323 [ERROR] LogOutputStream:74 - [STDERR_REDIRECT] 
2026-08-08 00:14:59,329 [ERROR] LogOutputStream:74 - [STDERR_REDIRECT] [Fatal Error] :1:1: Premature end of file.
2026-08-08 00:14:59,329 [ERROR] LogOutputStream:74 - [STDERR_REDIRECT] 
2026-08-08 00:15:00,334 [ERROR] LogOutputStream:74 - [STDERR_REDIRECT] [Fatal Error] :1:1: Premature end of file.
2026-08-08 00:15:00,335 [ERROR] LogOutputStream:74 - [STDERR_REDIRECT] 
2026-08-08 00:15:01,325 [ERROR] LogOutputStream:74 - [STDERR_REDIRECT] [Fatal Error] :1:1: Premature end of file.
2026-08-08 00:15:01,325 [ERROR] LogOutputStream:74 - [STDERR_REDIRECT] 
2026-08-08 00:15:02,336 [ERROR] LogOutputStream:74 - [STDERR_REDIRECT] [Fatal Error] :1:1: Premature end of file.
2026-08-08 00:15:02,337 [ERROR] LogOutputStream:74 - [STDERR_REDIRECT] 
2026-08-08 00:15:03,331 [ERROR] LogOutputStream:74 - [STDERR_REDIRECT] [Fatal Error] :1:1: Premature end of file.
2026-08-08 00:15:03,331 [ERROR] LogOutputStream:74 - [STDERR_REDIRECT] 
2026-08-08 00:15:04,333 [ERROR] LogOutputStream:74 - [STDERR_REDIRECT] [Fatal Error] :1:1: Premature end of file.
2026-08-08 00:15:04,333 [ERROR] LogOutputStream:74 - [STDERR_REDIRECT] 
2026-08-08 00:15:05,342 [ERROR] LogOutputStream:74 - [STDERR_REDIRECT] [Fatal Error] :1:1: Premature end of file.
2026-08-08 00:15:05,343 [ERROR] LogOutputStream:74 - [STDERR_REDIRECT] 
2026-08-08 00:15:06,333 [ERROR] LogOutputStream:74 - [STDERR_REDIRECT] [Fatal Error] :1:1: Premature end of file.
2026-08-08 00:15:06,333 [ERROR] LogOutputStream:74 - [STDERR_REDIRECT] 
2026-08-08 00:15:07,340 [ERROR] LogOutputStream:74 - [STDERR_REDIRECT] [Fatal Error] :1:1: Premature end of file.
2026-08-08 00:15:07,340 [ERROR] LogOutputStream:74 - [STDERR_REDIRECT] 
2026-08-08 00:15:08,321 [ERROR] LogOutputStream:74 - [STDERR_REDIRECT] [Fatal Error] :1:1: Premature end of file.
2026-08-08 00:15:08,322 [ERROR] LogOutputStream:74 - [STDERR_REDIRECT] 
2026-08-08 00:15:09,333 [ERROR] LogOutputStream:74 - [STDERR_REDIRECT] [Fatal Error] :1:1: Premature end of file.
2026-08-08 00:15:09,333 [ERROR] LogOutputStream:74 - [STDERR_REDIRECT] 
2026-08-08 00:15:10,337 [ERROR] LogOutputStream:74 - [STDERR_REDIRECT] [Fatal Error] :1:1: Premature end of file.
2026-08-08 00:15:10,337 [ERROR] LogOutputStream:74 - [STDERR_REDIRECT] 
2026-08-08 00:15:11,332 [ERROR] LogOutputStream:74 - [STDERR_REDIRECT] [Fatal Error] :1:1: Premature end of file.
2026-08-08 00:15:11,332 [ERROR] LogOutputStream:74 - [STDERR_REDIRECT] 
2026-08-08 00:15:12,557 [ERROR] LogOutputStream:74 - [STDERR_REDIRECT] [Fatal Error] :1:1: Premature end of file.
2026-08-08 00:15:12,557 [ERROR] LogOutputStream:74 - [STDERR_REDIRECT] 
2026-08-08 00:15:13,334 [ERROR] LogOutputStream:74 - [STDERR_REDIRECT] [Fatal Error] :1:1: Premature end of file.
2026-08-08 00:15:13,334 [ERROR] LogOutputStream:74 - [STDERR_REDIRECT] 
2026-08-08 00:15:14,343 [ERROR] LogOutputStream:74 - [STDERR_REDIRECT] [Fatal Error] :1:1: Premature end of file.
2026-08-08 00:15:14,343 [ERROR] LogOutputStream:74 - [STDERR_REDIRECT] 
2026-08-08 00:15:15,336 [ERROR] LogOutputStream:74 - [STDERR_REDIRECT] [Fatal Error] :1:1: Premature end of file.
2026-08-08 00:15:15,336 [ERROR] LogOutputStream:74 - [STDERR_REDIRECT] 
2026-08-08 00:15:16,333 [ERROR] LogOutputStream:74 - [STDERR_REDIRECT] [Fatal Error] :1:1: Premature end of file.
2026-08-08 00:15:16,334 [ERROR] LogOutputStream:74 - [STDERR_REDIRECT] 
2026-08-08 00:15:17,382 [ERROR] LogOutputStream:74 - [STDERR_REDIRECT] [Fatal Error] :1:1: Premature end of file.
2026-08-08 00:15:17,382 [ERROR] LogOutputStream:74 - [STDERR_REDIRECT] 
2026-08-08 00:15:18,337 [ERROR] LogOutputStream:74 - [STDERR_REDIRECT] [Fatal Error] :1:1: Premature end of file.
2026-08-08 00:15:18,337 [ERROR] LogOutputStream:74 - [STDERR_REDIRECT] 
2026-08-08 00:15:19,400 [ERROR] LogOutputStream:74 - [STDERR_REDIRECT] [Fatal Error] :1:1: Premature end of file.
2026-08-08 00:15:19,400 [ERROR] LogOutputStream:74 - [STDERR_REDIRECT] 
2026-08-08 00:15:20,360 [ERROR] LogOutputStream:74 - [STDERR_REDIRECT] [Fatal Error] :1:1: Premature end of file.
2026-08-08 00:15:20,361 [ERROR] LogOutputStream:74 - [STDERR_REDIRECT] 
2026-08-08 00:15:21,399 [ERROR] LogOutputStream:74 - [STDERR_REDIRECT] [Fatal Error] :1:1: Premature end of file.
2026-08-08 00:15:21,399 [ERROR] LogOutputStream:74 - [STDERR_REDIRECT] 
2026-08-08 00:15:22,331 [ERROR] LogOutputStream:74 - [STDERR_REDIRECT] [Fatal Error] :1:1: Premature end of file.
2026-08-08 00:15:22,331 [ERROR] LogOutputStream:74 - [STDERR_REDIRECT] 
2026-08-08 00:15:23,334 [ERROR] LogOutputStream:74 - [STDERR_REDIRECT] [Fatal Error] :1:1: Premature end of file.
2026-08-08 00:15:23,335 [ERROR] LogOutputStream:74 - [STDERR_REDIRECT] 
2026-08-08 00:15:24,322 [ERROR] LogOutputStream:74 - [STDERR_REDIRECT] [Fatal Error] :1:1: Premature end of file.
2026-08-08 00:15:24,323 [ERROR] LogOutputStream:74 - [STDERR_REDIRECT] 
2026-08-08 00:15:25,329 [ERROR] LogOutputStream:74 - [STDERR_REDIRECT] [Fatal Error] :1:1: Premature end of file.
2026-08-08 00:15:25,329 [ERROR] LogOutputStream:74 - [STDERR_REDIRECT] 
2026-08-08 00:15:26,335 [ERROR] LogOutputStream:74 - [STDERR_REDIRECT] [Fatal Error] :1:1: Premature end of file.
2026-08-08 00:15:26,336 [ERROR] LogOutputStream:74 - [STDERR_REDIRECT] 
2026-08-08 00:15:27,333 [ERROR] LogOutputStream:74 - [STDERR_REDIRECT] [Fatal Error] :1:1: Premature end of file.
2026-08-08 00:15:27,334 [ERROR] LogOutputStream:74 - [STDERR_REDIRECT] 
2026-08-08 00:15:28,336 [ERROR] LogOutputStream:74 - [STDERR_REDIRECT] [Fatal Error] :1:1: Premature end of file.
2026-08-08 00:15:28,336 [ERROR] LogOutputStream:74 - [STDERR_REDIRECT] 
2026-08-08 00:15:29,333 [ERROR] LogOutputStream:74 - [STDERR_REDIRECT] [Fatal Error] :1:1: Premature end of file.
2026-08-08 00:15:29,333 [ERROR] LogOutputStream:74 - [STDERR_REDIRECT] 
2026-08-08 00:15:30,334 [ERROR] LogOutputStream:74 - [STDERR_REDIRECT] [Fatal Error] :1:1: Premature end of file.
2026-08-08 00:15:30,334 [ERROR] LogOutputStream:74 - [STDERR_REDIRECT] 
2026-08-08 00:15:31,339 [ERROR] LogOutputStream:74 - [STDERR_REDIRECT] [Fatal Error] :1:1: Premature end of file.
2026-08-08 00:15:31,339 [ERROR] LogOutputStream:74 - [STDERR_REDIRECT] 
2026-08-08 00:15:32,329 [ERROR] LogOutputStream:74 - [STDERR_REDIRECT] [Fatal Error] :1:1: Premature end of file.
2026-08-08 00:15:32,329 [ERROR] LogOutputStream:74 - [STDERR_REDIRECT] 
2026-08-08 00:15:33,331 [ERROR] LogOutputStream:74 - [STDERR_REDIRECT] [Fatal Error] :1:1: Premature end of file.
2026-08-08 00:15:33,332 [ERROR] LogOutputStream:74 - [STDERR_REDIRECT] 
2026-08-08 00:15:34,346 [ERROR] LogOutputStream:74 - [STDERR_REDIRECT] [Fatal Error] :1:1: Premature end of file.
2026-08-08 00:15:34,346 [ERROR] LogOutputStream:74 - [STDERR_REDIRECT] 
2026-08-08 00:15:35,331 [ERROR] LogOutputStream:74 - [STDERR_REDIRECT] [Fatal Error] :1:1: Premature end of file.
2026-08-08 00:15:35,332 [ERROR] LogOutputStream:74 - [STDERR_REDIRECT] 
2026-08-08 00:15:36,332 [ERROR] LogOutputStream:74 - [STDERR_REDIRECT] [Fatal Error] :1:1: Premature end of file.
2026-08-08 00:15:36,332 [ERROR] LogOutputStream:74 - [STDERR_REDIRECT] 
2026-08-08 00:15:37,343 [ERROR] LogOutputStream:74 - [STDERR_REDIRECT] [Fatal Error] :1:1: Premature end of file.
2026-08-08 00:15:37,344 [ERROR] LogOutputStream:74 - [STDERR_REDIRECT] 
2026-08-08 00:15:38,334 [ERROR] LogOutputStream:74 - [STDERR_REDIRECT] [Fatal Error] :1:1: Premature end of file.
2026-08-08 00:15:38,334 [ERROR] LogOutputStream:74 - [STDERR_REDIRECT] 
2026-08-08 00:15:39,341 [ERROR] LogOutputStream:74 - [STDERR_REDIRECT] [Fatal Error] :1:1: Premature end of file.
2026-08-08 00:15:39,342 [ERROR] LogOutputStream:74 - [STDERR_REDIRECT] 
2026-08-08 00:15:40,328 [ERROR] LogOutputStream:74 - [STDERR_REDIRECT] [Fatal Error] :1:1: Premature end of file.
2026-08-08 00:15:40,329 [ERROR] LogOutputStream:74 - [STDERR_REDIRECT] 
2026-08-08 00:15:41,328 [ERROR] LogOutputStream:74 - [STDERR_REDIRECT] [Fatal Error] :1:1: Premature end of file.
2026-08-08 00:15:41,329 [ERROR] LogOutputStream:74 - [STDERR_REDIRECT] 
2026-08-08 00:15:42,331 [ERROR] LogOutputStream:74 - [STDERR_REDIRECT] [Fatal Error] :1:1: Premature end of file.
2026-08-08 00:15:42,331 [ERROR] LogOutputStream:74 - [STDERR_REDIRECT] 
2026-08-08 00:15:43,336 [ERROR] LogOutputStream:74 - [STDERR_REDIRECT] [Fatal Error] :1:1: Premature end of file.
2026-08-08 00:15:43,337 [ERROR] LogOutputStream:74 - [STDERR_REDIRECT] 
2026-08-08 00:15:44,327 [ERROR] LogOutputStream:74 - [STDERR_REDIRECT] [Fatal Error] :1:1: Premature end of file.
2026-08-08 00:15:44,328 [ERROR] LogOutputStream:74 - [STDERR_REDIRECT] 
2026-08-08 00:15:45,344 [ERROR] LogOutputStream:74 - [STDERR_REDIRECT] [Fatal Error] :1:1: Premature end of file.
2026-08-08 00:15:45,344 [ERROR] LogOutputStream:74 - [STDERR_REDIRECT] 
2026-08-08 00:15:46,343 [ERROR] LogOutputStream:74 - [STDERR_REDIRECT] [Fatal Error] :1:1: Premature end of file.
2026-08-08 00:15:46,343 [ERROR] LogOutputStream:74 - [STDERR_REDIRECT] 
2026-08-08 00:15:47,325 [ERROR] LogOutputStream:74 - [STDERR_REDIRECT] [Fatal Error] :1:1: Premature end of file.
2026-08-08 00:15:47,326 [ERROR] LogOutputStream:74 - [STDERR_REDIRECT] 
2026-08-08 00:15:48,335 [ERROR] LogOutputStream:74 - [STDERR_REDIRECT] [Fatal Error] :1:1: Premature end of file.
2026-08-08 00:15:48,336 [ERROR] LogOutputStream:74 - [STDERR_REDIRECT] 
2026-08-08 00:15:49,339 [ERROR] LogOutputStream:74 - [STDERR_REDIRECT] [Fatal Error] :1:1: Premature end of file.
2026-08-08 00:15:49,340 [ERROR] LogOutputStream:74 - [STDERR_REDIRECT] 
2026-08-08 00:15:50,367 [ERROR] LogOutputStream:74 - [STDERR_REDIRECT] [Fatal Error] :1:1: Premature end of file.
2026-08-08 00:15:50,367 [ERROR] LogOutputStream:74 - [STDERR_REDIRECT] 
2026-08-08 00:15:51,343 [ERROR] LogOutputStream:74 - [STDERR_REDIRECT] [Fatal Error] :1:1: Premature end of file.
2026-08-08 00:15:51,344 [ERROR] LogOutputStream:74 - [STDERR_REDIRECT] 
2026-08-08 00:15:52,331 [ERROR] LogOutputStream:74 - [STDERR_REDIRECT] [Fatal Error] :1:1: Premature end of file.
2026-08-08 00:15:52,331 [ERROR] LogOutputStream:74 - [STDERR_REDIRECT] 
2026-08-08 00:15:53,324 [ERROR] LogOutputStream:74 - [STDERR_REDIRECT] [Fatal Error] :1:1: Premature end of file.
2026-08-08 00:15:53,325 [ERROR] LogOutputStream:74 - [STDERR_REDIRECT] 
2026-08-08 00:15:54,331 [ERROR] LogOutputStream:74 - [STDERR_REDIRECT] [Fatal Error] :1:1: Premature end of file.
2026-08-08 00:15:54,332 [ERROR] LogOutputStream:74 - [STDERR_REDIRECT] 
2026-08-08 00:15:55,332 [ERROR] LogOutputStream:74 - [STDERR_REDIRECT] [Fatal Error] :1:1: Premature end of file.
2026-08-08 00:15:55,333 [ERROR] LogOutputStream:74 - [STDERR_REDIRECT] 
2026-08-08 00:15:56,347 [ERROR] LogOutputStream:74 - [STDERR_REDIRECT] [Fatal Error] :1:1: Premature end of file.
2026-08-08 00:15:56,347 [ERROR] LogOutputStream:74 - [STDERR_REDIRECT] 
2026-08-08 00:15:57,341 [ERROR] LogOutputStream:74 - [STDERR_REDIRECT] [Fatal Error] :1:1: Premature end of file.
2026-08-08 00:15:57,341 [ERROR] LogOutputStream:74 - [STDERR_REDIRECT] 
2026-08-08 00:15:58,332 [ERROR] LogOutputStream:74 - [STDERR_REDIRECT] [Fatal Error] :1:1: Premature end of file.
2026-08-08 00:15:58,333 [ERROR] LogOutputStream:74 - [STDERR_REDIRECT] 
2026-08-08 00:15:59,322 [ERROR] LogOutputStream:74 - [STDERR_REDIRECT] [Fatal Error] :1:1: Premature end of file.
2026-08-08 00:15:59,322 [ERROR] LogOutputStream:74 - [STDERR_REDIRECT] 
2026-08-08 00:16:00,336 [ERROR] LogOutputStream:74 - [STDERR_REDIRECT] [Fatal Error] :1:1: Premature end of file.
2026-08-08 00:16:00,337 [ERROR] LogOutputStream:74 - [STDERR_REDIRECT] 
2026-08-08 00:16:01,332 [ERROR] LogOutputStream:74 - [STDERR_REDIRECT] [Fatal Error] :1:1: Premature end of file.
2026-08-08 00:16:01,332 [ERROR] LogOutputStream:74 - [STDERR_REDIRECT] 
2026-08-08 00:16:02,357 [ERROR] LogOutputStream:74 - [STDERR_REDIRECT] [Fatal Error] :1:1: Premature end of file.
2026-08-08 00:16:02,357 [ERROR] LogOutputStream:74 - [STDERR_REDIRECT] 
2026-08-08 00:16:03,336 [ERROR] LogOutputStream:74 - [STDERR_REDIRECT] [Fatal Error] :1:1: Premature end of file.
2026-08-08 00:16:03,337 [ERROR] LogOutputStream:74 - [STDERR_REDIRECT] 
2026-08-08 00:16:04,326 [ERROR] LogOutputStream:74 - [STDERR_REDIRECT] [Fatal Error] :1:1: Premature end of file.
2026-08-08 00:16:04,327 [ERROR] LogOutputStream:74 - [STDERR_REDIRECT] 
2026-08-08 00:16:05,332 [ERROR] LogOutputStream:74 - [STDERR_REDIRECT] [Fatal Error] :1:1: Premature end of file.
2026-08-08 00:16:05,332 [ERROR] LogOutputStream:74 - [STDERR_REDIRECT] 
2026-08-08 00:16:06,331 [ERROR] LogOutputStream:74 - [STDERR_REDIRECT] [Fatal Error] :1:1: Premature end of file.
2026-08-08 00:16:06,331 [ERROR] LogOutputStream:74 - [STDERR_REDIRECT] 
2026-08-08 00:16:07,334 [ERROR] LogOutputStream:74 - [STDERR_REDIRECT] [Fatal Error] :1:1: Premature end of file.
2026-08-08 00:16:07,334 [ERROR] LogOutputStream:74 - [STDERR_REDIRECT] 
2026-08-08 00:16:08,335 [ERROR] LogOutputStream:74 - [STDERR_REDIRECT] [Fatal Error] :1:1: Premature end of file.
2026-08-08 00:16:08,335 [ERROR] LogOutputStream:74 - [STDERR_REDIRECT] 
2026-08-08 00:16:09,347 [ERROR] LogOutputStream:74 - [STDERR_REDIRECT] [Fatal Error] :1:1: Premature end of file.
2026-08-08 00:16:09,347 [ERROR] LogOutputStream:74 - [STDERR_REDIRECT] 
2026-08-08 00:16:10,326 [ERROR] LogOutputStream:74 - [STDERR_REDIRECT] [Fatal Error] :1:1: Premature end of file.
2026-08-08 00:16:10,326 [ERROR] LogOutputStream:74 - [STDERR_REDIRECT] 
2026-08-08 00:16:11,329 [ERROR] LogOutputStream:74 - [STDERR_REDIRECT] [Fatal Error] :1:1: Premature end of file.
2026-08-08 00:16:11,329 [ERROR] LogOutputStream:74 - [STDERR_REDIRECT] 
2026-08-08 00:16:12,328 [ERROR] LogOutputStream:74 - [STDERR_REDIRECT] [Fatal Error] :1:1: Premature end of file.
2026-08-08 00:16:12,328 [ERROR] LogOutputStream:74 - [STDERR_REDIRECT] 
2026-08-08 00:16:13,332 [ERROR] LogOutputStream:74 - [STDERR_REDIRECT] [Fatal Error] :1:1: Premature end of file.
2026-08-08 00:16:13,332 [ERROR] LogOutputStream:74 - [STDERR_REDIRECT] 
2026-08-08 00:16:14,332 [ERROR] LogOutputStream:74 - [STDERR_REDIRECT] [Fatal Error] :1:1: Premature end of file.
2026-08-08 00:16:14,332 [ERROR] LogOutputStream:74 - [STDERR_REDIRECT] 
2026-08-08 00:16:15,344 [ERROR] LogOutputStream:74 - [STDERR_REDIRECT] [Fatal Error] :1:1: Premature end of file.
2026-08-08 00:16:15,345 [ERROR] LogOutputStream:74 - [STDERR_REDIRECT] 
2026-08-08 00:16:16,334 [ERROR] LogOutputStream:74 - [STDERR_REDIRECT] [Fatal Error] :1:1: Premature end of file.
2026-08-08 00:16:16,334 [ERROR] LogOutputStream:74 - [STDERR_REDIRECT] 
2026-08-08 00:16:17,653 [ERROR] LogOutputStream:74 - [STDERR_REDIRECT] [Fatal Error] :1:1: Premature end of file.
2026-08-08 00:16:17,654 [ERROR] LogOutputStream:74 - [STDERR_REDIRECT] 
2026-08-08 00:16:18,347 [ERROR] LogOutputStream:74 - [STDERR_REDIRECT] [Fatal Error] :1:1: Premature end of file.
2026-08-08 00:16:18,347 [ERROR] LogOutputStream:74 - [STDERR_REDIRECT] 
2026-08-08 00:16:19,326 [ERROR] LogOutputStream:74 - [STDERR_REDIRECT] [Fatal Error] :1:1: Premature end of file.
2026-08-08 00:16:19,326 [ERROR] LogOutputStream:74 - [STDERR_REDIRECT] 
2026-08-08 00:16:20,331 [ERROR] LogOutputStream:74 - [STDERR_REDIRECT] [Fatal Error] :1:1: Premature end of file.
2026-08-08 00:16:20,332 [ERROR] LogOutputStream:74 - [STDERR_REDIRECT] 
2026-08-08 00:16:21,337 [ERROR] LogOutputStream:74 - [STDERR_REDIRECT] [Fatal Error] :1:1: Premature end of file.
2026-08-08 00:16:21,338 [ERROR] LogOutputStream:74 - [STDERR_REDIRECT] 
2026-08-08 00:16:22,323 [ERROR] LogOutputStream:74 - [STDERR_REDIRECT] [Fatal Error] :1:1: Premature end of file.
2026-08-08 00:16:22,324 [ERROR] LogOutputStream:74 - [STDERR_REDIRECT] 
2026-08-08 00:16:23,337 [ERROR] LogOutputStream:74 - [STDERR_REDIRECT] [Fatal Error] :1:1: Premature end of file.
2026-08-08 00:16:23,337 [ERROR] LogOutputStream:74 - [STDERR_REDIRECT] 
2026-08-08 00:16:24,334 [ERROR] LogOutputStream:74 - [STDERR_REDIRECT] [Fatal Error] :1:1: Premature end of file.
2026-08-08 00:16:24,335 [ERROR] LogOutputStream:74 - [STDERR_REDIRECT] 
2026-08-08 00:16:25,331 [ERROR] LogOutputStream:74 - [STDERR_REDIRECT] [Fatal Error] :1:1: Premature end of file.
2026-08-08 00:16:25,331 [ERROR] LogOutputStream:74 - [STDERR_REDIRECT] 
2026-08-08 00:16:26,329 [ERROR] LogOutputStream:74 - [STDERR_REDIRECT] [Fatal Error] :1:1: Premature end of file.
2026-08-08 00:16:26,329 [ERROR] LogOutputStream:74 - [STDERR_REDIRECT] 
2026-08-08 00:16:27,332 [ERROR] LogOutputStream:74 - [STDERR_REDIRECT] [Fatal Error] :1:1: Premature end of file.
2026-08-08 00:16:27,333 [ERROR] LogOutputStream:74 - [STDERR_REDIRECT] 
2026-08-08 00:16:28,326 [ERROR] LogOutputStream:74 - [STDERR_REDIRECT] [Fatal Error] :1:1: Premature end of file.
2026-08-08 00:16:28,326 [ERROR] LogOutputStream:74 - [STDERR_REDIRECT] 
2026-08-08 00:16:29,335 [ERROR] LogOutputStream:74 - [STDERR_REDIRECT] [Fatal Error] :1:1: Premature end of file.
2026-08-08 00:16:29,335 [ERROR] LogOutputStream:74 - [STDERR_REDIRECT] 
2026-08-08 00:16:30,341 [ERROR] LogOutputStream:74 - [STDERR_REDIRECT] [Fatal Error] :1:1: Premature end of file.
2026-08-08 00:16:30,342 [ERROR] LogOutputStream:74 - [STDERR_REDIRECT] 
2026-08-08 00:16:31,339 [ERROR] LogOutputStream:74 - [STDERR_REDIRECT] [Fatal Error] :1:1: Premature end of file.
2026-08-08 00:16:31,339 [ERROR] LogOutputStream:74 - [STDERR_REDIRECT] 
2026-08-08 00:16:32,337 [ERROR] LogOutputStream:74 - [STDERR_REDIRECT] [Fatal Error] :1:1: Premature end of file.
2026-08-08 00:16:32,338 [ERROR] LogOutputStream:74 - [STDERR_REDIRECT] 
2026-08-08 00:16:33,332 [ERROR] LogOutputStream:74 - [STDERR_REDIRECT] [Fatal Error] :1:1: Premature end of file.
2026-08-08 00:16:33,332 [ERROR] LogOutputStream:74 - [STDERR_REDIRECT] 
2026-08-08 00:16:34,337 [ERROR] LogOutputStream:74 - [STDERR_REDIRECT] [Fatal Error] :1:1: Premature end of file.
2026-08-08 00:16:34,338 [ERROR] LogOutputStream:74 - [STDERR_REDIRECT] 
2026-08-08 00:16:35,342 [ERROR] LogOutputStream:74 - [STDERR_REDIRECT] [Fatal Error] :1:1: Premature end of file.
2026-08-08 00:16:35,343 [ERROR] LogOutputStream:74 - [STDERR_REDIRECT] 
2026-08-08 00:16:36,336 [ERROR] LogOutputStream:74 - [STDERR_REDIRECT] [Fatal Error] :1:1: Premature end of file.
2026-08-08 00:16:36,337 [ERROR] LogOutputStream:74 - [STDERR_REDIRECT] 
2026-08-08 00:16:37,325 [ERROR] LogOutputStream:74 - [STDERR_REDIRECT] [Fatal Error] :1:1: Premature end of file.
2026-08-08 00:16:37,325 [ERROR] LogOutputStream:74 - [STDERR_REDIRECT] 
2026-08-08 00:16:38,335 [ERROR] LogOutputStream:74 - [STDERR_REDIRECT] [Fatal Error] :1:1: Premature end of file.
2026-08-08 00:16:38,335 [ERROR] LogOutputStream:74 - [STDERR_REDIRECT] 
2026-08-08 00:16:39,332 [ERROR] LogOutputStream:74 - [STDERR_REDIRECT] [Fatal Error] :1:1: Premature end of file.
2026-08-08 00:16:39,333 [ERROR] LogOutputStream:74 - [STDERR_REDIRECT] 
2026-08-08 00:16:40,339 [ERROR] LogOutputStream:74 - [STDERR_REDIRECT] [Fatal Error] :1:1: Premature end of file.
2026-08-08 00:16:40,341 [ERROR] LogOutputStream:74 - [STDERR_REDIRECT] 
2026-08-08 00:16:41,331 [ERROR] LogOutputStream:74 - [STDERR_REDIRECT] [Fatal Error] :1:1: Premature end of file.
2026-08-08 00:16:41,331 [ERROR] LogOutputStream:74 - [STDERR_REDIRECT] 
2026-08-08 00:16:42,333 [ERROR] LogOutputStream:74 - [STDERR_REDIRECT] [Fatal Error] :1:1: Premature end of file.
2026-08-08 00:16:42,333 [ERROR] LogOutputStream:74 - [STDERR_REDIRECT] 
2026-08-08 00:16:43,358 [ERROR] LogOutputStream:74 - [STDERR_REDIRECT] [Fatal Error] :1:1: Premature end of file.
2026-08-08 00:16:43,359 [ERROR] LogOutputStream:74 - [STDERR_REDIRECT] 
2026-08-08 00:16:44,327 [ERROR] LogOutputStream:74 - [STDERR_REDIRECT] [Fatal Error] :1:1: Premature end of file.
2026-08-08 00:16:44,327 [ERROR] LogOutputStream:74 - [STDERR_REDIRECT] 
2026-08-08 00:16:45,328 [ERROR] LogOutputStream:74 - [STDERR_REDIRECT] [Fatal Error] :1:1: Premature end of file.
2026-08-08 00:16:45,330 [ERROR] LogOutputStream:74 - [STDERR_REDIRECT] 
2026-08-08 00:16:46,339 [ERROR] LogOutputStream:74 - [STDERR_REDIRECT] [Fatal Error] :1:1: Premature end of file.
2026-08-08 00:16:46,339 [ERROR] LogOutputStream:74 - [STDERR_REDIRECT] 
2026-08-08 00:16:47,355 [ERROR] LogOutputStream:74 - [STDERR_REDIRECT] [Fatal Error] :1:1: Premature end of file.
2026-08-08 00:16:47,355 [ERROR] LogOutputStream:74 - [STDERR_REDIRECT] 
2026-08-08 00:16:48,337 [ERROR] LogOutputStream:74 - [STDERR_REDIRECT] [Fatal Error] :1:1: Premature end of file.
2026-08-08 00:16:48,338 [ERROR] LogOutputStream:74 - [STDERR_REDIRECT] 
2026-08-08 00:16:49,333 [ERROR] LogOutputStream:74 - [STDERR_REDIRECT] [Fatal Error] :1:1: Premature end of file.
2026-08-08 00:16:49,333 [ERROR] LogOutputStream:74 - [STDERR_REDIRECT] 
2026-08-08 00:16:50,338 [ERROR] LogOutputStream:74 - [STDERR_REDIRECT] [Fatal Error] :1:1: Premature end of file.
2026-08-08 00:16:50,338 [ERROR] LogOutputStream:74 - [STDERR_REDIRECT] 
2026-08-08 00:16:51,337 [ERROR] LogOutputStream:74 - [STDERR_REDIRECT] [Fatal Error] :1:1: Premature end of file.
2026-08-08 00:16:51,337 [ERROR] LogOutputStream:74 - [STDERR_REDIRECT] 
2026-08-08 00:16:52,329 [ERROR] LogOutputStream:74 - [STDERR_REDIRECT] [Fatal Error] :1:1: Premature end of file.
2026-08-08 00:16:52,329 [ERROR] LogOutputStream:74 - [STDERR_REDIRECT] 
2026-08-08 00:16:53,322 [ERROR] LogOutputStream:74 - [STDERR_REDIRECT] [Fatal Error] :1:1: Premature end of file.
2026-08-08 00:16:53,323 [ERROR] LogOutputStream:74 - [STDERR_REDIRECT] 
2026-08-08 00:16:54,648 [ERROR] LogOutputStream:74 - [STDERR_REDIRECT] [Fatal Error] :1:1: Premature end of file.
2026-08-08 00:16:54,648 [ERROR] LogOutputStream:74 - [STDERR_REDIRECT] 
2026-08-08 00:16:55,336 [ERROR] LogOutputStream:74 - [STDERR_REDIRECT] [Fatal Error] :1:1: Premature end of file.
2026-08-08 00:16:55,336 [ERROR] LogOutputStream:74 - [STDERR_REDIRECT] 
2026-08-08 00:16:56,323 [ERROR] LogOutputStream:74 - [STDERR_REDIRECT] [Fatal Error] :1:1: Premature end of file.
2026-08-08 00:16:56,323 [ERROR] LogOutputStream:74 - [STDERR_REDIRECT] 
2026-08-08 00:16:57,330 [ERROR] LogOutputStream:74 - [STDERR_REDIRECT] [Fatal Error] :1:1: Premature end of file.
2026-08-08 00:16:57,331 [ERROR] LogOutputStream:74 - [STDERR_REDIRECT] 
2026-08-08 00:16:58,335 [ERROR] LogOutputStream:74 - [STDERR_REDIRECT] [Fatal Error] :1:1: Premature end of file.
2026-08-08 00:16:58,335 [ERROR] LogOutputStream:74 - [STDERR_REDIRECT] 
2026-08-08 00:16:59,334 [ERROR] LogOutputStream:74 - [STDERR_REDIRECT] [Fatal Error] :1:1: Premature end of file.
2026-08-08 00:16:59,335 [ERROR] LogOutputStream:74 - [STDERR_REDIRECT] 
2026-08-08 00:17:00,334 [ERROR] LogOutputStream:74 - [STDERR_REDIRECT] [Fatal Error] :1:1: Premature end of file.
2026-08-08 00:17:00,335 [ERROR] LogOutputStream:74 - [STDERR_REDIRECT] 
2026-08-08 00:17:01,333 [ERROR] LogOutputStream:74 - [STDERR_REDIRECT] [Fatal Error] :1:1: Premature end of file.
2026-08-08 00:17:01,333 [ERROR] LogOutputStream:74 - [STDERR_REDIRECT] 
2026-08-08 00:17:02,336 [ERROR] LogOutputStream:74 - [STDERR_REDIRECT] [Fatal Error] :1:1: Premature end of file.
2026-08-08 00:17:02,337 [ERROR] LogOutputStream:74 - [STDERR_REDIRECT] 
2026-08-08 00:17:03,329 [ERROR] LogOutputStream:74 - [STDERR_REDIRECT] [Fatal Error] :1:1: Premature end of file.
2026-08-08 00:17:03,329 [ERROR] LogOutputStream:74 - [STDERR_REDIRECT] 
2026-08-08 00:17:04,325 [ERROR] LogOutputStream:74 - [STDERR_REDIRECT] [Fatal Error] :1:1: Premature end of file.
2026-08-08 00:17:04,325 [ERROR] LogOutputStream:74 - [STDERR_REDIRECT] 
2026-08-08 00:17:05,330 [ERROR] LogOutputStream:74 - [STDERR_REDIRECT] [Fatal Error] :1:1: Premature end of file.
2026-08-08 00:17:05,331 [ERROR] LogOutputStream:74 - [STDERR_REDIRECT] 
2026-08-08 00:17:06,648 [ERROR] LogOutputStream:74 - [STDERR_REDIRECT] [Fatal Error] :1:1: Premature end of file.
2026-08-08 00:17:06,649 [ERROR] LogOutputStream:74 - [STDERR_REDIRECT] 
2026-08-08 00:17:07,328 [ERROR] LogOutputStream:74 - [STDERR_REDIRECT] [Fatal Error] :1:1: Premature end of file.
2026-08-08 00:17:07,328 [ERROR] LogOutputStream:74 - [STDERR_REDIRECT] 
2026-08-08 00:17:08,330 [ERROR] LogOutputStream:74 - [STDERR_REDIRECT] [Fatal Error] :1:1: Premature end of file.
2026-08-08 00:17:08,330 [ERROR] LogOutputStream:74 - [STDERR_REDIRECT] 
2026-08-08 00:17:09,333 [ERROR] LogOutputStream:74 - [STDERR_REDIRECT] [Fatal Error] :1:1: Premature end of file.
2026-08-08 00:17:09,333 [ERROR] LogOutputStream:74 - [STDERR_REDIRECT] 
2026-08-08 00:17:10,324 [ERROR] LogOutputStream:74 - [STDERR_REDIRECT] [Fatal Error] :1:1: Premature end of file.
2026-08-08 00:17:10,324 [ERROR] LogOutputStream:74 - [STDERR_REDIRECT] 
2026-08-08 00:17:11,335 [ERROR] LogOutputStream:74 - [STDERR_REDIRECT] [Fatal Error] :1:1: Premature end of file.
2026-08-08 00:17:11,337 [ERROR] LogOutputStream:74 - [STDERR_REDIRECT] 
2026-08-08 00:17:12,323 [ERROR] LogOutputStream:74 - [STDERR_REDIRECT] [Fatal Error] :1:1: Premature end of file.
2026-08-08 00:17:12,323 [ERROR] LogOutputStream:74 - [STDERR_REDIRECT] 
2026-08-08 00:17:13,329 [ERROR] LogOutputStream:74 - [STDERR_REDIRECT] [Fatal Error] :1:1: Premature end of file.
2026-08-08 00:17:13,329 [ERROR] LogOutputStream:74 - [STDERR_REDIRECT] 
2026-08-08 00:17:14,331 [ERROR] LogOutputStream:74 - [STDERR_REDIRECT] [Fatal Error] :1:1: Premature end of file.
2026-08-08 00:17:14,331 [ERROR] LogOutputStream:74 - [STDERR_REDIRECT] 
2026-08-08 00:17:15,332 [ERROR] LogOutputStream:74 - [STDERR_REDIRECT] [Fatal Error] :1:1: Premature end of file.
2026-08-08 00:17:15,332 [ERROR] LogOutputStream:74 - [STDERR_REDIRECT] 
2026-08-08 00:17:16,336 [ERROR] LogOutputStream:74 - [STDERR_REDIRECT] [Fatal Error] :1:1: Premature end of file.
2026-08-08 00:17:16,336 [ERROR] LogOutputStream:74 - [STDERR_REDIRECT] 
2026-08-08 00:17:17,321 [ERROR] LogOutputStream:74 - [STDERR_REDIRECT] [Fatal Error] :1:1: Premature end of file.
2026-08-08 00:17:17,321 [ERROR] LogOutputStream:74 - [STDERR_REDIRECT] 
2026-08-08 00:17:18,337 [ERROR] LogOutputStream:74 - [STDERR_REDIRECT] [Fatal Error] :1:1: Premature end of file.
2026-08-08 00:17:18,337 [ERROR] LogOutputStream:74 - [STDERR_REDIRECT] 
2026-08-08 00:17:19,328 [ERROR] LogOutputStream:74 - [STDERR_REDIRECT] [Fatal Error] :1:1: Premature end of file.
2026-08-08 00:17:19,328 [ERROR] LogOutputStream:74 - [STDERR_REDIRECT] 
2026-08-08 00:17:20,337 [ERROR] LogOutputStream:74 - [STDERR_REDIRECT] [Fatal Error] :1:1: Premature end of file.
2026-08-08 00:17:20,337 [ERROR] LogOutputStream:74 - [STDERR_REDIRECT] 
2026-08-08 00:17:21,337 [ERROR] LogOutputStream:74 - [STDERR_REDIRECT] [Fatal Error] :1:1: Premature end of file.
2026-08-08 00:17:21,339 [ERROR] LogOutputStream:74 - [STDERR_REDIRECT] 
2026-08-08 00:17:22,325 [ERROR] LogOutputStream:74 - [STDERR_REDIRECT] [Fatal Error] :1:1: Premature end of file.
2026-08-08 00:17:22,325 [ERROR] LogOutputStream:74 - [STDERR_REDIRECT] 
2026-08-08 00:17:23,331 [ERROR] LogOutputStream:74 - [STDERR_REDIRECT] [Fatal Error] :1:1: Premature end of file.
2026-08-08 00:17:23,331 [ERROR] LogOutputStream:74 - [STDERR_REDIRECT] 
2026-08-08 00:17:24,326 [ERROR] LogOutputStream:74 - [STDERR_REDIRECT] [Fatal Error] :1:1: Premature end of file.
2026-08-08 00:17:24,326 [ERROR] LogOutputStream:74 - [STDERR_REDIRECT] 
2026-08-08 00:17:25,329 [ERROR] LogOutputStream:74 - [STDERR_REDIRECT] [Fatal Error] :1:1: Premature end of file.
2026-08-08 00:17:25,329 [ERROR] LogOutputStream:74 - [STDERR_REDIRECT] 
2026-08-08 00:17:26,612 [ERROR] LogOutputStream:74 - [STDERR_REDIRECT] [Fatal Error] :1:1: Premature end of file.
2026-08-08 00:17:26,612 [ERROR] LogOutputStream:74 - [STDERR_REDIRECT] 
2026-08-08 00:17:27,339 [ERROR] LogOutputStream:74 - [STDERR_REDIRECT] [Fatal Error] :1:1: Premature end of file.
2026-08-08 00:17:27,340 [ERROR] LogOutputStream:74 - [STDERR_REDIRECT] 
2026-08-08 00:17:28,322 [ERROR] LogOutputStream:74 - [STDERR_REDIRECT] [Fatal Error] :1:1: Premature end of file.
2026-08-08 00:17:28,322 [ERROR] LogOutputStream:74 - [STDERR_REDIRECT] 
2026-08-08 00:17:29,323 [ERROR] LogOutputStream:74 - [STDERR_REDIRECT] [Fatal Error] :1:1: Premature end of file.
2026-08-08 00:17:29,323 [ERROR] LogOutputStream:74 - [STDERR_REDIRECT] 
2026-08-08 00:17:30,324 [ERROR] LogOutputStream:74 - [STDERR_REDIRECT] [Fatal Error] :1:1: Premature end of file.
2026-08-08 00:17:30,325 [ERROR] LogOutputStream:74 - [STDERR_REDIRECT] 
2026-08-08 00:17:31,326 [ERROR] LogOutputStream:74 - [STDERR_REDIRECT] [Fatal Error] :1:1: Premature end of file.
2026-08-08 00:17:31,326 [ERROR] LogOutputStream:74 - [STDERR_REDIRECT] 
2026-08-08 00:17:32,328 [ERROR] LogOutputStream:74 - [STDERR_REDIRECT] [Fatal Error] :1:1: Premature end of file.
2026-08-08 00:17:32,328 [ERROR] LogOutputStream:74 - [STDERR_REDIRECT] 
2026-08-08 00:17:33,331 [ERROR] LogOutputStream:74 - [STDERR_REDIRECT] [Fatal Error] :1:1: Premature end of file.
2026-08-08 00:17:33,331 [ERROR] LogOutputStream:74 - [STDERR_REDIRECT] 
2026-08-08 00:17:34,335 [ERROR] LogOutputStream:74 - [STDERR_REDIRECT] [Fatal Error] :1:1: Premature end of file.
2026-08-08 00:17:34,335 [ERROR] LogOutputStream:74 - [STDERR_REDIRECT] 
2026-08-08 00:17:35,332 [ERROR] LogOutputStream:74 - [STDERR_REDIRECT] [Fatal Error] :1:1: Premature end of file.
2026-08-08 00:17:35,332 [ERROR] LogOutputStream:74 - [STDERR_REDIRECT] 
2026-08-08 00:17:36,332 [ERROR] LogOutputStream:74 - [STDERR_REDIRECT] [Fatal Error] :1:1: Premature end of file.
2026-08-08 00:17:36,332 [ERROR] LogOutputStream:74 - [STDERR_REDIRECT] 
2026-08-08 00:17:37,341 [ERROR] LogOutputStream:74 - [STDERR_REDIRECT] [Fatal Error] :1:1: Premature end of file.
2026-08-08 00:17:37,342 [ERROR] LogOutputStream:74 - [STDERR_REDIRECT] 
2026-08-08 00:17:38,331 [ERROR] LogOutputStream:74 - [STDERR_REDIRECT] [Fatal Error] :1:1: Premature end of file.
2026-08-08 00:17:38,331 [ERROR] LogOutputStream:74 - [STDERR_REDIRECT] 
2026-08-08 00:17:39,322 [ERROR] LogOutputStream:74 - [STDERR_REDIRECT] [Fatal Error] :1:1: Premature end of file.
2026-08-08 00:17:39,323 [ERROR] LogOutputStream:74 - [STDERR_REDIRECT] 
2026-08-08 00:17:40,323 [ERROR] LogOutputStream:74 - [STDERR_REDIRECT] [Fatal Error] :1:1: Premature end of file.
2026-08-08 00:17:40,324 [ERROR] LogOutputStream:74 - [STDERR_REDIRECT] 
2026-08-08 00:17:41,330 [ERROR] LogOutputStream:74 - [STDERR_REDIRECT] [Fatal Error] :1:1: Premature end of file.
2026-08-08 00:17:41,330 [ERROR] LogOutputStream:74 - [STDERR_REDIRECT] 
2026-08-08 00:17:42,336 [ERROR] LogOutputStream:74 - [STDERR_REDIRECT] [Fatal Error] :1:1: Premature end of file.
2026-08-08 00:17:42,336 [ERROR] LogOutputStream:74 - [STDERR_REDIRECT] 
2026-08-08 00:17:43,338 [ERROR] LogOutputStream:74 - [STDERR_REDIRECT] [Fatal Error] :1:1: Premature end of file.
2026-08-08 00:17:43,338 [ERROR] LogOutputStream:74 - [STDERR_REDIRECT] 
2026-08-08 00:17:44,340 [ERROR] LogOutputStream:74 - [STDERR_REDIRECT] [Fatal Error] :1:1: Premature end of file.
2026-08-08 00:17:44,340 [ERROR] LogOutputStream:74 - [STDERR_REDIRECT] 
2026-08-08 00:17:45,327 [ERROR] LogOutputStream:74 - [STDERR_REDIRECT] [Fatal Error] :1:1: Premature end of file.
2026-08-08 00:17:45,327 [ERROR] LogOutputStream:74 - [STDERR_REDIRECT] 
2026-08-08 00:17:46,342 [ERROR] LogOutputStream:74 - [STDERR_REDIRECT] [Fatal Error] :1:1: Premature end of file.
2026-08-08 00:17:46,343 [ERROR] LogOutputStream:74 - [STDERR_REDIRECT] 
2026-08-08 00:17:47,336 [ERROR] LogOutputStream:74 - [STDERR_REDIRECT] [Fatal Error] :1:1: Premature end of file.
2026-08-08 00:17:47,336 [ERROR] LogOutputStream:74 - [STDERR_REDIRECT] 
2026-08-08 00:17:48,325 [ERROR] LogOutputStream:74 - [STDERR_REDIRECT] [Fatal Error] :1:1: Premature end of file.
2026-08-08 00:17:48,325 [ERROR] LogOutputStream:74 - [STDERR_REDIRECT] 
2026-08-08 00:17:49,325 [ERROR] LogOutputStream:74 - [STDERR_REDIRECT] [Fatal Error] :1:1: Premature end of file.
2026-08-08 00:17:49,326 [ERROR] LogOutputStream:74 - [STDERR_REDIRECT] 
2026-08-08 00:17:50,335 [ERROR] LogOutputStream:74 - [STDERR_REDIRECT] [Fatal Error] :1:1: Premature end of file.
2026-08-08 00:17:50,335 [ERROR] LogOutputStream:74 - [STDERR_REDIRECT] 
2026-08-08 00:17:51,344 [ERROR] LogOutputStream:74 - [STDERR_REDIRECT] [Fatal Error] :1:1: Premature end of file.
2026-08-08 00:17:51,344 [ERROR] LogOutputStream:74 - [STDERR_REDIRECT] 
2026-08-08 00:17:52,352 [ERROR] LogOutputStream:74 - [STDERR_REDIRECT] [Fatal Error] :1:1: Premature end of file.
2026-08-08 00:17:52,353 [ERROR] LogOutputStream:74 - [STDERR_REDIRECT] 
2026-08-08 00:17:53,355 [ERROR] LogOutputStream:74 - [STDERR_REDIRECT] [Fatal Error] :1:1: Premature end of file.
2026-08-08 00:17:53,356 [ERROR] LogOutputStream:74 - [STDERR_REDIRECT] 
2026-08-08 00:17:54,361 [ERROR] LogOutputStream:74 - [STDERR_REDIRECT] [Fatal Error] :1:1: Premature end of file.
2026-08-08 00:17:54,361 [ERROR] LogOutputStream:74 - [STDERR_REDIRECT] 
2026-08-08 00:17:55,379 [ERROR] LogOutputStream:74 - [STDERR_REDIRECT] [Fatal Error] :1:1: Premature end of file.
2026-08-08 00:17:55,379 [ERROR] LogOutputStream:74 - [STDERR_REDIRECT] 
2026-08-08 00:17:56,337 [ERROR] LogOutputStream:74 - [STDERR_REDIRECT] [Fatal Error] :1:1: Premature end of file.
2026-08-08 00:17:56,338 [ERROR] LogOutputStream:74 - [STDERR_REDIRECT] 
2026-08-08 00:17:57,345 [ERROR] LogOutputStream:74 - [STDERR_REDIRECT] [Fatal Error] :1:1: Premature end of file.
2026-08-08 00:17:57,345 [ERROR] LogOutputStream:74 - [STDERR_REDIRECT] 
2026-08-08 00:17:58,327 [ERROR] LogOutputStream:74 - [STDERR_REDIRECT] [Fatal Error] :1:1: Premature end of file.
2026-08-08 00:17:58,327 [ERROR] LogOutputStream:74 - [STDERR_REDIRECT] 
2026-08-08 00:17:59,338 [ERROR] LogOutputStream:74 - [STDERR_REDIRECT] [Fatal Error] :1:1: Premature end of file.
2026-08-08 00:17:59,340 [ERROR] LogOutputStream:74 - [STDERR_REDIRECT] 
2026-08-08 00:18:00,340 [ERROR] LogOutputStream:74 - [STDERR_REDIRECT] [Fatal Error] :1:1: Premature end of file.
2026-08-08 00:18:00,340 [ERROR] LogOutputStream:74 - [STDERR_REDIRECT] 
2026-08-08 00:18:01,342 [ERROR] LogOutputStream:74 - [STDERR_REDIRECT] [Fatal Error] :1:1: Premature end of file.
2026-08-08 00:18:01,342 [ERROR] LogOutputStream:74 - [STDERR_REDIRECT] 
2026-08-08 00:18:02,331 [ERROR] LogOutputStream:74 - [STDERR_REDIRECT] [Fatal Error] :1:1: Premature end of file.
2026-08-08 00:18:02,332 [ERROR] LogOutputStream:74 - [STDERR_REDIRECT] 
2026-08-08 00:18:03,325 [ERROR] LogOutputStream:74 - [STDERR_REDIRECT] [Fatal Error] :1:1: Premature end of file.
2026-08-08 00:18:03,325 [ERROR] LogOutputStream:74 - [STDERR_REDIRECT] 
2026-08-08 00:18:04,332 [ERROR] LogOutputStream:74 - [STDERR_REDIRECT] [Fatal Error] :1:1: Premature end of file.
2026-08-08 00:18:04,333 [ERROR] LogOutputStream:74 - [STDERR_REDIRECT] 
2026-08-08 00:18:05,332 [ERROR] LogOutputStream:74 - [STDERR_REDIRECT] [Fatal Error] :1:1: Premature end of file.
2026-08-08 00:18:05,332 [ERROR] LogOutputStream:74 - [STDERR_REDIRECT] 
2026-08-08 00:18:06,345 [ERROR] LogOutputStream:74 - [STDERR_REDIRECT] [Fatal Error] :1:1: Premature end of file.
2026-08-08 00:18:06,347 [ERROR] LogOutputStream:74 - [STDERR_REDIRECT] 
2026-08-08 00:18:07,334 [ERROR] LogOutputStream:74 - [STDERR_REDIRECT] [Fatal Error] :1:1: Premature end of file.
2026-08-08 00:18:07,335 [ERROR] LogOutputStream:74 - [STDERR_REDIRECT] 
2026-08-08 00:18:08,342 [ERROR] LogOutputStream:74 - [STDERR_REDIRECT] [Fatal Error] :1:1: Premature end of file.
2026-08-08 00:18:08,343 [ERROR] LogOutputStream:74 - [STDERR_REDIRECT] 
2026-08-08 00:18:09,335 [ERROR] LogOutputStream:74 - [STDERR_REDIRECT] [Fatal Error] :1:1: Premature end of file.
2026-08-08 00:18:09,335 [ERROR] LogOutputStream:74 - [STDERR_REDIRECT] 
2026-08-08 00:18:10,354 [ERROR] LogOutputStream:74 - [STDERR_REDIRECT] [Fatal Error] :1:1: Premature end of file.
2026-08-08 00:18:10,355 [ERROR] LogOutputStream:74 - [STDERR_REDIRECT] 
2026-08-08 00:18:11,334 [ERROR] LogOutputStream:74 - [STDERR_REDIRECT] [Fatal Error] :1:1: Premature end of file.
2026-08-08 00:18:11,335 [ERROR] LogOutputStream:74 - [STDERR_REDIRECT] 
2026-08-08 00:18:12,343 [ERROR] LogOutputStream:74 - [STDERR_REDIRECT] [Fatal Error] :1:1: Premature end of file.
2026-08-08 00:18:12,344 [ERROR] LogOutputStream:74 - [STDERR_REDIRECT] 
2026-08-08 00:18:13,334 [ERROR] LogOutputStream:74 - [STDERR_REDIRECT] [Fatal Error] :1:1: Premature end of file.
2026-08-08 00:18:13,334 [ERROR] LogOutputStream:74 - [STDERR_REDIRECT] 
2026-08-08 00:18:14,335 [ERROR] LogOutputStream:74 - [STDERR_REDIRECT] [Fatal Error] :1:1: Premature end of file.
2026-08-08 00:18:14,335 [ERROR] LogOutputStream:74 - [STDERR_REDIRECT] 
2026-08-08 00:18:15,338 [ERROR] LogOutputStream:74 - [STDERR_REDIRECT] [Fatal Error] :1:1: Premature end of file.
2026-08-08 00:18:15,340 [ERROR] LogOutputStream:74 - [STDERR_REDIRECT] 
2026-08-08 00:18:16,331 [ERROR] LogOutputStream:74 - [STDERR_REDIRECT] [Fatal Error] :1:1: Premature end of file.
2026-08-08 00:18:16,332 [ERROR] LogOutputStream:74 - [STDERR_REDIRECT] 
2026-08-08 00:18:17,336 [ERROR] LogOutputStream:74 - [STDERR_REDIRECT] [Fatal Error] :1:1: Premature end of file.
2026-08-08 00:18:17,336 [ERROR] LogOutputStream:74 - [STDERR_REDIRECT] 
2026-08-08 00:18:18,331 [ERROR] LogOutputStream:74 - [STDERR_REDIRECT] [Fatal Error] :1:1: Premature end of file.
2026-08-08 00:18:18,332 [ERROR] LogOutputStream:74 - [STDERR_REDIRECT] 
2026-08-08 00:18:19,343 [ERROR] LogOutputStream:74 - [STDERR_REDIRECT] [Fatal Error] :1:1: Premature end of file.
2026-08-08 00:18:19,343 [ERROR] LogOutputStream:74 - [STDERR_REDIRECT] 
2026-08-08 00:18:20,332 [ERROR] LogOutputStream:74 - [STDERR_REDIRECT] [Fatal Error] :1:1: Premature end of file.
2026-08-08 00:18:20,332 [ERROR] LogOutputStream:74 - [STDERR_REDIRECT] 
2026-08-08 00:18:21,338 [ERROR] LogOutputStream:74 - [STDERR_REDIRECT] [Fatal Error] :1:1: Premature end of file.
2026-08-08 00:18:21,338 [ERROR] LogOutputStream:74 - [STDERR_REDIRECT] 
2026-08-08 00:18:22,341 [ERROR] LogOutputStream:74 - [STDERR_REDIRECT] [Fatal Error] :1:1: Premature end of file.
2026-08-08 00:18:22,341 [ERROR] LogOutputStream:74 - [STDERR_REDIRECT] 
2026-08-08 00:18:23,336 [ERROR] LogOutputStream:74 - [STDERR_REDIRECT] [Fatal Error] :1:1: Premature end of file.
2026-08-08 00:18:23,336 [ERROR] LogOutputStream:74 - [STDERR_REDIRECT] 
2026-08-08 00:18:24,349 [ERROR] LogOutputStream:74 - [STDERR_REDIRECT] [Fatal Error] :1:1: Premature end of file.
2026-08-08 00:18:24,349 [ERROR] LogOutputStream:74 - [STDERR_REDIRECT] 
2026-08-08 00:18:25,353 [ERROR] LogOutputStream:74 - [STDERR_REDIRECT] [Fatal Error] :1:1: Premature end of file.
2026-08-08 00:18:25,354 [ERROR] LogOutputStream:74 - [STDERR_REDIRECT] 
2026-08-08 00:18:26,343 [ERROR] LogOutputStream:74 - [STDERR_REDIRECT] [Fatal Error] :1:1: Premature end of file.
2026-08-08 00:18:26,344 [ERROR] LogOutputStream:74 - [STDERR_REDIRECT] 
2026-08-08 00:18:27,329 [ERROR] LogOutputStream:74 - [STDERR_REDIRECT] [Fatal Error] :1:1: Premature end of file.
2026-08-08 00:18:27,329 [ERROR] LogOutputStream:74 - [STDERR_REDIRECT] 
2026-08-08 00:18:28,334 [ERROR] LogOutputStream:74 - [STDERR_REDIRECT] [Fatal Error] :1:1: Premature end of file.
2026-08-08 00:18:28,334 [ERROR] LogOutputStream:74 - [STDERR_REDIRECT] 
2026-08-08 00:18:29,339 [ERROR] LogOutputStream:74 - [STDERR_REDIRECT] [Fatal Error] :1:1: Premature end of file.
2026-08-08 00:18:29,340 [ERROR] LogOutputStream:74 - [STDERR_REDIRECT] 
2026-08-08 00:18:30,327 [ERROR] LogOutputStream:74 - [STDERR_REDIRECT] [Fatal Error] :1:1: Premature end of file.
2026-08-08 00:18:30,327 [ERROR] LogOutputStream:74 - [STDERR_REDIRECT] 
2026-08-08 00:18:31,330 [ERROR] LogOutputStream:74 - [STDERR_REDIRECT] [Fatal Error] :1:1: Premature end of file.
2026-08-08 00:18:31,330 [ERROR] LogOutputStream:74 - [STDERR_REDIRECT] 
2026-08-08 00:18:32,328 [ERROR] LogOutputStream:74 - [STDERR_REDIRECT] [Fatal Error] :1:1: Premature end of file.
2026-08-08 00:18:32,328 [ERROR] LogOutputStream:74 - [STDERR_REDIRECT] 
2026-08-08 00:18:33,328 [ERROR] LogOutputStream:74 - [STDERR_REDIRECT] [Fatal Error] :1:1: Premature end of file.
2026-08-08 00:18:33,329 [ERROR] LogOutputStream:74 - [STDERR_REDIRECT] 
2026-08-08 00:18:34,329 [ERROR] LogOutputStream:74 - [STDERR_REDIRECT] [Fatal Error] :1:1: Premature end of file.
2026-08-08 00:18:34,329 [ERROR] LogOutputStream:74 - [STDERR_REDIRECT] 
2026-08-08 00:18:35,333 [ERROR] LogOutputStream:74 - [STDERR_REDIRECT] [Fatal Error] :1:1: Premature end of file.
2026-08-08 00:18:35,333 [ERROR] LogOutputStream:74 - [STDERR_REDIRECT] 
2026-08-08 00:18:36,336 [ERROR] LogOutputStream:74 - [STDERR_REDIRECT] [Fatal Error] :1:1: Premature end of file.
2026-08-08 00:18:36,336 [ERROR] LogOutputStream:74 - [STDERR_REDIRECT] 
2026-08-08 00:18:37,325 [ERROR] LogOutputStream:74 - [STDERR_REDIRECT] [Fatal Error] :1:1: Premature end of file.
2026-08-08 00:18:37,325 [ERROR] LogOutputStream:74 - [STDERR_REDIRECT] 
2026-08-08 00:18:38,329 [ERROR] LogOutputStream:74 - [STDERR_REDIRECT] [Fatal Error] :1:1: Premature end of file.
2026-08-08 00:18:38,329 [ERROR] LogOutputStream:74 - [STDERR_REDIRECT] 
2026-08-08 00:18:39,327 [ERROR] LogOutputStream:74 - [STDERR_REDIRECT] [Fatal Error] :1:1: Premature end of file.
2026-08-08 00:18:39,327 [ERROR] LogOutputStream:74 - [STDERR_REDIRECT] 
2026-08-08 00:18:40,334 [ERROR] LogOutputStream:74 - [STDERR_REDIRECT] [Fatal Error] :1:1: Premature end of file.
2026-08-08 00:18:40,334 [ERROR] LogOutputStream:74 - [STDERR_REDIRECT] 
2026-08-08 00:18:41,331 [ERROR] LogOutputStream:74 - [STDERR_REDIRECT] [Fatal Error] :1:1: Premature end of file.
2026-08-08 00:18:41,331 [ERROR] LogOutputStream:74 - [STDERR_REDIRECT] 
2026-08-08 00:18:42,331 [ERROR] LogOutputStream:74 - [STDERR_REDIRECT] [Fatal Error] :1:1: Premature end of file.
2026-08-08 00:18:42,333 [ERROR] LogOutputStream:74 - [STDERR_REDIRECT] 
2026-08-08 00:18:43,527 [ERROR] LogOutputStream:74 - [STDERR_REDIRECT] [Fatal Error] :1:1: Premature end of file.
2026-08-08 00:18:43,529 [ERROR] LogOutputStream:74 - [STDERR_REDIRECT] 
2026-08-08 00:18:44,331 [ERROR] LogOutputStream:74 - [STDERR_REDIRECT] [Fatal Error] :1:1: Premature end of file.
2026-08-08 00:18:44,332 [ERROR] LogOutputStream:74 - [STDERR_REDIRECT] 
2026-08-08 00:18:45,340 [ERROR] LogOutputStream:74 - [STDERR_REDIRECT] [Fatal Error] :1:1: Premature end of file.
2026-08-08 00:18:45,341 [ERROR] LogOutputStream:74 - [STDERR_REDIRECT] 
2026-08-08 00:18:46,340 [ERROR] LogOutputStream:74 - [STDERR_REDIRECT] [Fatal Error] :1:1: Premature end of file.
2026-08-08 00:18:46,340 [ERROR] LogOutputStream:74 - [STDERR_REDIRECT] 
2026-08-08 00:18:47,324 [ERROR] LogOutputStream:74 - [STDERR_REDIRECT] [Fatal Error] :1:1: Premature end of file.
2026-08-08 00:18:47,324 [ERROR] LogOutputStream:74 - [STDERR_REDIRECT] 
2026-08-08 00:18:48,334 [ERROR] LogOutputStream:74 - [STDERR_REDIRECT] [Fatal Error] :1:1: Premature end of file.
2026-08-08 00:18:48,335 [ERROR] LogOutputStream:74 - [STDERR_REDIRECT] 
2026-08-08 00:18:49,337 [ERROR] LogOutputStream:74 - [STDERR_REDIRECT] [Fatal Error] :1:1: Premature end of file.
2026-08-08 00:18:49,337 [ERROR] LogOutputStream:74 - [STDERR_REDIRECT] 
2026-08-08 00:18:50,340 [ERROR] LogOutputStream:74 - [STDERR_REDIRECT] [Fatal Error] :1:1: Premature end of file.
2026-08-08 00:18:50,340 [ERROR] LogOutputStream:74 - [STDERR_REDIRECT] 
2026-08-08 00:18:51,339 [ERROR] LogOutputStream:74 - [STDERR_REDIRECT] [Fatal Error] :1:1: Premature end of file.
2026-08-08 00:18:51,339 [ERROR] LogOutputStream:74 - [STDERR_REDIRECT] 
2026-08-08 00:18:52,325 [ERROR] LogOutputStream:74 - [STDERR_REDIRECT] [Fatal Error] :1:1: Premature end of file.
2026-08-08 00:18:52,325 [ERROR] LogOutputStream:74 - [STDERR_REDIRECT] 
2026-08-08 00:18:53,324 [ERROR] LogOutputStream:74 - [STDERR_REDIRECT] [Fatal Error] :1:1: Premature end of file.
2026-08-08 00:18:53,325 [ERROR] LogOutputStream:74 - [STDERR_REDIRECT] 
2026-08-08 00:18:54,325 [ERROR] LogOutputStream:74 - [STDERR_REDIRECT] [Fatal Error] :1:1: Premature end of file.
2026-08-08 00:18:54,325 [ERROR] LogOutputStream:74 - [STDERR_REDIRECT] 
2026-08-08 00:18:55,339 [ERROR] LogOutputStream:74 - [STDERR_REDIRECT] [Fatal Error] :1:1: Premature end of file.
2026-08-08 00:18:55,339 [ERROR] LogOutputStream:74 - [STDERR_REDIRECT] 
2026-08-08 00:18:56,349 [ERROR] LogOutputStream:74 - [STDERR_REDIRECT] [Fatal Error] :1:1: Premature end of file.
2026-08-08 00:18:56,349 [ERROR] LogOutputStream:74 - [STDERR_REDIRECT] 
2026-08-08 00:18:57,325 [ERROR] LogOutputStream:74 - [STDERR_REDIRECT] [Fatal Error] :1:1: Premature end of file.
2026-08-08 00:18:57,327 [ERROR] LogOutputStream:74 - [STDERR_REDIRECT] 
2026-08-08 00:18:58,330 [ERROR] LogOutputStream:74 - [STDERR_REDIRECT] [Fatal Error] :1:1: Premature end of file.
2026-08-08 00:18:58,331 [ERROR] LogOutputStream:74 - [STDERR_REDIRECT] 
2026-08-08 00:18:59,338 [ERROR] LogOutputStream:74 - [STDERR_REDIRECT] [Fatal Error] :1:1: Premature end of file.
2026-08-08 00:18:59,338 [ERROR] LogOutputStream:74 - [STDERR_REDIRECT] 
2026-08-08 00:19:01,086 [ERROR] LogOutputStream:74 - [STDERR_REDIRECT] [Fatal Error] :1:1: Premature end of file.
2026-08-08 00:19:01,086 [ERROR] LogOutputStream:74 - [STDERR_REDIRECT] 
2026-08-08 00:19:01,343 [ERROR] LogOutputStream:74 - [STDERR_REDIRECT] [Fatal Error] :1:1: Premature end of file.
2026-08-08 00:19:01,343 [ERROR] LogOutputStream:74 - [STDERR_REDIRECT] 
2026-08-08 00:19:02,607 [ERROR] LogOutputStream:74 - [STDERR_REDIRECT] [Fatal Error] :1:1: Premature end of file.
2026-08-08 00:19:02,607 [ERROR] LogOutputStream:74 - [STDERR_REDIRECT] 
2026-08-08 00:19:03,336 [ERROR] LogOutputStream:74 - [STDERR_REDIRECT] [Fatal Error] :1:1: Premature end of file.
2026-08-08 00:19:03,336 [ERROR] LogOutputStream:74 - [STDERR_REDIRECT] 
2026-08-08 00:19:04,342 [ERROR] LogOutputStream:74 - [STDERR_REDIRECT] [Fatal Error] :1:1: Premature end of file.
2026-08-08 00:19:04,342 [ERROR] LogOutputStream:74 - [STDERR_REDIRECT] 
2026-08-08 00:19:05,353 [ERROR] LogOutputStream:74 - [STDERR_REDIRECT] [Fatal Error] :1:1: Premature end of file.
2026-08-08 00:19:05,354 [ERROR] LogOutputStream:74 - [STDERR_REDIRECT] 
2026-08-08 00:19:06,325 [ERROR] LogOutputStream:74 - [STDERR_REDIRECT] [Fatal Error] :1:1: Premature end of file.
2026-08-08 00:19:06,325 [ERROR] LogOutputStream:74 - [STDERR_REDIRECT] 
2026-08-08 00:19:07,338 [ERROR] LogOutputStream:74 - [STDERR_REDIRECT] [Fatal Error] :1:1: Premature end of file.
2026-08-08 00:19:07,338 [ERROR] LogOutputStream:74 - [STDERR_REDIRECT] 
2026-08-08 00:19:08,453 [ERROR] LogOutputStream:74 - [STDERR_REDIRECT] [Fatal Error] :1:1: Premature end of file.
2026-08-08 00:19:08,453 [ERROR] LogOutputStream:74 - [STDERR_REDIRECT] 
2026-08-08 00:19:09,325 [ERROR] LogOutputStream:74 - [STDERR_REDIRECT] [Fatal Error] :1:1: Premature end of file.
2026-08-08 00:19:09,325 [ERROR] LogOutputStream:74 - [STDERR_REDIRECT] 
2026-08-08 00:19:10,325 [ERROR] LogOutputStream:74 - [STDERR_REDIRECT] [Fatal Error] :1:1: Premature end of file.
2026-08-08 00:19:10,325 [ERROR] LogOutputStream:74 - [STDERR_REDIRECT] 
2026-08-08 00:19:11,329 [ERROR] LogOutputStream:74 - [STDERR_REDIRECT] [Fatal Error] :1:1: Premature end of file.
2026-08-08 00:19:11,329 [ERROR] LogOutputStream:74 - [STDERR_REDIRECT] 
2026-08-08 00:19:12,327 [ERROR] LogOutputStream:74 - [STDERR_REDIRECT] [Fatal Error] :1:1: Premature end of file.
2026-08-08 00:19:12,328 [ERROR] LogOutputStream:74 - [STDERR_REDIRECT] 
2026-08-08 00:19:13,335 [ERROR] LogOutputStream:74 - [STDERR_REDIRECT] [Fatal Error] :1:1: Premature end of file.
2026-08-08 00:19:13,335 [ERROR] LogOutputStream:74 - [STDERR_REDIRECT] 
2026-08-08 00:19:14,323 [ERROR] LogOutputStream:74 - [STDERR_REDIRECT] [Fatal Error] :1:1: Premature end of file.
2026-08-08 00:19:14,323 [ERROR] LogOutputStream:74 - [STDERR_REDIRECT] 
2026-08-08 00:19:15,329 [ERROR] LogOutputStream:74 - [STDERR_REDIRECT] [Fatal Error] :1:1: Premature end of file.
2026-08-08 00:19:15,329 [ERROR] LogOutputStream:74 - [STDERR_REDIRECT] 
2026-08-08 00:19:16,334 [ERROR] LogOutputStream:74 - [STDERR_REDIRECT] [Fatal Error] :1:1: Premature end of file.
2026-08-08 00:19:16,334 [ERROR] LogOutputStream:74 - [STDERR_REDIRECT] 
2026-08-08 00:19:17,338 [ERROR] LogOutputStream:74 - [STDERR_REDIRECT] [Fatal Error] :1:1: Premature end of file.
2026-08-08 00:19:17,340 [ERROR] LogOutputStream:74 - [STDERR_REDIRECT] 
2026-08-08 00:19:18,337 [ERROR] LogOutputStream:74 - [STDERR_REDIRECT] [Fatal Error] :1:1: Premature end of file.
2026-08-08 00:19:18,337 [ERROR] LogOutputStream:74 - [STDERR_REDIRECT] 
2026-08-08 00:19:19,336 [ERROR] LogOutputStream:74 - [STDERR_REDIRECT] [Fatal Error] :1:1: Premature end of file.
2026-08-08 00:19:19,337 [ERROR] LogOutputStream:74 - [STDERR_REDIRECT] 
2026-08-08 00:19:20,331 [ERROR] LogOutputStream:74 - [STDERR_REDIRECT] [Fatal Error] :1:1: Premature end of file.
2026-08-08 00:19:20,331 [ERROR] LogOutputStream:74 - [STDERR_REDIRECT] 
2026-08-08 00:19:21,335 [ERROR] LogOutputStream:74 - [STDERR_REDIRECT] [Fatal Error] :1:1: Premature end of file.
2026-08-08 00:19:21,335 [ERROR] LogOutputStream:74 - [STDERR_REDIRECT] 
2026-08-08 00:19:22,337 [ERROR] LogOutputStream:74 - [STDERR_REDIRECT] [Fatal Error] :1:1: Premature end of file.
2026-08-08 00:19:22,337 [ERROR] LogOutputStream:74 - [STDERR_REDIRECT] 
2026-08-08 00:19:23,336 [ERROR] LogOutputStream:74 - [STDERR_REDIRECT] [Fatal Error] :1:1: Premature end of file.
2026-08-08 00:19:23,336 [ERROR] LogOutputStream:74 - [STDERR_REDIRECT] 
2026-08-08 00:19:24,324 [ERROR] LogOutputStream:74 - [STDERR_REDIRECT] [Fatal Error] :1:1: Premature end of file.
2026-08-08 00:19:24,324 [ERROR] LogOutputStream:74 - [STDERR_REDIRECT] 
2026-08-08 00:19:25,349 [ERROR] LogOutputStream:74 - [STDERR_REDIRECT] [Fatal Error] :1:1: Premature end of file.
2026-08-08 00:19:25,349 [ERROR] LogOutputStream:74 - [STDERR_REDIRECT] 
2026-08-08 00:19:26,686 [ERROR] LogOutputStream:74 - [STDERR_REDIRECT] [Fatal Error] :1:1: Premature end of file.
2026-08-08 00:19:26,686 [ERROR] LogOutputStream:74 - [STDERR_REDIRECT] 
2026-08-08 00:19:27,324 [ERROR] LogOutputStream:74 - [STDERR_REDIRECT] [Fatal Error] :1:1: Premature end of file.
2026-08-08 00:19:27,324 [ERROR] LogOutputStream:74 - [STDERR_REDIRECT] 
2026-08-08 00:19:28,328 [ERROR] LogOutputStream:74 - [STDERR_REDIRECT] [Fatal Error] :1:1: Premature end of file.
2026-08-08 00:19:28,328 [ERROR] LogOutputStream:74 - [STDERR_REDIRECT] 
2026-08-08 00:19:29,327 [ERROR] LogOutputStream:74 - [STDERR_REDIRECT] [Fatal Error] :1:1: Premature end of file.
2026-08-08 00:19:29,327 [ERROR] LogOutputStream:74 - [STDERR_REDIRECT] 
2026-08-08 00:19:30,331 [ERROR] LogOutputStream:74 - [STDERR_REDIRECT] [Fatal Error] :1:1: Premature end of file.
2026-08-08 00:19:30,331 [ERROR] LogOutputStream:74 - [STDERR_REDIRECT] 
2026-08-08 00:19:31,332 [ERROR] LogOutputStream:74 - [STDERR_REDIRECT] [Fatal Error] :1:1: Premature end of file.
2026-08-08 00:19:31,333 [ERROR] LogOutputStream:74 - [STDERR_REDIRECT] 
2026-08-08 00:19:32,331 [ERROR] LogOutputStream:74 - [STDERR_REDIRECT] [Fatal Error] :1:1: Premature end of file.
2026-08-08 00:19:32,331 [ERROR] LogOutputStream:74 - [STDERR_REDIRECT] 
2026-08-08 00:19:33,353 [ERROR] LogOutputStream:74 - [STDERR_REDIRECT] [Fatal Error] :1:1: Premature end of file.
2026-08-08 00:19:33,353 [ERROR] LogOutputStream:74 - [STDERR_REDIRECT] 
2026-08-08 00:19:34,332 [ERROR] LogOutputStream:74 - [STDERR_REDIRECT] [Fatal Error] :1:1: Premature end of file.
2026-08-08 00:19:34,334 [ERROR] LogOutputStream:74 - [STDERR_REDIRECT] 
2026-08-08 00:19:35,336 [ERROR] LogOutputStream:74 - [STDERR_REDIRECT] [Fatal Error] :1:1: Premature end of file.
2026-08-08 00:19:35,336 [ERROR] LogOutputStream:74 - [STDERR_REDIRECT] 
2026-08-08 00:19:36,335 [ERROR] LogOutputStream:74 - [STDERR_REDIRECT] [Fatal Error] :1:1: Premature end of file.
2026-08-08 00:19:36,335 [ERROR] LogOutputStream:74 - [STDERR_REDIRECT] 
2026-08-08 00:19:37,337 [ERROR] LogOutputStream:74 - [STDERR_REDIRECT] [Fatal Error] :1:1: Premature end of file.
2026-08-08 00:19:37,337 [ERROR] LogOutputStream:74 - [STDERR_REDIRECT] 
2026-08-08 00:19:38,340 [ERROR] LogOutputStream:74 - [STDERR_REDIRECT] [Fatal Error] :1:1: Premature end of file.
2026-08-08 00:19:38,340 [ERROR] LogOutputStream:74 - [STDERR_REDIRECT] 
2026-08-08 00:19:39,327 [ERROR] LogOutputStream:74 - [STDERR_REDIRECT] [Fatal Error] :1:1: Premature end of file.
2026-08-08 00:19:39,327 [ERROR] LogOutputStream:74 - [STDERR_REDIRECT] 
2026-08-08 00:19:40,336 [ERROR] LogOutputStream:74 - [STDERR_REDIRECT] [Fatal Error] :1:1: Premature end of file.
2026-08-08 00:19:40,337 [ERROR] LogOutputStream:74 - [STDERR_REDIRECT] 
2026-08-08 00:19:41,323 [ERROR] LogOutputStream:74 - [STDERR_REDIRECT] [Fatal Error] :1:1: Premature end of file.
2026-08-08 00:19:41,324 [ERROR] LogOutputStream:74 - [STDERR_REDIRECT] 
2026-08-08 00:19:42,323 [ERROR] LogOutputStream:74 - [STDERR_REDIRECT] [Fatal Error] :1:1: Premature end of file.
2026-08-08 00:19:42,323 [ERROR] LogOutputStream:74 - [STDERR_REDIRECT] 
2026-08-08 00:19:43,329 [ERROR] LogOutputStream:74 - [STDERR_REDIRECT] [Fatal Error] :1:1: Premature end of file.
2026-08-08 00:19:43,329 [ERROR] LogOutputStream:74 - [STDERR_REDIRECT] 
2026-08-08 00:19:44,335 [ERROR] LogOutputStream:74 - [STDERR_REDIRECT] [Fatal Error] :1:1: Premature end of file.
2026-08-08 00:19:44,335 [ERROR] LogOutputStream:74 - [STDERR_REDIRECT] 
2026-08-08 00:19:45,701 [ERROR] LogOutputStream:74 - [STDERR_REDIRECT] [Fatal Error] :1:1: Premature end of file.
2026-08-08 00:19:45,701 [ERROR] LogOutputStream:74 - [STDERR_REDIRECT] 
2026-08-08 00:19:46,329 [ERROR] LogOutputStream:74 - [STDERR_REDIRECT] [Fatal Error] :1:1: Premature end of file.
2026-08-08 00:19:46,329 [ERROR] LogOutputStream:74 - [STDERR_REDIRECT] 
2026-08-08 00:19:47,332 [ERROR] LogOutputStream:74 - [STDERR_REDIRECT] [Fatal Error] :1:1: Premature end of file.
2026-08-08 00:19:47,332 [ERROR] LogOutputStream:74 - [STDERR_REDIRECT] 
2026-08-08 00:19:48,334 [ERROR] LogOutputStream:74 - [STDERR_REDIRECT] [Fatal Error] :1:1: Premature end of file.
2026-08-08 00:19:48,335 [ERROR] LogOutputStream:74 - [STDERR_REDIRECT] 
2026-08-08 00:19:49,325 [ERROR] LogOutputStream:74 - [STDERR_REDIRECT] [Fatal Error] :1:1: Premature end of file.
2026-08-08 00:19:49,325 [ERROR] LogOutputStream:74 - [STDERR_REDIRECT] 
2026-08-08 00:19:50,337 [ERROR] LogOutputStream:74 - [STDERR_REDIRECT] [Fatal Error] :1:1: Premature end of file.
2026-08-08 00:19:50,337 [ERROR] LogOutputStream:74 - [STDERR_REDIRECT] 
2026-08-08 00:19:51,336 [ERROR] LogOutputStream:74 - [STDERR_REDIRECT] [Fatal Error] :1:1: Premature end of file.
2026-08-08 00:19:51,337 [ERROR] LogOutputStream:74 - [STDERR_REDIRECT] 
2026-08-08 00:19:52,336 [ERROR] LogOutputStream:74 - [STDERR_REDIRECT] [Fatal Error] :1:1: Premature end of file.
2026-08-08 00:19:52,336 [ERROR] LogOutputStream:74 - [STDERR_REDIRECT] 
2026-08-08 00:19:53,332 [ERROR] LogOutputStream:74 - [STDERR_REDIRECT] [Fatal Error] :1:1: Premature end of file.
2026-08-08 00:19:53,332 [ERROR] LogOutputStream:74 - [STDERR_REDIRECT] 
2026-08-08 00:19:54,339 [ERROR] LogOutputStream:74 - [STDERR_REDIRECT] [Fatal Error] :1:1: Premature end of file.
2026-08-08 00:19:54,339 [ERROR] LogOutputStream:74 - [STDERR_REDIRECT] 
2026-08-08 00:19:55,335 [ERROR] LogOutputStream:74 - [STDERR_REDIRECT] [Fatal Error] :1:1: Premature end of file.
2026-08-08 00:19:55,335 [ERROR] LogOutputStream:74 - [STDERR_REDIRECT] 
2026-08-08 00:19:56,325 [ERROR] LogOutputStream:74 - [STDERR_REDIRECT] [Fatal Error] :1:1: Premature end of file.
2026-08-08 00:19:56,325 [ERROR] LogOutputStream:74 - [STDERR_REDIRECT] 
2026-08-08 00:19:57,496 [ERROR] LogOutputStream:74 - [STDERR_REDIRECT] [Fatal Error] :1:1: Premature end of file.
2026-08-08 00:19:57,497 [ERROR] LogOutputStream:74 - [STDERR_REDIRECT] 
2026-08-08 00:19:58,325 [ERROR] LogOutputStream:74 - [STDERR_REDIRECT] [Fatal Error] :1:1: Premature end of file.
2026-08-08 00:19:58,325 [ERROR] LogOutputStream:74 - [STDERR_REDIRECT] 
2026-08-08 00:19:59,323 [ERROR] LogOutputStream:74 - [STDERR_REDIRECT] [Fatal Error] :1:1: Premature end of file.
2026-08-08 00:19:59,325 [ERROR] LogOutputStream:74 - [STDERR_REDIRECT] 
2026-08-08 00:20:00,338 [ERROR] LogOutputStream:74 - [STDERR_REDIRECT] [Fatal Error] :1:1: Premature end of file.
2026-08-08 00:20:00,339 [ERROR] LogOutputStream:74 - [STDERR_REDIRECT] 
2026-08-08 00:20:01,331 [ERROR] LogOutputStream:74 - [STDERR_REDIRECT] [Fatal Error] :1:1: Premature end of file.
2026-08-08 00:20:01,331 [ERROR] LogOutputStream:74 - [STDERR_REDIRECT] 
2026-08-08 00:20:02,326 [ERROR] LogOutputStream:74 - [STDERR_REDIRECT] [Fatal Error] :1:1: Premature end of file.
2026-08-08 00:20:02,326 [ERROR] LogOutputStream:74 - [STDERR_REDIRECT] 
2026-08-08 00:20:03,327 [ERROR] LogOutputStream:74 - [STDERR_REDIRECT] [Fatal Error] :1:1: Premature end of file.
2026-08-08 00:20:03,327 [ERROR] LogOutputStream:74 - [STDERR_REDIRECT] 
2026-08-08 00:20:04,330 [ERROR] LogOutputStream:74 - [STDERR_REDIRECT] [Fatal Error] :1:1: Premature end of file.
2026-08-08 00:20:04,331 [ERROR] LogOutputStream:74 - [STDERR_REDIRECT] 
2026-08-08 00:20:05,333 [ERROR] LogOutputStream:74 - [STDERR_REDIRECT] [Fatal Error] :1:1: Premature end of file.
2026-08-08 00:20:05,333 [ERROR] LogOutputStream:74 - [STDERR_REDIRECT] 
2026-08-08 00:20:06,341 [ERROR] LogOutputStream:74 - [STDERR_REDIRECT] [Fatal Error] :1:1: Premature end of file.
2026-08-08 00:20:06,342 [ERROR] LogOutputStream:74 - [STDERR_REDIRECT] 
2026-08-08 00:20:07,648 [ERROR] LogOutputStream:74 - [STDERR_REDIRECT] [Fatal Error] :1:1: Premature end of file.
2026-08-08 00:20:07,648 [ERROR] LogOutputStream:74 - [STDERR_REDIRECT] 
2026-08-08 00:20:08,337 [ERROR] LogOutputStream:74 - [STDERR_REDIRECT] [Fatal Error] :1:1: Premature end of file.
2026-08-08 00:20:08,337 [ERROR] LogOutputStream:74 - [STDERR_REDIRECT] 
2026-08-08 00:20:09,335 [ERROR] LogOutputStream:74 - [STDERR_REDIRECT] [Fatal Error] :1:1: Premature end of file.
2026-08-08 00:20:09,336 [ERROR] LogOutputStream:74 - [STDERR_REDIRECT] 
2026-08-08 00:20:10,338 [ERROR] LogOutputStream:74 - [STDERR_REDIRECT] [Fatal Error] :1:1: Premature end of file.
2026-08-08 00:20:10,338 [ERROR] LogOutputStream:74 - [STDERR_REDIRECT] 
2026-08-08 00:20:11,339 [ERROR] LogOutputStream:74 - [STDERR_REDIRECT] [Fatal Error] :1:1: Premature end of file.
2026-08-08 00:20:11,340 [ERROR] LogOutputStream:74 - [STDERR_REDIRECT] 
2026-08-08 00:20:12,336 [ERROR] LogOutputStream:74 - [STDERR_REDIRECT] [Fatal Error] :1:1: Premature end of file.
2026-08-08 00:20:12,337 [ERROR] LogOutputStream:74 - [STDERR_REDIRECT] 
2026-08-08 00:20:13,344 [ERROR] LogOutputStream:74 - [STDERR_REDIRECT] [Fatal Error] :1:1: Premature end of file.
2026-08-08 00:20:13,346 [ERROR] LogOutputStream:74 - [STDERR_REDIRECT] 
2026-08-08 00:20:14,340 [ERROR] LogOutputStream:74 - [STDERR_REDIRECT] [Fatal Error] :1:1: Premature end of file.
2026-08-08 00:20:14,340 [ERROR] LogOutputStream:74 - [STDERR_REDIRECT] 
2026-08-08 00:20:15,325 [ERROR] LogOutputStream:74 - [STDERR_REDIRECT] [Fatal Error] :1:1: Premature end of file.
2026-08-08 00:20:15,325 [ERROR] LogOutputStream:74 - [STDERR_REDIRECT] 
2026-08-08 00:20:16,329 [ERROR] LogOutputStream:74 - [STDERR_REDIRECT] [Fatal Error] :1:1: Premature end of file.
2026-08-08 00:20:16,329 [ERROR] LogOutputStream:74 - [STDERR_REDIRECT] 
2026-08-08 00:20:17,335 [ERROR] LogOutputStream:74 - [STDERR_REDIRECT] [Fatal Error] :1:1: Premature end of file.
2026-08-08 00:20:17,335 [ERROR] LogOutputStream:74 - [STDERR_REDIRECT] 
2026-08-08 00:20:18,333 [ERROR] LogOutputStream:74 - [STDERR_REDIRECT] [Fatal Error] :1:1: Premature end of file.
2026-08-08 00:20:18,333 [ERROR] LogOutputStream:74 - [STDERR_REDIRECT] 
2026-08-08 00:20:19,335 [ERROR] LogOutputStream:74 - [STDERR_REDIRECT] [Fatal Error] :1:1: Premature end of file.
2026-08-08 00:20:19,335 [ERROR] LogOutputStream:74 - [STDERR_REDIRECT] 
2026-08-08 00:20:20,329 [ERROR] LogOutputStream:74 - [STDERR_REDIRECT] [Fatal Error] :1:1: Premature end of file.
2026-08-08 00:20:20,330 [ERROR] LogOutputStream:74 - [STDERR_REDIRECT] 
2026-08-08 00:20:21,352 [ERROR] LogOutputStream:74 - [STDERR_REDIRECT] [Fatal Error] :1:1: Premature end of file.
2026-08-08 00:20:21,353 [ERROR] LogOutputStream:74 - [STDERR_REDIRECT] 
2026-08-08 00:20:22,327 [ERROR] LogOutputStream:74 - [STDERR_REDIRECT] [Fatal Error] :1:1: Premature end of file.
2026-08-08 00:20:22,327 [ERROR] LogOutputStream:74 - [STDERR_REDIRECT] 
2026-08-08 00:20:23,338 [ERROR] LogOutputStream:74 - [STDERR_REDIRECT] [Fatal Error] :1:1: Premature end of file.
2026-08-08 00:20:23,338 [ERROR] LogOutputStream:74 - [STDERR_REDIRECT] 
2026-08-08 00:20:24,347 [ERROR] LogOutputStream:74 - [STDERR_REDIRECT] [Fatal Error] :1:1: Premature end of file.
2026-08-08 00:20:24,347 [ERROR] LogOutputStream:74 - [STDERR_REDIRECT] 
2026-08-08 00:20:25,341 [ERROR] LogOutputStream:74 - [STDERR_REDIRECT] [Fatal Error] :1:1: Premature end of file.
2026-08-08 00:20:25,341 [ERROR] LogOutputStream:74 - [STDERR_REDIRECT] 
2026-08-08 00:20:26,337 [ERROR] LogOutputStream:74 - [STDERR_REDIRECT] [Fatal Error] :1:1: Premature end of file.
2026-08-08 00:20:26,337 [ERROR] LogOutputStream:74 - [STDERR_REDIRECT] 
2026-08-08 00:20:27,338 [ERROR] LogOutputStream:74 - [STDERR_REDIRECT] [Fatal Error] :1:1: Premature end of file.
2026-08-08 00:20:27,338 [ERROR] LogOutputStream:74 - [STDERR_REDIRECT] 
2026-08-08 00:20:28,357 [ERROR] LogOutputStream:74 - [STDERR_REDIRECT] [Fatal Error] :1:1: Premature end of file.
2026-08-08 00:20:28,357 [ERROR] LogOutputStream:74 - [STDERR_REDIRECT] 
2026-08-08 00:20:29,343 [ERROR] LogOutputStream:74 - [STDERR_REDIRECT] [Fatal Error] :1:1: Premature end of file.
2026-08-08 00:20:29,343 [ERROR] LogOutputStream:74 - [STDERR_REDIRECT] 
2026-08-08 00:20:30,339 [ERROR] LogOutputStream:74 - [STDERR_REDIRECT] [Fatal Error] :1:1: Premature end of file.
2026-08-08 00:20:30,339 [ERROR] LogOutputStream:74 - [STDERR_REDIRECT] 
2026-08-08 00:20:31,337 [ERROR] LogOutputStream:74 - [STDERR_REDIRECT] [Fatal Error] :1:1: Premature end of file.
2026-08-08 00:20:31,337 [ERROR] LogOutputStream:74 - [STDERR_REDIRECT] 
2026-08-08 00:20:32,331 [ERROR] LogOutputStream:74 - [STDERR_REDIRECT] [Fatal Error] :1:1: Premature end of file.
2026-08-08 00:20:32,331 [ERROR] LogOutputStream:74 - [STDERR_REDIRECT] 
2026-08-08 00:20:33,327 [ERROR] LogOutputStream:74 - [STDERR_REDIRECT] [Fatal Error] :1:1: Premature end of file.
2026-08-08 00:20:33,327 [ERROR] LogOutputStream:74 - [STDERR_REDIRECT] 
2026-08-08 00:20:34,327 [ERROR] LogOutputStream:74 - [STDERR_REDIRECT] [Fatal Error] :1:1: Premature end of file.
2026-08-08 00:20:34,328 [ERROR] LogOutputStream:74 - [STDERR_REDIRECT] 
2026-08-08 00:20:35,336 [ERROR] LogOutputStream:74 - [STDERR_REDIRECT] [Fatal Error] :1:1: Premature end of file.
2026-08-08 00:20:35,336 [ERROR] LogOutputStream:74 - [STDERR_REDIRECT] 
2026-08-08 00:20:36,335 [ERROR] LogOutputStream:74 - [STDERR_REDIRECT] [Fatal Error] :1:1: Premature end of file.
2026-08-08 00:20:36,335 [ERROR] LogOutputStream:74 - [STDERR_REDIRECT] 
2026-08-08 00:20:37,335 [ERROR] LogOutputStream:74 - [STDERR_REDIRECT] [Fatal Error] :1:1: Premature end of file.
2026-08-08 00:20:37,335 [ERROR] LogOutputStream:74 - [STDERR_REDIRECT] 
2026-08-08 00:20:38,334 [ERROR] LogOutputStream:74 - [STDERR_REDIRECT] [Fatal Error] :1:1: Premature end of file.
2026-08-08 00:20:38,334 [ERROR] LogOutputStream:74 - [STDERR_REDIRECT] 
2026-08-08 00:20:39,341 [ERROR] LogOutputStream:74 - [STDERR_REDIRECT] [Fatal Error] :1:1: Premature end of file.
2026-08-08 00:20:39,342 [ERROR] LogOutputStream:74 - [STDERR_REDIRECT] 
2026-08-08 00:20:40,325 [ERROR] LogOutputStream:74 - [STDERR_REDIRECT] [Fatal Error] :1:1: Premature end of file.
2026-08-08 00:20:40,325 [ERROR] LogOutputStream:74 - [STDERR_REDIRECT] 
2026-08-08 00:20:41,341 [ERROR] LogOutputStream:74 - [STDERR_REDIRECT] [Fatal Error] :1:1: Premature end of file.
2026-08-08 00:20:41,342 [ERROR] LogOutputStream:74 - [STDERR_REDIRECT] 
2026-08-08 00:20:42,342 [ERROR] LogOutputStream:74 - [STDERR_REDIRECT] [Fatal Error] :1:1: Premature end of file.
2026-08-08 00:20:42,343 [ERROR] LogOutputStream:74 - [STDERR_REDIRECT] 
2026-08-08 00:20:43,337 [ERROR] LogOutputStream:74 - [STDERR_REDIRECT] [Fatal Error] :1:1: Premature end of file.
2026-08-08 00:20:43,338 [ERROR] LogOutputStream:74 - [STDERR_REDIRECT] 
2026-08-08 00:20:44,340 [ERROR] LogOutputStream:74 - [STDERR_REDIRECT] [Fatal Error] :1:1: Premature end of file.
2026-08-08 00:20:44,341 [ERROR] LogOutputStream:74 - [STDERR_REDIRECT] 
2026-08-08 00:20:45,330 [ERROR] LogOutputStream:74 - [STDERR_REDIRECT] [Fatal Error] :1:1: Premature end of file.
2026-08-08 00:20:45,330 [ERROR] LogOutputStream:74 - [STDERR_REDIRECT] 
2026-08-08 00:20:46,345 [ERROR] LogOutputStream:74 - [STDERR_REDIRECT] [Fatal Error] :1:1: Premature end of file.
2026-08-08 00:20:46,345 [ERROR] LogOutputStream:74 - [STDERR_REDIRECT] 
2026-08-08 00:20:47,329 [ERROR] LogOutputStream:74 - [STDERR_REDIRECT] [Fatal Error] :1:1: Premature end of file.
2026-08-08 00:20:47,330 [ERROR] LogOutputStream:74 - [STDERR_REDIRECT] 
2026-08-08 00:20:48,339 [ERROR] LogOutputStream:74 - [STDERR_REDIRECT] [Fatal Error] :1:1: Premature end of file.
2026-08-08 00:20:48,340 [ERROR] LogOutputStream:74 - [STDERR_REDIRECT] 
2026-08-08 00:20:49,337 [ERROR] LogOutputStream:74 - [STDERR_REDIRECT] [Fatal Error] :1:1: Premature end of file.
2026-08-08 00:20:49,337 [ERROR] LogOutputStream:74 - [STDERR_REDIRECT] 
2026-08-08 00:20:50,335 [ERROR] LogOutputStream:74 - [STDERR_REDIRECT] [Fatal Error] :1:1: Premature end of file.
2026-08-08 00:20:50,335 [ERROR] LogOutputStream:74 - [STDERR_REDIRECT] 
2026-08-08 00:20:51,337 [ERROR] LogOutputStream:74 - [STDERR_REDIRECT] [Fatal Error] :1:1: Premature end of file.
2026-08-08 00:20:51,337 [ERROR] LogOutputStream:74 - [STDERR_REDIRECT] 
2026-08-08 00:20:52,328 [ERROR] LogOutputStream:74 - [STDERR_REDIRECT] [Fatal Error] :1:1: Premature end of file.
2026-08-08 00:20:52,329 [ERROR] LogOutputStream:74 - [STDERR_REDIRECT] 
2026-08-08 00:20:53,331 [ERROR] LogOutputStream:74 - [STDERR_REDIRECT] [Fatal Error] :1:1: Premature end of file.
2026-08-08 00:20:53,331 [ERROR] LogOutputStream:74 - [STDERR_REDIRECT] 
2026-08-08 00:20:54,337 [ERROR] LogOutputStream:74 - [STDERR_REDIRECT] [Fatal Error] :1:1: Premature end of file.
2026-08-08 00:20:54,337 [ERROR] LogOutputStream:74 - [STDERR_REDIRECT] 
2026-08-08 00:20:55,333 [ERROR] LogOutputStream:74 - [STDERR_REDIRECT] [Fatal Error] :1:1: Premature end of file.
2026-08-08 00:20:55,334 [ERROR] LogOutputStream:74 - [STDERR_REDIRECT] 
2026-08-08 00:20:56,338 [ERROR] LogOutputStream:74 - [STDERR_REDIRECT] [Fatal Error] :1:1: Premature end of file.
2026-08-08 00:20:56,338 [ERROR] LogOutputStream:74 - [STDERR_REDIRECT] 
2026-08-08 00:20:57,335 [ERROR] LogOutputStream:74 - [STDERR_REDIRECT] [Fatal Error] :1:1: Premature end of file.
2026-08-08 00:20:57,335 [ERROR] LogOutputStream:74 - [STDERR_REDIRECT] 
2026-08-08 00:20:58,337 [ERROR] LogOutputStream:74 - [STDERR_REDIRECT] [Fatal Error] :1:1: Premature end of file.
2026-08-08 00:20:58,337 [ERROR] LogOutputStream:74 - [STDERR_REDIRECT] 
2026-08-08 00:20:59,381 [ERROR] LogOutputStream:74 - [STDERR_REDIRECT] [Fatal Error] :1:1: Premature end of file.
2026-08-08 00:20:59,382 [ERROR] LogOutputStream:74 - [STDERR_REDIRECT] 
2026-08-08 00:21:00,325 [ERROR] LogOutputStream:74 - [STDERR_REDIRECT] [Fatal Error] :1:1: Premature end of file.
2026-08-08 00:21:00,325 [ERROR] LogOutputStream:74 - [STDERR_REDIRECT] 
2026-08-08 00:21:01,335 [ERROR] LogOutputStream:74 - [STDERR_REDIRECT] [Fatal Error] :1:1: Premature end of file.
2026-08-08 00:21:01,336 [ERROR] LogOutputStream:74 - [STDERR_REDIRECT] 
2026-08-08 00:21:02,323 [ERROR] LogOutputStream:74 - [STDERR_REDIRECT] [Fatal Error] :1:1: Premature end of file.
2026-08-08 00:21:02,323 [ERROR] LogOutputStream:74 - [STDERR_REDIRECT] 
2026-08-08 00:21:03,324 [ERROR] LogOutputStream:74 - [STDERR_REDIRECT] [Fatal Error] :1:1: Premature end of file.
2026-08-08 00:21:03,324 [ERROR] LogOutputStream:74 - [STDERR_REDIRECT] 
2026-08-08 00:21:04,328 [ERROR] LogOutputStream:74 - [STDERR_REDIRECT] [Fatal Error] :1:1: Premature end of file.
2026-08-08 00:21:04,328 [ERROR] LogOutputStream:74 - [STDERR_REDIRECT] 
2026-08-08 00:21:05,324 [ERROR] LogOutputStream:74 - [STDERR_REDIRECT] [Fatal Error] :1:1: Premature end of file.
2026-08-08 00:21:05,325 [ERROR] LogOutputStream:74 - [STDERR_REDIRECT] 
2026-08-08 00:21:06,327 [ERROR] LogOutputStream:74 - [STDERR_REDIRECT] [Fatal Error] :1:1: Premature end of file.
2026-08-08 00:21:06,327 [ERROR] LogOutputStream:74 - [STDERR_REDIRECT] 
2026-08-08 00:21:07,328 [ERROR] LogOutputStream:74 - [STDERR_REDIRECT] [Fatal Error] :1:1: Premature end of file.
2026-08-08 00:21:07,328 [ERROR] LogOutputStream:74 - [STDERR_REDIRECT] 
2026-08-08 00:21:08,338 [ERROR] LogOutputStream:74 - [STDERR_REDIRECT] [Fatal Error] :1:1: Premature end of file.
2026-08-08 00:21:08,338 [ERROR] LogOutputStream:74 - [STDERR_REDIRECT] 
2026-08-08 00:21:09,331 [ERROR] LogOutputStream:74 - [STDERR_REDIRECT] [Fatal Error] :1:1: Premature end of file.
2026-08-08 00:21:09,331 [ERROR] LogOutputStream:74 - [STDERR_REDIRECT] 
2026-08-08 00:21:10,334 [ERROR] LogOutputStream:74 - [STDERR_REDIRECT] [Fatal Error] :1:1: Premature end of file.
2026-08-08 00:21:10,334 [ERROR] LogOutputStream:74 - [STDERR_REDIRECT] 
2026-08-08 00:21:11,331 [ERROR] LogOutputStream:74 - [STDERR_REDIRECT] [Fatal Error] :1:1: Premature end of file.
2026-08-08 00:21:11,331 [ERROR] LogOutputStream:74 - [STDERR_REDIRECT] 
2026-08-08 00:21:12,443 [ERROR] LogOutputStream:74 - [STDERR_REDIRECT] [Fatal Error] :1:1: Premature end of file.
2026-08-08 00:21:12,445 [ERROR] LogOutputStream:74 - [STDERR_REDIRECT] 
2026-08-08 00:21:13,335 [ERROR] LogOutputStream:74 - [STDERR_REDIRECT] [Fatal Error] :1:1: Premature end of file.
2026-08-08 00:21:13,335 [ERROR] LogOutputStream:74 - [STDERR_REDIRECT] 
2026-08-08 00:21:14,337 [ERROR] LogOutputStream:74 - [STDERR_REDIRECT] [Fatal Error] :1:1: Premature end of file.
2026-08-08 00:21:14,337 [ERROR] LogOutputStream:74 - [STDERR_REDIRECT] 
2026-08-08 00:21:15,337 [ERROR] LogOutputStream:74 - [STDERR_REDIRECT] [Fatal Error] :1:1: Premature end of file.
2026-08-08 00:21:15,338 [ERROR] LogOutputStream:74 - [STDERR_REDIRECT] 
2026-08-08 00:21:16,327 [ERROR] LogOutputStream:74 - [STDERR_REDIRECT] [Fatal Error] :1:1: Premature end of file.
2026-08-08 00:21:16,327 [ERROR] LogOutputStream:74 - [STDERR_REDIRECT] 
2026-08-08 00:21:17,333 [ERROR] LogOutputStream:74 - [STDERR_REDIRECT] [Fatal Error] :1:1: Premature end of file.
2026-08-08 00:21:17,333 [ERROR] LogOutputStream:74 - [STDERR_REDIRECT] 
2026-08-08 00:21:18,337 [ERROR] LogOutputStream:74 - [STDERR_REDIRECT] [Fatal Error] :1:1: Premature end of file.
2026-08-08 00:21:18,337 [ERROR] LogOutputStream:74 - [STDERR_REDIRECT] 
2026-08-08 00:21:19,336 [ERROR] LogOutputStream:74 - [STDERR_REDIRECT] [Fatal Error] :1:1: Premature end of file.
2026-08-08 00:21:19,337 [ERROR] LogOutputStream:74 - [STDERR_REDIRECT] 
2026-08-08 00:21:20,326 [ERROR] LogOutputStream:74 - [STDERR_REDIRECT] [Fatal Error] :1:1: Premature end of file.
2026-08-08 00:21:20,326 [ERROR] LogOutputStream:74 - [STDERR_REDIRECT] 
2026-08-08 00:21:21,349 [ERROR] LogOutputStream:74 - [STDERR_REDIRECT] [Fatal Error] :1:1: Premature end of file.
2026-08-08 00:21:21,349 [ERROR] LogOutputStream:74 - [STDERR_REDIRECT] 
2026-08-08 00:21:22,341 [ERROR] LogOutputStream:74 - [STDERR_REDIRECT] [Fatal Error] :1:1: Premature end of file.
2026-08-08 00:21:22,341 [ERROR] LogOutputStream:74 - [STDERR_REDIRECT] 
2026-08-08 00:21:23,329 [ERROR] LogOutputStream:74 - [STDERR_REDIRECT] [Fatal Error] :1:1: Premature end of file.
2026-08-08 00:21:23,330 [ERROR] LogOutputStream:74 - [STDERR_REDIRECT] 
2026-08-08 00:21:24,329 [ERROR] LogOutputStream:74 - [STDERR_REDIRECT] [Fatal Error] :1:1: Premature end of file.
2026-08-08 00:21:24,330 [ERROR] LogOutputStream:74 - [STDERR_REDIRECT] 
2026-08-08 00:21:25,329 [ERROR] LogOutputStream:74 - [STDERR_REDIRECT] [Fatal Error] :1:1: Premature end of file.
2026-08-08 00:21:25,329 [ERROR] LogOutputStream:74 - [STDERR_REDIRECT] 
2026-08-08 00:21:26,332 [ERROR] LogOutputStream:74 - [STDERR_REDIRECT] [Fatal Error] :1:1: Premature end of file.
2026-08-08 00:21:26,334 [ERROR] LogOutputStream:74 - [STDERR_REDIRECT] 
2026-08-08 00:21:27,340 [ERROR] LogOutputStream:74 - [STDERR_REDIRECT] [Fatal Error] :1:1: Premature end of file.
2026-08-08 00:21:27,341 [ERROR] LogOutputStream:74 - [STDERR_REDIRECT] 
2026-08-08 00:21:28,350 [ERROR] LogOutputStream:74 - [STDERR_REDIRECT] [Fatal Error] :1:1: Premature end of file.
2026-08-08 00:21:28,350 [ERROR] LogOutputStream:74 - [STDERR_REDIRECT] 
2026-08-08 00:21:29,347 [ERROR] LogOutputStream:74 - [STDERR_REDIRECT] [Fatal Error] :1:1: Premature end of file.
2026-08-08 00:21:29,349 [ERROR] LogOutputStream:74 - [STDERR_REDIRECT] 
2026-08-08 00:21:30,337 [ERROR] LogOutputStream:74 - [STDERR_REDIRECT] [Fatal Error] :1:1: Premature end of file.
2026-08-08 00:21:30,337 [ERROR] LogOutputStream:74 - [STDERR_REDIRECT] 
2026-08-08 00:21:31,330 [ERROR] LogOutputStream:74 - [STDERR_REDIRECT] [Fatal Error] :1:1: Premature end of file.
2026-08-08 00:21:31,333 [ERROR] LogOutputStream:74 - [STDERR_REDIRECT] 
2026-08-08 00:21:32,327 [ERROR] LogOutputStream:74 - [STDERR_REDIRECT] [Fatal Error] :1:1: Premature end of file.
2026-08-08 00:21:32,327 [ERROR] LogOutputStream:74 - [STDERR_REDIRECT] 
2026-08-08 00:21:33,338 [ERROR] LogOutputStream:74 - [STDERR_REDIRECT] [Fatal Error] :1:1: Premature end of file.
2026-08-08 00:21:33,339 [ERROR] LogOutputStream:74 - [STDERR_REDIRECT] 
2026-08-08 00:21:34,337 [ERROR] LogOutputStream:74 - [STDERR_REDIRECT] [Fatal Error] :1:1: Premature end of file.
2026-08-08 00:21:34,341 [ERROR] LogOutputStream:74 - [STDERR_REDIRECT] 
2026-08-08 00:21:35,515 [ERROR] LogOutputStream:74 - [STDERR_REDIRECT] [Fatal Error] :1:1: Premature end of file.
2026-08-08 00:21:35,515 [ERROR] LogOutputStream:74 - [STDERR_REDIRECT] 
2026-08-08 00:21:36,342 [ERROR] LogOutputStream:74 - [STDERR_REDIRECT] [Fatal Error] :1:1: Premature end of file.
2026-08-08 00:21:36,343 [ERROR] LogOutputStream:74 - [STDERR_REDIRECT] 
2026-08-08 00:21:37,689 [ERROR] LogOutputStream:74 - [STDERR_REDIRECT] [Fatal Error] :1:1: Premature end of file.
2026-08-08 00:21:37,696 [ERROR] LogOutputStream:74 - [STDERR_REDIRECT] 
2026-08-08 00:21:38,327 [ERROR] LogOutputStream:74 - [STDERR_REDIRECT] [Fatal Error] :1:1: Premature end of file.
2026-08-08 00:21:38,328 [ERROR] LogOutputStream:74 - [STDERR_REDIRECT] 
2026-08-08 00:21:39,330 [ERROR] LogOutputStream:74 - [STDERR_REDIRECT] [Fatal Error] :1:1: Premature end of file.
2026-08-08 00:21:39,330 [ERROR] LogOutputStream:74 - [STDERR_REDIRECT] 
2026-08-08 00:21:40,332 [ERROR] LogOutputStream:74 - [STDERR_REDIRECT] [Fatal Error] :1:1: Premature end of file.
2026-08-08 00:21:40,332 [ERROR] LogOutputStream:74 - [STDERR_REDIRECT] 
2026-08-08 00:21:41,335 [ERROR] LogOutputStream:74 - [STDERR_REDIRECT] [Fatal Error] :1:1: Premature end of file.
2026-08-08 00:21:41,335 [ERROR] LogOutputStream:74 - [STDERR_REDIRECT] 
2026-08-08 00:21:42,337 [ERROR] LogOutputStream:74 - [STDERR_REDIRECT] [Fatal Error] :1:1: Premature end of file.
2026-08-08 00:21:42,337 [ERROR] LogOutputStream:74 - [STDERR_REDIRECT] 
2026-08-08 00:21:43,344 [ERROR] LogOutputStream:74 - [STDERR_REDIRECT] [Fatal Error] :1:1: Premature end of file.
2026-08-08 00:21:43,345 [ERROR] LogOutputStream:74 - [STDERR_REDIRECT] 
2026-08-08 00:21:44,332 [ERROR] LogOutputStream:74 - [STDERR_REDIRECT] [Fatal Error] :1:1: Premature end of file.
2026-08-08 00:21:44,333 [ERROR] LogOutputStream:74 - [STDERR_REDIRECT] 
2026-08-08 00:21:45,326 [ERROR] LogOutputStream:74 - [STDERR_REDIRECT] [Fatal Error] :1:1: Premature end of file.
2026-08-08 00:21:45,326 [ERROR] LogOutputStream:74 - [STDERR_REDIRECT] 
2026-08-08 00:21:46,323 [ERROR] LogOutputStream:74 - [STDERR_REDIRECT] [Fatal Error] :1:1: Premature end of file.
2026-08-08 00:21:46,323 [ERROR] LogOutputStream:74 - [STDERR_REDIRECT] 
2026-08-08 00:21:47,336 [ERROR] LogOutputStream:74 - [STDERR_REDIRECT] [Fatal Error] :1:1: Premature end of file.
2026-08-08 00:21:47,336 [ERROR] LogOutputStream:74 - [STDERR_REDIRECT] 
2026-08-08 00:21:48,335 [ERROR] LogOutputStream:74 - [STDERR_REDIRECT] [Fatal Error] :1:1: Premature end of file.
2026-08-08 00:21:48,336 [ERROR] LogOutputStream:74 - [STDERR_REDIRECT] 
2026-08-08 00:21:49,339 [ERROR] LogOutputStream:74 - [STDERR_REDIRECT] [Fatal Error] :1:1: Premature end of file.
2026-08-08 00:21:49,339 [ERROR] LogOutputStream:74 - [STDERR_REDIRECT] 
2026-08-08 00:21:50,360 [ERROR] LogOutputStream:74 - [STDERR_REDIRECT] [Fatal Error] :1:1: Premature end of file.
2026-08-08 00:21:50,360 [ERROR] LogOutputStream:74 - [STDERR_REDIRECT] 
2026-08-08 00:21:51,341 [ERROR] LogOutputStream:74 - [STDERR_REDIRECT] [Fatal Error] :1:1: Premature end of file.
2026-08-08 00:21:51,342 [ERROR] LogOutputStream:74 - [STDERR_REDIRECT] 
2026-08-08 00:21:52,332 [ERROR] LogOutputStream:74 - [STDERR_REDIRECT] [Fatal Error] :1:1: Premature end of file.
2026-08-08 00:21:52,333 [ERROR] LogOutputStream:74 - [STDERR_REDIRECT] 
2026-08-08 00:21:53,342 [ERROR] LogOutputStream:74 - [STDERR_REDIRECT] [Fatal Error] :1:1: Premature end of file.
2026-08-08 00:21:53,342 [ERROR] LogOutputStream:74 - [STDERR_REDIRECT] 
2026-08-08 00:21:54,324 [ERROR] LogOutputStream:74 - [STDERR_REDIRECT] [Fatal Error] :1:1: Premature end of file.
2026-08-08 00:21:54,324 [ERROR] LogOutputStream:74 - [STDERR_REDIRECT] 
2026-08-08 00:21:55,327 [ERROR] LogOutputStream:74 - [STDERR_REDIRECT] [Fatal Error] :1:1: Premature end of file.
2026-08-08 00:21:55,327 [ERROR] LogOutputStream:74 - [STDERR_REDIRECT] 
2026-08-08 00:21:56,330 [ERROR] LogOutputStream:74 - [STDERR_REDIRECT] [Fatal Error] :1:1: Premature end of file.
2026-08-08 00:21:56,331 [ERROR] LogOutputStream:74 - [STDERR_REDIRECT] 
2026-08-08 00:21:57,327 [ERROR] LogOutputStream:74 - [STDERR_REDIRECT] [Fatal Error] :1:1: Premature end of file.
2026-08-08 00:21:57,329 [ERROR] LogOutputStream:74 - [STDERR_REDIRECT] 
2026-08-08 00:21:58,327 [ERROR] LogOutputStream:74 - [STDERR_REDIRECT] [Fatal Error] :1:1: Premature end of file.
2026-08-08 00:21:58,327 [ERROR] LogOutputStream:74 - [STDERR_REDIRECT] 
2026-08-08 00:21:59,333 [ERROR] LogOutputStream:74 - [STDERR_REDIRECT] [Fatal Error] :1:1: Premature end of file.
2026-08-08 00:21:59,333 [ERROR] LogOutputStream:74 - [STDERR_REDIRECT] 
2026-08-08 00:22:00,341 [ERROR] LogOutputStream:74 - [STDERR_REDIRECT] [Fatal Error] :1:1: Premature end of file.
2026-08-08 00:22:00,342 [ERROR] LogOutputStream:74 - [STDERR_REDIRECT] 
2026-08-08 00:22:01,345 [ERROR] LogOutputStream:74 - [STDERR_REDIRECT] [Fatal Error] :1:1: Premature end of file.
2026-08-08 00:22:01,347 [ERROR] LogOutputStream:74 - [STDERR_REDIRECT] 
2026-08-08 00:22:02,329 [ERROR] LogOutputStream:74 - [STDERR_REDIRECT] [Fatal Error] :1:1: Premature end of file.
2026-08-08 00:22:02,330 [ERROR] LogOutputStream:74 - [STDERR_REDIRECT] 
2026-08-08 00:22:03,326 [ERROR] LogOutputStream:74 - [STDERR_REDIRECT] [Fatal Error] :1:1: Premature end of file.
2026-08-08 00:22:03,326 [ERROR] LogOutputStream:74 - [STDERR_REDIRECT] 
2026-08-08 00:22:04,327 [ERROR] LogOutputStream:74 - [STDERR_REDIRECT] [Fatal Error] :1:1: Premature end of file.
2026-08-08 00:22:04,327 [ERROR] LogOutputStream:74 - [STDERR_REDIRECT] 
2026-08-08 00:22:05,332 [ERROR] LogOutputStream:74 - [STDERR_REDIRECT] [Fatal Error] :1:1: Premature end of file.
2026-08-08 00:22:05,335 [ERROR] LogOutputStream:74 - [STDERR_REDIRECT] 
2026-08-08 00:22:06,325 [ERROR] LogOutputStream:74 - [STDERR_REDIRECT] [Fatal Error] :1:1: Premature end of file.
2026-08-08 00:22:06,325 [ERROR] LogOutputStream:74 - [STDERR_REDIRECT] 
2026-08-08 00:22:07,333 [ERROR] LogOutputStream:74 - [STDERR_REDIRECT] [Fatal Error] :1:1: Premature end of file.
2026-08-08 00:22:07,333 [ERROR] LogOutputStream:74 - [STDERR_REDIRECT] 
2026-08-08 00:22:08,342 [ERROR] LogOutputStream:74 - [STDERR_REDIRECT] [Fatal Error] :1:1: Premature end of file.
2026-08-08 00:22:08,342 [ERROR] LogOutputStream:74 - [STDERR_REDIRECT] 
2026-08-08 00:22:09,329 [ERROR] LogOutputStream:74 - [STDERR_REDIRECT] [Fatal Error] :1:1: Premature end of file.
2026-08-08 00:22:09,329 [ERROR] LogOutputStream:74 - [STDERR_REDIRECT] 
2026-08-08 00:22:10,324 [ERROR] LogOutputStream:74 - [STDERR_REDIRECT] [Fatal Error] :1:1: Premature end of file.
2026-08-08 00:22:10,325 [ERROR] LogOutputStream:74 - [STDERR_REDIRECT] 
2026-08-08 00:22:11,334 [ERROR] LogOutputStream:74 - [STDERR_REDIRECT] [Fatal Error] :1:1: Premature end of file.
2026-08-08 00:22:11,335 [ERROR] LogOutputStream:74 - [STDERR_REDIRECT] 
2026-08-08 00:22:12,328 [ERROR] LogOutputStream:74 - [STDERR_REDIRECT] [Fatal Error] :1:1: Premature end of file.
2026-08-08 00:22:12,329 [ERROR] LogOutputStream:74 - [STDERR_REDIRECT] 
2026-08-08 00:22:13,337 [ERROR] LogOutputStream:74 - [STDERR_REDIRECT] [Fatal Error] :1:1: Premature end of file.
2026-08-08 00:22:13,338 [ERROR] LogOutputStream:74 - [STDERR_REDIRECT] 
2026-08-08 00:22:14,330 [ERROR] LogOutputStream:74 - [STDERR_REDIRECT] [Fatal Error] :1:1: Premature end of file.
2026-08-08 00:22:14,330 [ERROR] LogOutputStream:74 - [STDERR_REDIRECT] 
2026-08-08 00:22:15,343 [ERROR] LogOutputStream:74 - [STDERR_REDIRECT] [Fatal Error] :1:1: Premature end of file.
2026-08-08 00:22:15,344 [ERROR] LogOutputStream:74 - [STDERR_REDIRECT] 
2026-08-08 00:22:16,346 [ERROR] LogOutputStream:74 - [STDERR_REDIRECT] [Fatal Error] :1:1: Premature end of file.
2026-08-08 00:22:16,347 [ERROR] LogOutputStream:74 - [STDERR_REDIRECT] 
2026-08-08 00:22:17,339 [ERROR] LogOutputStream:74 - [STDERR_REDIRECT] [Fatal Error] :1:1: Premature end of file.
2026-08-08 00:22:17,339 [ERROR] LogOutputStream:74 - [STDERR_REDIRECT] 
2026-08-08 00:22:18,711 [ERROR] LogOutputStream:74 - [STDERR_REDIRECT] [Fatal Error] :1:1: Premature end of file.
2026-08-08 00:22:18,711 [ERROR] LogOutputStream:74 - [STDERR_REDIRECT] 
2026-08-08 00:22:19,337 [ERROR] LogOutputStream:74 - [STDERR_REDIRECT] [Fatal Error] :1:1: Premature end of file.
2026-08-08 00:22:19,337 [ERROR] LogOutputStream:74 - [STDERR_REDIRECT] 
2026-08-08 00:22:20,338 [ERROR] LogOutputStream:74 - [STDERR_REDIRECT] [Fatal Error] :1:1: Premature end of file.
2026-08-08 00:22:20,338 [ERROR] LogOutputStream:74 - [STDERR_REDIRECT] 
2026-08-08 00:22:21,340 [ERROR] LogOutputStream:74 - [STDERR_REDIRECT] [Fatal Error] :1:1: Premature end of file.
2026-08-08 00:22:21,340 [ERROR] LogOutputStream:74 - [STDERR_REDIRECT] 
2026-08-08 00:22:22,642 [ERROR] LogOutputStream:74 - [STDERR_REDIRECT] [Fatal Error] :1:1: Premature end of file.
2026-08-08 00:22:22,643 [ERROR] LogOutputStream:74 - [STDERR_REDIRECT] 
2026-08-08 00:22:23,348 [ERROR] LogOutputStream:74 - [STDERR_REDIRECT] [Fatal Error] :1:1: Premature end of file.
2026-08-08 00:22:23,348 [ERROR] LogOutputStream:74 - [STDERR_REDIRECT] 
2026-08-08 00:22:24,327 [ERROR] LogOutputStream:74 - [STDERR_REDIRECT] [Fatal Error] :1:1: Premature end of file.
2026-08-08 00:22:24,327 [ERROR] LogOutputStream:74 - [STDERR_REDIRECT] 
2026-08-08 00:22:25,334 [ERROR] LogOutputStream:74 - [STDERR_REDIRECT] [Fatal Error] :1:1: Premature end of file.
2026-08-08 00:22:25,334 [ERROR] LogOutputStream:74 - [STDERR_REDIRECT] 
2026-08-08 00:22:26,342 [ERROR] LogOutputStream:74 - [STDERR_REDIRECT] [Fatal Error] :1:1: Premature end of file.
2026-08-08 00:22:26,342 [ERROR] LogOutputStream:74 - [STDERR_REDIRECT] 
2026-08-08 00:22:27,327 [ERROR] LogOutputStream:74 - [STDERR_REDIRECT] [Fatal Error] :1:1: Premature end of file.
2026-08-08 00:22:27,327 [ERROR] LogOutputStream:74 - [STDERR_REDIRECT] 
2026-08-08 00:22:28,327 [ERROR] LogOutputStream:74 - [STDERR_REDIRECT] [Fatal Error] :1:1: Premature end of file.
2026-08-08 00:22:28,327 [ERROR] LogOutputStream:74 - [STDERR_REDIRECT] 
2026-08-08 00:22:29,327 [ERROR] LogOutputStream:74 - [STDERR_REDIRECT] [Fatal Error] :1:1: Premature end of file.
2026-08-08 00:22:29,327 [ERROR] LogOutputStream:74 - [STDERR_REDIRECT] 
2026-08-08 00:22:30,351 [ERROR] LogOutputStream:74 - [STDERR_REDIRECT] [Fatal Error] :1:1: Premature end of file.
2026-08-08 00:22:30,352 [ERROR] LogOutputStream:74 - [STDERR_REDIRECT] 
2026-08-08 00:22:31,344 [ERROR] LogOutputStream:74 - [STDERR_REDIRECT] [Fatal Error] :1:1: Premature end of file.
2026-08-08 00:22:31,344 [ERROR] LogOutputStream:74 - [STDERR_REDIRECT] 
2026-08-08 00:22:32,335 [ERROR] LogOutputStream:74 - [STDERR_REDIRECT] [Fatal Error] :1:1: Premature end of file.
2026-08-08 00:22:32,335 [ERROR] LogOutputStream:74 - [STDERR_REDIRECT] 
2026-08-08 00:22:33,364 [ERROR] LogOutputStream:74 - [STDERR_REDIRECT] [Fatal Error] :1:1: Premature end of file.
2026-08-08 00:22:33,366 [ERROR] LogOutputStream:74 - [STDERR_REDIRECT] 
2026-08-08 00:22:34,337 [ERROR] LogOutputStream:74 - [STDERR_REDIRECT] [Fatal Error] :1:1: Premature end of file.
2026-08-08 00:22:34,338 [ERROR] LogOutputStream:74 - [STDERR_REDIRECT] 
2026-08-08 00:22:35,341 [ERROR] LogOutputStream:74 - [STDERR_REDIRECT] [Fatal Error] :1:1: Premature end of file.
2026-08-08 00:22:35,341 [ERROR] LogOutputStream:74 - [STDERR_REDIRECT] 
2026-08-08 00:22:36,337 [ERROR] LogOutputStream:74 - [STDERR_REDIRECT] [Fatal Error] :1:1: Premature end of file.
2026-08-08 00:22:36,337 [ERROR] LogOutputStream:74 - [STDERR_REDIRECT] 
2026-08-08 00:22:37,330 [ERROR] LogOutputStream:74 - [STDERR_REDIRECT] [Fatal Error] :1:1: Premature end of file.
2026-08-08 00:22:37,330 [ERROR] LogOutputStream:74 - [STDERR_REDIRECT] 
2026-08-08 00:22:38,330 [ERROR] LogOutputStream:74 - [STDERR_REDIRECT] [Fatal Error] :1:1: Premature end of file.
2026-08-08 00:22:38,330 [ERROR] LogOutputStream:74 - [STDERR_REDIRECT] 
2026-08-08 00:22:39,340 [ERROR] LogOutputStream:74 - [STDERR_REDIRECT] [Fatal Error] :1:1: Premature end of file.
2026-08-08 00:22:39,340 [ERROR] LogOutputStream:74 - [STDERR_REDIRECT] 
2026-08-08 00:22:40,341 [ERROR] LogOutputStream:74 - [STDERR_REDIRECT] [Fatal Error] :1:1: Premature end of file.
2026-08-08 00:22:40,342 [ERROR] LogOutputStream:74 - [STDERR_REDIRECT] 
2026-08-08 00:22:41,332 [ERROR] LogOutputStream:74 - [STDERR_REDIRECT] [Fatal Error] :1:1: Premature end of file.
2026-08-08 00:22:41,333 [ERROR] LogOutputStream:74 - [STDERR_REDIRECT] 
2026-08-08 00:22:42,343 [ERROR] LogOutputStream:74 - [STDERR_REDIRECT] [Fatal Error] :1:1: Premature end of file.
2026-08-08 00:22:42,343 [ERROR] LogOutputStream:74 - [STDERR_REDIRECT] 
2026-08-08 00:22:43,329 [ERROR] LogOutputStream:74 - [STDERR_REDIRECT] [Fatal Error] :1:1: Premature end of file.
2026-08-08 00:22:43,330 [ERROR] LogOutputStream:74 - [STDERR_REDIRECT] 
2026-08-08 00:22:44,339 [ERROR] LogOutputStream:74 - [STDERR_REDIRECT] [Fatal Error] :1:1: Premature end of file.
2026-08-08 00:22:44,340 [ERROR] LogOutputStream:74 - [STDERR_REDIRECT] 
2026-08-08 00:22:45,331 [ERROR] LogOutputStream:74 - [STDERR_REDIRECT] [Fatal Error] :1:1: Premature end of file.
2026-08-08 00:22:45,332 [ERROR] LogOutputStream:74 - [STDERR_REDIRECT] 
2026-08-08 00:22:46,333 [ERROR] LogOutputStream:74 - [STDERR_REDIRECT] [Fatal Error] :1:1: Premature end of file.
2026-08-08 00:22:46,334 [ERROR] LogOutputStream:74 - [STDERR_REDIRECT] 
2026-08-08 00:22:47,341 [ERROR] LogOutputStream:74 - [STDERR_REDIRECT] [Fatal Error] :1:1: Premature end of file.
2026-08-08 00:22:47,341 [ERROR] LogOutputStream:74 - [STDERR_REDIRECT] 
2026-08-08 00:22:48,338 [ERROR] LogOutputStream:74 - [STDERR_REDIRECT] [Fatal Error] :1:1: Premature end of file.
2026-08-08 00:22:48,339 [ERROR] LogOutputStream:74 - [STDERR_REDIRECT] 
2026-08-08 00:22:49,334 [ERROR] LogOutputStream:74 - [STDERR_REDIRECT] [Fatal Error] :1:1: Premature end of file.
2026-08-08 00:22:49,334 [ERROR] LogOutputStream:74 - [STDERR_REDIRECT] 
2026-08-08 00:22:50,332 [ERROR] LogOutputStream:74 - [STDERR_REDIRECT] [Fatal Error] :1:1: Premature end of file.
2026-08-08 00:22:50,333 [ERROR] LogOutputStream:74 - [STDERR_REDIRECT] 
2026-08-08 00:22:51,330 [ERROR] LogOutputStream:74 - [STDERR_REDIRECT] [Fatal Error] :1:1: Premature end of file.
2026-08-08 00:22:51,330 [ERROR] LogOutputStream:74 - [STDERR_REDIRECT] 
2026-08-08 00:22:52,337 [ERROR] LogOutputStream:74 - [STDERR_REDIRECT] [Fatal Error] :1:1: Premature end of file.
2026-08-08 00:22:52,337 [ERROR] LogOutputStream:74 - [STDERR_REDIRECT] 
2026-08-08 00:22:53,340 [ERROR] LogOutputStream:74 - [STDERR_REDIRECT] [Fatal Error] :1:1: Premature end of file.
2026-08-08 00:22:53,340 [ERROR] LogOutputStream:74 - [STDERR_REDIRECT] 
2026-08-08 00:22:54,338 [ERROR] LogOutputStream:74 - [STDERR_REDIRECT] [Fatal Error] :1:1: Premature end of file.
2026-08-08 00:22:54,339 [ERROR] LogOutputStream:74 - [STDERR_REDIRECT] 
2026-08-08 00:22:55,341 [ERROR] LogOutputStream:74 - [STDERR_REDIRECT] [Fatal Error] :1:1: Premature end of file.
2026-08-08 00:22:55,341 [ERROR] LogOutputStream:74 - [STDERR_REDIRECT] 
2026-08-08 00:22:56,327 [ERROR] LogOutputStream:74 - [STDERR_REDIRECT] [Fatal Error] :1:1: Premature end of file.
2026-08-08 00:22:56,328 [ERROR] LogOutputStream:74 - [STDERR_REDIRECT] 
2026-08-08 00:22:57,343 [ERROR] LogOutputStream:74 - [STDERR_REDIRECT] [Fatal Error] :1:1: Premature end of file.
2026-08-08 00:22:57,343 [ERROR] LogOutputStream:74 - [STDERR_REDIRECT] 
2026-08-08 00:22:58,340 [ERROR] LogOutputStream:74 - [STDERR_REDIRECT] [Fatal Error] :1:1: Premature end of file.
2026-08-08 00:22:58,341 [ERROR] LogOutputStream:74 - [STDERR_REDIRECT] 
2026-08-08 00:22:59,336 [ERROR] LogOutputStream:74 - [STDERR_REDIRECT] [Fatal Error] :1:1: Premature end of file.
2026-08-08 00:22:59,336 [ERROR] LogOutputStream:74 - [STDERR_REDIRECT] 
2026-08-08 00:23:00,339 [ERROR] LogOutputStream:74 - [STDERR_REDIRECT] [Fatal Error] :1:1: Premature end of file.
2026-08-08 00:23:00,339 [ERROR] LogOutputStream:74 - [STDERR_REDIRECT] 
2026-08-08 00:23:01,341 [ERROR] LogOutputStream:74 - [STDERR_REDIRECT] [Fatal Error] :1:1: Premature end of file.
2026-08-08 00:23:01,341 [ERROR] LogOutputStream:74 - [STDERR_REDIRECT] 
2026-08-08 00:23:02,335 [ERROR] LogOutputStream:74 - [STDERR_REDIRECT] [Fatal Error] :1:1: Premature end of file.
2026-08-08 00:23:02,336 [ERROR] LogOutputStream:74 - [STDERR_REDIRECT] 
2026-08-08 00:23:03,339 [ERROR] LogOutputStream:74 - [STDERR_REDIRECT] [Fatal Error] :1:1: Premature end of file.
2026-08-08 00:23:03,339 [ERROR] LogOutputStream:74 - [STDERR_REDIRECT] 
2026-08-08 00:23:04,344 [ERROR] LogOutputStream:74 - [STDERR_REDIRECT] [Fatal Error] :1:1: Premature end of file.
2026-08-08 00:23:04,344 [ERROR] LogOutputStream:74 - [STDERR_REDIRECT] 
2026-08-08 00:23:05,348 [ERROR] LogOutputStream:74 - [STDERR_REDIRECT] [Fatal Error] :1:1: Premature end of file.
2026-08-08 00:23:05,348 [ERROR] LogOutputStream:74 - [STDERR_REDIRECT] 
2026-08-08 00:23:06,736 [ERROR] LogOutputStream:74 - [STDERR_REDIRECT] [Fatal Error] :1:1: Premature end of file.
2026-08-08 00:23:06,737 [ERROR] LogOutputStream:74 - [STDERR_REDIRECT] 
2026-08-08 00:23:07,358 [ERROR] LogOutputStream:74 - [STDERR_REDIRECT] [Fatal Error] :1:1: Premature end of file.
2026-08-08 00:23:07,359 [ERROR] LogOutputStream:74 - [STDERR_REDIRECT] 
2026-08-08 00:23:08,373 [ERROR] LogOutputStream:74 - [STDERR_REDIRECT] [Fatal Error] :1:1: Premature end of file.
2026-08-08 00:23:08,373 [ERROR] LogOutputStream:74 - [STDERR_REDIRECT] 
2026-08-08 00:23:09,337 [ERROR] LogOutputStream:74 - [STDERR_REDIRECT] [Fatal Error] :1:1: Premature end of file.
2026-08-08 00:23:09,339 [ERROR] LogOutputStream:74 - [STDERR_REDIRECT] 
2026-08-08 00:23:10,345 [ERROR] LogOutputStream:74 - [STDERR_REDIRECT] [Fatal Error] :1:1: Premature end of file.
2026-08-08 00:23:10,346 [ERROR] LogOutputStream:74 - [STDERR_REDIRECT] 
2026-08-08 00:23:11,341 [ERROR] LogOutputStream:74 - [STDERR_REDIRECT] [Fatal Error] :1:1: Premature end of file.
2026-08-08 00:23:11,341 [ERROR] LogOutputStream:74 - [STDERR_REDIRECT] 
2026-08-08 00:23:12,349 [ERROR] LogOutputStream:74 - [STDERR_REDIRECT] [Fatal Error] :1:1: Premature end of file.
2026-08-08 00:23:12,350 [ERROR] LogOutputStream:74 - [STDERR_REDIRECT] 
2026-08-08 00:23:13,338 [ERROR] LogOutputStream:74 - [STDERR_REDIRECT] [Fatal Error] :1:1: Premature end of file.
2026-08-08 00:23:13,339 [ERROR] LogOutputStream:74 - [STDERR_REDIRECT] 
2026-08-08 00:23:14,345 [ERROR] LogOutputStream:74 - [STDERR_REDIRECT] [Fatal Error] :1:1: Premature end of file.
2026-08-08 00:23:14,345 [ERROR] LogOutputStream:74 - [STDERR_REDIRECT] 
2026-08-08 00:23:15,334 [ERROR] LogOutputStream:74 - [STDERR_REDIRECT] [Fatal Error] :1:1: Premature end of file.
2026-08-08 00:23:15,334 [ERROR] LogOutputStream:74 - [STDERR_REDIRECT] 
2026-08-08 00:23:16,336 [ERROR] LogOutputStream:74 - [STDERR_REDIRECT] [Fatal Error] :1:1: Premature end of file.
2026-08-08 00:23:16,337 [ERROR] LogOutputStream:74 - [STDERR_REDIRECT] 
2026-08-08 00:23:17,331 [ERROR] LogOutputStream:74 - [STDERR_REDIRECT] [Fatal Error] :1:1: Premature end of file.
2026-08-08 00:23:17,331 [ERROR] LogOutputStream:74 - [STDERR_REDIRECT] 
2026-08-08 00:23:18,333 [ERROR] LogOutputStream:74 - [STDERR_REDIRECT] [Fatal Error] :1:1: Premature end of file.
2026-08-08 00:23:18,334 [ERROR] LogOutputStream:74 - [STDERR_REDIRECT] 
2026-08-08 00:23:19,331 [ERROR] LogOutputStream:74 - [STDERR_REDIRECT] [Fatal Error] :1:1: Premature end of file.
2026-08-08 00:23:19,332 [ERROR] LogOutputStream:74 - [STDERR_REDIRECT] 
2026-08-08 00:23:20,333 [ERROR] LogOutputStream:74 - [STDERR_REDIRECT] [Fatal Error] :1:1: Premature end of file.
2026-08-08 00:23:20,333 [ERROR] LogOutputStream:74 - [STDERR_REDIRECT] 
2026-08-08 00:23:21,342 [ERROR] LogOutputStream:74 - [STDERR_REDIRECT] [Fatal Error] :1:1: Premature end of file.
2026-08-08 00:23:21,343 [ERROR] LogOutputStream:74 - [STDERR_REDIRECT] 
2026-08-08 00:23:22,337 [ERROR] LogOutputStream:74 - [STDERR_REDIRECT] [Fatal Error] :1:1: Premature end of file.
2026-08-08 00:23:22,337 [ERROR] LogOutputStream:74 - [STDERR_REDIRECT] 
2026-08-08 00:23:23,341 [ERROR] LogOutputStream:74 - [STDERR_REDIRECT] [Fatal Error] :1:1: Premature end of file.
2026-08-08 00:23:23,341 [ERROR] LogOutputStream:74 - [STDERR_REDIRECT] 
2026-08-08 00:23:24,341 [ERROR] LogOutputStream:74 - [STDERR_REDIRECT] [Fatal Error] :1:1: Premature end of file.
2026-08-08 00:23:24,342 [ERROR] LogOutputStream:74 - [STDERR_REDIRECT] 
2026-08-08 00:23:25,343 [ERROR] LogOutputStream:74 - [STDERR_REDIRECT] [Fatal Error] :1:1: Premature end of file.
2026-08-08 00:23:25,344 [ERROR] LogOutputStream:74 - [STDERR_REDIRECT] 
2026-08-08 00:23:26,343 [ERROR] LogOutputStream:74 - [STDERR_REDIRECT] [Fatal Error] :1:1: Premature end of file.
2026-08-08 00:23:26,343 [ERROR] LogOutputStream:74 - [STDERR_REDIRECT] 
2026-08-08 00:23:27,343 [ERROR] LogOutputStream:74 - [STDERR_REDIRECT] [Fatal Error] :1:1: Premature end of file.
2026-08-08 00:23:27,343 [ERROR] LogOutputStream:74 - [STDERR_REDIRECT] 
2026-08-08 00:23:28,333 [ERROR] LogOutputStream:74 - [STDERR_REDIRECT] [Fatal Error] :1:1: Premature end of file.
2026-08-08 00:23:28,333 [ERROR] LogOutputStream:74 - [STDERR_REDIRECT] 
2026-08-08 00:23:29,339 [ERROR] LogOutputStream:74 - [STDERR_REDIRECT] [Fatal Error] :1:1: Premature end of file.
2026-08-08 00:23:29,339 [ERROR] LogOutputStream:74 - [STDERR_REDIRECT] 
2026-08-08 00:23:30,375 [ERROR] LogOutputStream:74 - [STDERR_REDIRECT] [Fatal Error] :1:1: Premature end of file.
2026-08-08 00:23:30,376 [ERROR] LogOutputStream:74 - [STDERR_REDIRECT] 
2026-08-08 00:23:31,348 [ERROR] LogOutputStream:74 - [STDERR_REDIRECT] [Fatal Error] :1:1: Premature end of file.
2026-08-08 00:23:31,349 [ERROR] LogOutputStream:74 - [STDERR_REDIRECT] 
2026-08-08 00:23:32,340 [ERROR] LogOutputStream:74 - [STDERR_REDIRECT] [Fatal Error] :1:1: Premature end of file.
2026-08-08 00:23:32,341 [ERROR] LogOutputStream:74 - [STDERR_REDIRECT] 
2026-08-08 00:23:33,341 [ERROR] LogOutputStream:74 - [STDERR_REDIRECT] [Fatal Error] :1:1: Premature end of file.
2026-08-08 00:23:33,341 [ERROR] LogOutputStream:74 - [STDERR_REDIRECT] 
2026-08-08 00:23:34,335 [ERROR] LogOutputStream:74 - [STDERR_REDIRECT] [Fatal Error] :1:1: Premature end of file.
2026-08-08 00:23:34,335 [ERROR] LogOutputStream:74 - [STDERR_REDIRECT] 
2026-08-08 00:23:35,345 [ERROR] LogOutputStream:74 - [STDERR_REDIRECT] [Fatal Error] :1:1: Premature end of file.
2026-08-08 00:23:35,346 [ERROR] LogOutputStream:74 - [STDERR_REDIRECT] 
2026-08-08 00:23:36,365 [ERROR] LogOutputStream:74 - [STDERR_REDIRECT] [Fatal Error] :1:1: Premature end of file.
2026-08-08 00:23:36,366 [ERROR] LogOutputStream:74 - [STDERR_REDIRECT] 
2026-08-08 00:23:37,376 [ERROR] LogOutputStream:74 - [STDERR_REDIRECT] [Fatal Error] :1:1: Premature end of file.
2026-08-08 00:23:37,376 [ERROR] LogOutputStream:74 - [STDERR_REDIRECT] 
2026-08-08 00:23:38,356 [ERROR] LogOutputStream:74 - [STDERR_REDIRECT] [Fatal Error] :1:1: Premature end of file.
2026-08-08 00:23:38,357 [ERROR] LogOutputStream:74 - [STDERR_REDIRECT] 
2026-08-08 00:23:39,346 [ERROR] LogOutputStream:74 - [STDERR_REDIRECT] [Fatal Error] :1:1: Premature end of file.
2026-08-08 00:23:39,346 [ERROR] LogOutputStream:74 - [STDERR_REDIRECT] 
2026-08-08 00:23:40,337 [ERROR] LogOutputStream:74 - [STDERR_REDIRECT] [Fatal Error] :1:1: Premature end of file.
2026-08-08 00:23:40,337 [ERROR] LogOutputStream:74 - [STDERR_REDIRECT] 
2026-08-08 00:23:41,343 [ERROR] LogOutputStream:74 - [STDERR_REDIRECT] [Fatal Error] :1:1: Premature end of file.
2026-08-08 00:23:41,343 [ERROR] LogOutputStream:74 - [STDERR_REDIRECT] 
2026-08-08 00:23:42,340 [ERROR] LogOutputStream:74 - [STDERR_REDIRECT] [Fatal Error] :1:1: Premature end of file.
2026-08-08 00:23:42,340 [ERROR] LogOutputStream:74 - [STDERR_REDIRECT] 
2026-08-08 00:23:43,749 [ERROR] LogOutputStream:74 - [STDERR_REDIRECT] [Fatal Error] :1:1: Premature end of file.
2026-08-08 00:23:43,750 [ERROR] LogOutputStream:74 - [STDERR_REDIRECT] 
2026-08-08 00:23:44,352 [ERROR] LogOutputStream:74 - [STDERR_REDIRECT] [Fatal Error] :1:1: Premature end of file.
2026-08-08 00:23:44,352 [ERROR] LogOutputStream:74 - [STDERR_REDIRECT] 
2026-08-08 00:23:45,336 [ERROR] LogOutputStream:74 - [STDERR_REDIRECT] [Fatal Error] :1:1: Premature end of file.
2026-08-08 00:23:45,336 [ERROR] LogOutputStream:74 - [STDERR_REDIRECT] 
2026-08-08 00:23:46,351 [ERROR] LogOutputStream:74 - [STDERR_REDIRECT] [Fatal Error] :1:1: Premature end of file.
2026-08-08 00:23:46,352 [ERROR] LogOutputStream:74 - [STDERR_REDIRECT] 
2026-08-08 00:23:47,358 [ERROR] LogOutputStream:74 - [STDERR_REDIRECT] [Fatal Error] :1:1: Premature end of file.
2026-08-08 00:23:47,358 [ERROR] LogOutputStream:74 - [STDERR_REDIRECT] 
2026-08-08 00:23:48,345 [ERROR] LogOutputStream:74 - [STDERR_REDIRECT] [Fatal Error] :1:1: Premature end of file.
2026-08-08 00:23:48,345 [ERROR] LogOutputStream:74 - [STDERR_REDIRECT] 
2026-08-08 00:23:49,351 [ERROR] LogOutputStream:74 - [STDERR_REDIRECT] [Fatal Error] :1:1: Premature end of file.
2026-08-08 00:23:49,351 [ERROR] LogOutputStream:74 - [STDERR_REDIRECT] 
2026-08-08 00:23:50,336 [ERROR] LogOutputStream:74 - [STDERR_REDIRECT] [Fatal Error] :1:1: Premature end of file.
2026-08-08 00:23:50,337 [ERROR] LogOutputStream:74 - [STDERR_REDIRECT] 
2026-08-08 00:23:51,343 [ERROR] LogOutputStream:74 - [STDERR_REDIRECT] [Fatal Error] :1:1: Premature end of file.
2026-08-08 00:23:51,343 [ERROR] LogOutputStream:74 - [STDERR_REDIRECT] 
